subject,pe,se,lz,hjorth_mob,hjorth_cplx,p300
sub-021,0.4928178290580529,0.2769240224852304,0.4110478627265517,0.10612494023861573,2.325967374899037,-2.1370380825513428e-05
sub-021,0.5127279331817586,0.24082665517027577,0.4110478627265517,0.12428212251448854,1.9957169353658066,-5.580491740401723e-06
sub-021,0.5196753579480429,0.3596555720768702,0.49325743527186205,0.11937467568056975,2.112981618519813,-1.2603553127113986e-05
sub-021,0.5185299387581237,0.4173842003453747,0.4110478627265517,0.12841844729865798,2.150398437950785,-6.363264005370803e-06
sub-021,0.6156769380791648,0.504405055963068,0.49325743527186205,0.17724557050147507,1.912146186179032,-1.1737329818305552e-05
sub-021,0.529224986254809,0.3087354816496133,0.4110478627265517,0.11037801612750807,2.0221537743074087,-1.1625312753282798e-06
sub-021,0.5837676153804868,0.2805135829731684,0.4110478627265517,0.11675117813114952,2.059465955044524,-7.333484271371e-06
sub-021,0.4683523188072587,0.28895030343977607,0.4110478627265517,0.10150458789012115,1.7505377925070778,1.3504290424695552e-06
sub-021,0.6122386799993341,0.3194981176364409,0.5754670078171724,0.11133828324889518,2.5072489950447676,2.0435445134199113e-05
sub-021,0.5256666561903609,0.42199441005937505,0.49325743527186205,0.18290644242735873,1.3002947686960349,4.4230587939338685e-07
sub-021,0.5727098389396168,0.20007827838321368,0.32883829018124133,0.09529347815616712,2.910892100139805,7.33028037809878e-06
sub-021,0.6076308150108348,0.2555625230296683,0.4110478627265517,0.08720182119144612,3.3248758756553545,2.2722044594685445e-06
sub-021,0.5236228166082872,0.3757893399620478,0.4110478627265517,0.13333754997848715,1.493428569812587,-3.4054635660816947e-06
sub-021,0.4413932850972236,0.23471653687186828,0.32883829018124133,0.10082574478454595,2.335184022144475,2.6840391529864794e-07
sub-021,0.5580861450245486,0.3090048419206021,0.32883829018124133,0.11224528385448983,1.6169643388434538,4.836366237260192e-06
sub-021,0.5691524128025661,0.2344007058388443,0.32883829018124133,0.11592925786269033,2.2661353367362245,9.412191061437908e-06
sub-021,0.5127279331817586,0.235611626286239,0.4110478627265517,0.12113460599229495,1.600597946736848,1.952223917373371e-06
sub-021,0.5718220282306016,0.28563917082198065,0.24662871763593103,0.10114123991785799,2.1854491492118315,-1.5245711213533054e-06
sub-021,0.5249096607162105,0.36593426935152906,0.32883829018124133,0.12060849430709011,1.637033850405779,3.489832594537409e-06
sub-021,0.5617623146491274,0.36936010346604814,0.49325743527186205,0.20685300457180117,1.3533553223714532,1.310408092242409e-06
sub-021,0.5473604773001101,0.48985250038571176,0.49325743527186205,0.19311318942870467,1.2539424787252158,1.75575325219215e-05
sub-021,0.490661848355847,0.3223502013976578,0.4110478627265517,0.12444642179348692,1.4354807701131016,-4.2477004317386445e-06
sub-021,0.5727098389396168,0.46262352194811296,0.4110478627265517,0.1501932213238364,1.519730922097257,-2.7668309919220676e-06
sub-021,0.5318754369193467,0.38064993898844046,0.49325743527186205,0.11531930363616648,2.0046295606560753,-5.339887745275774e-06
sub-021,0.47254566013576904,0.30759738215272237,0.49325743527186205,0.11620631182020283,1.6458563047945485,4.911326173565947e-07
sub-021,0.5502803436659474,0.450505833532468,0.6576765803624827,0.16856868488803073,1.5708480055574476,1.3995973768925226e-06
sub-021,0.533013806354497,0.26469255422708216,0.4110478627265517,0.08165354449402379,3.0592585174968994,-6.902517367328977e-06
sub-021,0.4970176400348177,0.3396773675701613,0.4110478627265517,0.11978653861209315,2.1773293884234155,1.3481886440844852e-05
sub-021,0.535834099193492,0.35020242943311486,0.4110478627265517,0.1291653400073641,1.6299324196110287,-1.4375424255123676e-05
sub-021,0.5796184071489213,0.1962478664921491,0.4110478627265517,0.12773937945660058,1.711306089825381,-6.887766313035425e-06
sub-021,0.5007558765056858,0.10148939617028299,0.24662871763593103,0.0635932745485126,3.3288310726222634,5.770634262769859e-06
sub-021,0.5727098389396168,0.46034171833399856,0.4110478627265517,0.16548460727852143,1.407586779115165,-2.498204898922935e-06
sub-021,0.47380685758633556,0.331645195872897,0.4110478627265517,0.1506420438591214,1.0175443834186906,-6.267526691999225e-06
sub-021,0.5384620265792534,0.4270375933622922,0.4110478627265517,0.1742465773984386,1.2458205797297581,-1.3756733383102923e-05
sub-021,0.5707108191664222,0.3044125007109904,0.32883829018124133,0.12313906249309313,2.135580267550448,-2.4407630019966638e-06
sub-021,0.5173292047124093,0.3483066942682157,0.4110478627265517,0.12466769859450146,1.439739194594261,1.9188768846815918e-05
sub-021,0.5430183535325669,0.22490153594510776,0.4110478627265517,0.1127855804612156,2.220914983048824,-8.543940138431046e-06
sub-021,0.5646821810149647,0.402562348450203,0.4110478627265517,0.17533655567717688,1.5010627742319653,-3.0583027952565147e-06
sub-021,0.5165763667725396,0.3867729750960119,0.4110478627265517,0.11246385243292713,2.4354100556728278,-8.912335578389696e-06
sub-021,0.5527439577492197,0.3798226774948267,0.32883829018124133,0.1371909412007691,2.1407525218509877,6.572010961228266e-06
sub-021,0.46085004905813765,0.4474293072071966,0.4110478627265517,0.1336766647450336,1.9464326078290928,1.2254077763688678e-05
sub-021,0.4142919403862452,0.24304991843101262,0.4110478627265517,0.1139118043676799,1.6307787669817653,1.3119313099718164e-06
sub-026,0.5434541628973574,0.2994309649408638,0.5754670078171724,0.11249545950369907,3.0138856266386735,8.982012624266537e-06
sub-026,0.5547505754535487,0.5260930958967791,0.4110478627265517,0.2257205378883227,1.128612252311245,-2.160703772936816e-06
sub-026,0.6159044319026156,0.3826069700321142,0.49325743527186205,0.2627850380402568,1.1868503441478684,7.726049405530563e-06
sub-026,0.6322728911891321,0.21622310846963594,0.6576765803624827,0.23354502208923958,1.2401820583112153,1.3758204977393287e-05
sub-026,0.6110433292371705,0.43332206261113054,0.4110478627265517,0.22323704725804142,1.3596610514795777,4.949325600807495e-07
sub-026,0.5112143629645954,0.44967120061266,0.49325743527186205,0.1712504696542009,1.2939604199079522,6.236512932852256e-06
sub-026,0.6378525176420436,0.41871033485818493,0.4110478627265517,0.17378212630834314,2.027828906551209,-5.739249012561607e-06
sub-026,0.5117193122120364,0.42407029593919876,0.5754670078171724,0.1449959253258762,1.7630488217326923,2.0355783705223992e-06
sub-026,0.6117294943091915,0.325422400434628,0.32883829018124133,0.18920252637109963,1.4862426027056648,6.217969092413985e-06
sub-026,0.5400684935393784,0.2838870014832293,0.4110478627265517,0.1145928621415176,2.286706744025323,1.7020581877111005e-06
sub-026,0.5707108191664222,0.48916412698481126,0.5754670078171724,0.2190414155236461,1.173996826469634,-3.3305617604595574e-06
sub-026,0.5727098389396168,0.4439313889359605,0.49325743527186205,0.1493111414917656,1.6897923481783736,-3.4999565034214533e-06
sub-026,0.594928194242335,0.3321338350226148,0.4110478627265517,0.14416038240750118,1.710183273527709,1.6073541905200892e-05
sub-026,0.5726626889456685,0.5455111817538806,0.5754670078171724,0.2976537723717492,1.0986526508281498,7.905103570292231e-06
sub-026,0.5671440611465248,0.29707181280161993,0.32883829018124133,0.15401151961829265,1.6570154924988905,1.091020465566661e-05
sub-026,0.5502803436659472,0.48835276791393206,0.49325743527186205,0.20547551048946786,1.3688319249062637,6.550329443098297e-06
sub-026,0.5318754369193467,0.3212730168878164,0.4110478627265517,0.14444424151802823,1.235902778839994,9.620078546532632e-06
sub-026,0.6138446705023917,0.6090640633494039,0.6576765803624827,0.2462445742170138,1.2344560648261622,8.350955051032497e-06
sub-026,0.577481681948828,0.5477813302884199,0.49325743527186205,0.19658316361847802,1.3978384576655025,1.1292472122923501e-06
sub-026,0.6177910265747998,0.5130957723005298,0.49325743527186205,0.23546479608813084,1.286836330274621,7.382508291598088e-06
sub-026,0.5185299387581237,0.35443362809571854,0.4110478627265517,0.1433500418331137,1.7865868202047284,1.375506675962806e-06
sub-026,0.565216569799904,0.37428218067147645,0.4110478627265517,0.17995281744018937,1.2789448116714404,6.676268775159453e-06
sub-026,0.47893055890846176,0.37985253225143806,0.4110478627265517,0.13829868573097384,1.4246224347648502,1.7449316285885003e-05
sub-026,0.6229241383788359,0.3858740986309947,0.6576765803624827,0.18443377051404095,1.59338551745949,1.6742252261538352e-05
sub-026,0.5779321200358947,0.34866750971503124,0.4110478627265517,0.13809526961155372,1.8615778224156734,1.7640302310448153e-06
sub-026,0.5527422237975074,0.4372138064227446,0.4110478627265517,0.17809384447752508,1.3747787205964488,1.2217023514167801e-05
sub-026,0.540130772664568,0.3128723212803394,0.4110478627265517,0.19364501110795077,1.4016854213508487,5.336680742822204e-06
sub-026,0.5384620265792534,0.5031035776720805,0.49325743527186205,0.19052264392154925,1.6583996964634125,6.49308899483579e-06
sub-026,0.4928178290580529,0.3140309021485324,0.24662871763593103,0.09934336754640927,2.46727462342804,4.451215843348011e-07
sub-026,0.5216698442412047,0.29849298855599654,0.4110478627265517,0.13010155745475255,1.339273070906613,-1.1495280595271645e-05
sub-026,0.5547505754535487,0.3836460607135246,0.49325743527186205,0.1664025384093505,1.320167374709753,-3.1869805868521416e-06
sub-026,0.5740172316891166,0.22793206804600688,0.4110478627265517,0.12256662496792176,1.60974494406654,6.5486770168355465e-06
sub-026,0.5691524128025661,0.2607262624632527,0.32883829018124133,0.14377251872402577,1.9075616354608849,4.041171645092254e-06
sub-026,0.5545261050778031,0.6359887667199967,0.5754670078171724,0.20757296241960163,1.2041405243624725,1.5884210297105783e-06
sub-026,0.5718220282306016,0.47519844612283957,0.49325743527186205,0.16336223247591047,1.4163815107353501,4.47756066764332e-06
sub-026,0.4970176400348177,0.3192304301867068,0.49325743527186205,0.1622586485111401,1.4494506681855002,-5.541519281997244e-06
sub-026,0.5949281942423349,0.46005329839256753,0.49325743527186205,0.20028177370386194,1.4048544567446892,-3.491131187258319e-06
sub-026,0.4902368043636884,0.3859930046953441,0.4110478627265517,0.14645986613793333,1.572654883081732,3.770090085078036e-06
sub-026,0.5318754369193467,0.38496658655982335,0.49325743527186205,0.18382088377062034,1.1425631187461243,-4.3193154235218045e-06
sub-026,0.5165763667725396,0.32016752759626926,0.49325743527186205,0.12406224746038974,2.333197157687233,7.260488431932939e-06
sub-026,0.6306435867459348,0.26262676610963365,0.32883829018124133,0.1245827561140948,2.1855397765198075,2.2551163028843476e-06
sub-026,0.6006737645600598,0.3933437475758196,0.5754670078171724,0.14656356405417598,1.9188853616892239,1.3957190673095148e-05
sub-019,0.4764939559586691,0.2626682620378517,0.32883829018124133,0.08139244455279293,2.9380904408242503,1.256592017482735e-06
sub-019,0.5195003171847205,0.3513978868378886,0.4110478627265517,0.17842612412681297,1.4819603202533096,-4.905410111938303e-06
sub-019,0.4891674804180187,0.19637331024960494,0.49325743527186205,0.16490416956280587,1.6829956106768265,-4.47897472752967e-06
sub-019,0.5752254580774614,0.40251089621073294,0.5754670078171724,0.20568623616738624,1.3909865625814748,-2.9548584617001196e-06
sub-019,0.5617623146491274,0.3420047541909387,0.4110478627265517,0.1371940986930867,1.4353254438343728,-6.328091944068025e-07
sub-019,0.5583790794098652,0.38853604600771635,0.5754670078171724,0.143062768056048,2.0354526050940325,5.8271056069858675e-06
sub-019,0.5225583250778879,0.1865859555804122,0.4110478627265517,0.11945277877416086,1.4486386750014681,4.485227043844161e-06
sub-019,0.5502803436659472,0.37515975861283546,0.4110478627265517,0.1364837324442088,1.572079929925158,-3.008896799399486e-06
sub-019,0.5917637973754214,0.4262270995565935,0.5754670078171724,0.19766342841926415,1.2860659691355822,-8.607871726671135e-07
sub-019,0.5828176720602659,0.30470376002121147,0.49325743527186205,0.11910017106203609,2.322212774387422,6.7339871418409e-06
sub-019,0.47254566013576904,0.3244238981050385,0.4110478627265517,0.14326284225312155,1.5991310164332886,9.013733734013977e-07
sub-019,0.5691524128025661,0.2546656378515617,0.24662871763593103,0.10507620350164514,2.6229189148336083,6.0772882852278036e-06
sub-019,0.6117294943091914,0.40123677199864327,0.4110478627265517,0.15092413042025757,1.6811932573095916,4.2883057133637794e-06
sub-019,0.4390476004859355,0.2544840030421851,0.32883829018124133,0.10095460222599653,1.446472246609002,-1.7203817174682497e-06
sub-019,0.5501959568383719,0.43413300297773616,0.49325743527186205,0.144466287697874,1.795056516961335,1.1934366126353639e-05
sub-019,0.4786740293879764,0.4274440148269396,0.4110478627265517,0.12994699893851858,1.4934370807681792,-1.8438111621272494e-06
sub-019,0.5547505754535487,0.44338434297045815,0.5754670078171724,0.18043182038488947,1.2984034092440238,8.765050635912047e-06
sub-019,0.46693810477219877,0.18464984655354572,0.32883829018124133,0.10003430449939599,1.202797108497287,-4.90732367856423e-06
sub-019,0.5261211495610538,0.17948582469316365,0.49325743527186205,0.113760430910993,1.4953025075168023,1.0815263852131874e-05
sub-010,0.5371491718780796,0.5482131558376111,0.6576765803624827,0.24585156778784747,1.1149990391060112,-1.009138717598362e-06
sub-010,0.5545261050778031,0.3579399662453191,0.5754670078171724,0.10605636848036551,2.4243189734395756,-6.426067448783153e-06
sub-010,0.593573651498887,0.45281122870536267,0.5754670078171724,0.19267916356265596,1.3364757476610272,-9.749137279943005e-07
sub-010,0.5962803134573204,0.6435502394205731,0.5754670078171724,0.30048319366128956,0.9259363183855843,-1.2726775767362136e-07
sub-010,0.5580861450245486,0.4529316453470881,0.4110478627265517,0.18980920051755293,1.342062301256925,-5.3423479083282145e-06
sub-010,0.5501959568383719,0.1498983700887279,0.4110478627265517,0.1125630286475252,2.6597702649639077,-2.025090637324507e-06
sub-010,0.5140283658616919,0.3900564827553194,0.4110478627265517,0.15008453971034535,1.6888277956264617,-2.524462364165035e-06
sub-010,0.5918835192978454,0.14385527596615852,0.49325743527186205,0.14718462857255663,1.8358196737986099,3.1553468577054837e-06
sub-010,0.6082923239269258,0.4448676559741933,0.4110478627265517,0.14897405109761552,1.9753893480284757,3.662469070387882e-06
sub-010,0.6156758503815998,0.6198749794536196,0.49325743527186205,0.20486329377188944,1.5157820414925467,1.295783592953041e-05
sub-010,0.5007588816879862,0.3184537311185346,0.4110478627265517,0.1419292356578137,1.68050429313231,-1.7128073925145584e-06
sub-010,0.6149896853095788,0.36166248544977136,0.6576765803624827,0.1752343591692511,1.7299450947192625,3.199301918340486e-06
sub-010,0.5935736514988871,0.4233663184374047,0.4110478627265517,0.1509925932229556,1.7023025898858624,7.383609877055993e-07
sub-010,0.5878174413030132,0.2966622482593652,0.5754670078171724,0.19504109281421933,1.3932206934940248,-2.260526007868513e-06
sub-010,0.5765800008209093,0.587786664902119,0.6576765803624827,0.26268052819331256,1.206419173959363,-6.643360713390664e-06
sub-010,0.5582608515966512,0.3537438231298735,0.49325743527186205,0.13182789304942488,1.8541313513994275,-1.3371315403591907e-05
sub-010,0.5563089818174048,0.49855553117417634,0.32883829018124133,0.20334315444915826,1.3105433200266432,-3.1103620384779172e-06
sub-010,0.5684158347112485,0.305175229899298,0.32883829018124133,0.14603497056077377,1.824356354838271,-1.073277299043421e-05
sub-010,0.5144947837199537,0.24285324612577264,0.32883829018124133,0.13191813123063525,1.7155778794196295,-5.270967634700901e-07
sub-010,0.5527422237975074,0.491407537908889,0.49325743527186205,0.14644658531711927,1.875261171828058,-1.9558095402038896e-06
sub-010,0.503998698162992,0.3995999886557664,0.5754670078171724,0.16201942109753747,1.4409613540772688,-1.3506457531191711e-05
sub-010,0.6110433292371705,0.4379642755011188,0.49325743527186205,0.1625871028662049,2.072791024008875,-7.386725818622137e-07
sub-010,0.5909818381699268,0.3172408746933253,0.4110478627265517,0.09859425032305846,2.6234888372539924,-9.481476475586633e-06
sub-010,0.6085664767048762,0.16315164068623442,0.4110478627265517,0.09472503085916904,2.923960505531977,-6.870212612686384e-06
sub-010,0.5574201908815842,0.4871431391224315,0.49325743527186205,0.16195809619537638,1.606456461967944,-2.49062901851163e-06
sub-010,0.6161850360717424,0.12921173148000623,0.4110478627265517,0.08661533671822001,3.0103640339105864,4.434493713182357e-06
sub-010,0.4764939559586691,0.2861471527336973,0.32883829018124133,0.16814939374270685,1.196652991436714,-5.573245791791969e-06
sub-010,0.6076308150108348,0.2928234719521996,0.4110478627265517,0.09016611136898613,3.704991024084137,-7.617340061130771e-06
sub-010,0.6189360413819871,0.2473540270648091,0.32883829018124133,0.1302504514767013,1.9823021930513967,5.332179855763666e-07
sub-010,0.5135099826693201,0.3475424603754599,0.4110478627265517,0.15276827619068806,1.950137544447972,-3.874930915794646e-06
sub-010,0.5913277174461157,0.6131044728864089,0.739886152907793,0.24637420161360107,1.3790345395722376,-3.2812850359087127e-07
sub-010,0.5462895804701012,0.32874355924955484,0.49325743527186205,0.14232351182831285,1.9672720048102061,-4.816238577940974e-06
sub-010,0.4469469084342476,0.4009504277536378,0.49325743527186205,0.12908218997004414,2.047484216366214,-2.6691461191372084e-06
sub-010,0.5814280380212363,0.36428919392397785,0.49325743527186205,0.1432385345118833,1.9178819128323268,-1.8779995936140785e-06
sub-010,0.572487982373566,0.5010694488206261,0.5754670078171724,0.22046717255931753,1.2242049394852126,6.345025233193424e-07
sub-010,0.5658530655794557,0.2803019651541584,0.5754670078171724,0.18864771600326333,1.5308292559497032,-5.251211845961707e-06
sub-010,0.5835647632213296,0.28001080195512945,0.4110478627265517,0.1243649648222695,2.2952490221254838,3.9900227129693274e-07
sub-010,0.45679696596695507,0.269273323041711,0.49325743527186205,0.07474022696408038,2.8571242425132146,-9.749118631405464e-06
sub-010,0.6036844589384266,0.3805487568436299,0.32883829018124133,0.13409564613647784,2.2765966460508036,4.196175406372037e-06
sub-017,0.6071698550609236,0.226687559748939,0.6576765803624827,0.2496255343914921,1.3024700528984412,-1.717137414194188e-06
sub-017,0.6138446705023917,0.4585749334221128,0.49325743527186205,0.23686701854654396,1.212760758037297,-1.3021598051322477e-06
sub-017,0.5771141162755501,0.4537836853789721,0.49325743527186205,0.18931168280013472,1.4584869269999032,-2.635550168247544e-06
sub-017,0.5617623146491274,0.20844376219392055,0.32883829018124133,0.12094254427924792,1.8495506206665575,1.2072872389403124e-06
sub-017,0.5580861450245486,0.4632846789969906,0.49325743527186205,0.15840931415386147,1.695719470915392,-9.306188083873809e-07
sub-017,0.5814280380212362,0.4342145213941503,0.49325743527186205,0.1323661920643914,2.306580927081757,-9.594816634740105e-09
sub-017,0.5940787227563603,0.5764229062518039,0.4110478627265517,0.23602854306244955,1.381605317144656,-5.9764652512116936e-06
sub-017,0.5022724519051495,0.4274440148269396,0.4110478627265517,0.14189482819619637,1.59038487387822,-1.846383541817405e-06
sub-017,0.5958298753702538,0.5123282536505257,0.6576765803624827,0.19036528266845293,1.4339617153822037,2.679856499869111e-06
sub-017,0.6101687041220221,0.48285177172358457,0.4110478627265517,0.1901994480459018,1.8624429454370788,2.707037233078239e-06
sub-017,0.477365142321613,0.3085034002653666,0.5754670078171724,0.12208558848742161,1.9759378278466904,1.311959493023623e-06
sub-017,0.5340782978848966,0.5130957723005298,0.5754670078171724,0.26547412094958306,1.0771453178475028,-5.341778504249543e-07
sub-017,0.47122906817951754,0.415278729556489,0.4110478627265517,0.15100025209114523,1.6819712463234728,4.561258942542845e-06
sub-017,0.5185299387581237,0.39147886613342453,0.32883829018124133,0.1367597693760791,1.922186003739442,-2.8082965174532395e-06
sub-017,0.5231834144583679,0.37985253225143806,0.32883829018124133,0.1273103461302784,1.7887015050781814,-5.897078441091652e-07
sub-017,0.5909818381699268,0.3223985094095509,0.4110478627265517,0.12293631876637358,2.286815359873713,5.932024103843721e-06
sub-017,0.611577171083243,0.4241572411203169,0.5754670078171724,0.22214710549833555,1.2110108034728135,3.8604994836055105e-06
sub-017,0.5791718141498696,0.5810298824392393,0.5754670078171724,0.25835810175951357,1.1558343289555257,-6.967473085757016e-07
sub-017,0.6110433292371705,0.5753641449035618,0.49325743527186205,0.21815399142085767,1.3744631706710493,7.472927941788698e-07
sub-017,0.5691524128025661,0.3690974639372896,0.4110478627265517,0.19107171600981546,1.434737805231127,5.865791228410346e-06
sub-017,0.6311381567404073,0.496436886313891,0.6576765803624827,0.24961078922015353,1.3574494299305293,7.41040918021397e-06
sub-017,0.5502803436659472,0.3513978868378886,0.49325743527186205,0.11294759546941502,2.270801822082822,1.7809310203085343e-06
sub-017,0.5332028158056714,0.3560168326941832,0.4110478627265517,0.18064020418852522,1.228879299706979,-4.408063122327014e-06
sub-017,0.5135099826693201,0.2657906509699277,0.6576765803624827,0.08381143861812744,3.3471189791046356,-4.380495923222141e-06
sub-017,0.5691524128025661,0.34364072609982554,0.4110478627265517,0.195835326857522,1.399653176949721,3.3938192378368417e-06
sub-017,0.5295754047118303,0.408006405536837,0.5754670078171724,0.18261177340106355,1.6534128200549791,-1.2133846507502536e-06
sub-017,0.6260005737986377,0.5405675929647281,0.5754670078171724,0.22081880257103273,1.5752610424041467,-5.723704536825166e-07
sub-017,0.6364560550752469,0.6931471805599453,0.49325743527186205,0.3048275418507628,1.1826731840752518,3.0597297710651824e-06
sub-017,0.6198507879750239,0.587786664902119,0.49325743527186205,0.20991461299623873,1.4710216549763606,4.225778119960534e-06
sub-017,0.5685843614123153,0.4444944520138996,0.5754670078171724,0.1941639790077806,1.6401640031198348,-1.912205485101123e-07
sub-017,0.5717902858090338,0.5108256237659907,0.4110478627265517,0.20136454589191308,1.4703866983424605,-5.162405386111789e-06
sub-017,0.572487982373566,0.5531011069142291,0.4110478627265517,0.18701112952860063,1.4440048859192183,1.6302418349278795e-06
sub-017,0.5340771952970603,0.3585481883204128,0.4110478627265517,0.12862382446313347,1.4363176789771612,-1.2927296010508047e-06
sub-017,0.6387820163933331,0.38776553100876343,0.49325743527186205,0.17080045924871265,1.9118269080534032,5.060176287770152e-06
sub-017,0.5574201908815842,0.21248625684022168,0.4110478627265517,0.16578749568459183,1.5120037582276835,-9.407811485366598e-07
sub-017,0.5545261050778031,0.3464667673462086,0.49325743527186205,0.203500859247816,1.2963007668208995,7.894358385523228e-06
sub-017,0.534515670506845,0.5540343780972276,0.49325743527186205,0.20532856177137315,1.1912216244794556,2.611830443285865e-06
sub-017,0.5909818381699268,0.5753641449035618,0.5754670078171724,0.2382451800235482,1.237635561525376,-2.5844697218204257e-06
sub-017,0.5878174413030132,0.48058573857627246,0.6576765803624827,0.29763895708180527,1.0825378234287786,-1.8107016675529824e-06
sub-028,0.5935736514988871,0.34454493434632416,0.32883829018124133,0.1593571117957289,1.6817948847390092,2.3262345140262113e-06
sub-028,0.5707108191664222,0.32365154819215153,0.32883829018124133,0.13535324502034582,1.8245419354442316,-1.4032724825109158e-06
sub-028,0.5743631109653055,0.6032908514380841,0.49325743527186205,0.24288116962614903,1.2732961451485822,-3.484371178906114e-06
sub-028,0.5146696954954989,0.325422400434628,0.4110478627265517,0.10192680897134668,1.9069609666671947,6.70955637461453e-08
sub-028,0.6548609618218476,0.33508431134636485,0.4110478627265517,0.12159413944317278,2.395334468757221,4.636045639898351e-06
sub-028,0.5918835192978454,0.2833624113072645,0.49325743527186205,0.19266300853189416,1.3344919229799184,-3.4984484696388015e-06
sub-028,0.5396804675314182,0.20351645720052114,0.32883829018124133,0.11678285478948106,1.7874348805276206,3.729075958172401e-06
sub-028,0.6156758503815998,0.29415458695739843,0.4110478627265517,0.10392206012974758,2.667225407274505,5.249695793129177e-06
sub-028,0.4647597101860063,0.29423947299793995,0.4110478627265517,0.09115910999429747,2.541762332685082,-2.88194650564585e-08
sub-028,0.5489175078558625,0.415221283053529,0.49325743527186205,0.1878399406616966,1.129003149620314,1.1670565715191673e-05
sub-028,0.5580861450245486,0.21689570037584677,0.32883829018124133,0.1001569436929102,1.8506663517159057,6.106424645505694e-06
sub-028,0.5332028158056714,0.41566927828240613,0.5754670078171724,0.178482363184939,1.016278366735448,-9.57147885013082e-06
sub-028,0.5909818381699268,0.24824034040048423,0.4110478627265517,0.1510633913662708,1.530174139105686,7.565457037750893e-06
sub-028,0.5384620265792534,0.4234836136108427,0.49325743527186205,0.18428150978950358,1.0951282714652226,-4.317060952077678e-06
sub-028,0.5092640523464914,0.3373536822490186,0.32883829018124133,0.13758363669139317,1.5448312382100915,-5.242583253391382e-06
sub-028,0.5056217857086768,0.31406882762497584,0.49325743527186205,0.12718479065565244,2.3880875411923372,8.676408396186355e-06
sub-028,0.5691524128025661,0.48068852934575196,0.4110478627265517,0.14036786182504662,1.7873323029260557,1.0361980112155631e-05
sub-028,0.5022724519051495,0.2700271372130601,0.4110478627265517,0.1314421025684933,1.5316556967127681,-3.71138097407695e-07
sub-028,0.6158321174716654,0.23077394017990135,0.32883829018124133,0.1401990935719877,1.582167522795707,8.69768774061361e-06
sub-028,0.5318754369193467,0.37792895029955914,0.5754670078171724,0.1634185667088889,1.4509012835211423,4.391427540659211e-06
sub-028,0.47893055890846176,0.29423947299793995,0.49325743527186205,0.18318140371608874,0.9291013386943411,-8.252860369897827e-06
sub-028,0.572487982373566,0.5496654570822546,0.49325743527186205,0.18840705154757525,1.2768803125126245,1.176143102325295e-05
sub-028,0.5563089818174047,0.3164314857377668,0.4110478627265517,0.16186321600176212,1.5523075509957442,-7.653846126604187e-06
sub-028,0.5835647632213296,0.30461113455222893,0.4110478627265517,0.19437600862042678,1.2487728780412348,3.439035026444124e-06
sub-028,0.6339061615696354,0.46676563397196014,0.4110478627265517,0.24540008694171883,1.3618738602613227,1.2369609353821922e-05
sub-028,0.4934566226889875,0.3101549283038396,0.4110478627265517,0.12548434712244588,1.6831538379983635,-4.990447030883105e-06
sub-028,0.5573884484600163,0.3431118773911117,0.5754670078171724,0.14677794883636863,1.8622501327286498,3.863556526104861e-06
sub-028,0.4935838211667353,0.3334916084830752,0.32883829018124133,0.1485105935528877,1.4279571377086837,2.288914152394228e-06
sub-028,0.5753693509041018,0.3221682485229503,0.49325743527186205,0.18853734841440303,1.3992679955485703,3.3120122404328065e-06
sub-028,0.47893055890846176,0.4848018503446855,0.49325743527186205,0.15636520941233487,1.2083571978285321,-3.287416902651861e-06
sub-028,0.5646821810149647,0.46689964330814443,0.5754670078171724,0.17168180963316343,1.4044837487917414,2.1989185909370867e-06
sub-028,0.49962296169462794,0.31458952537170526,0.4110478627265517,0.13519819437293534,1.7643040471087255,2.1433331610945316e-06
sub-028,0.4928178290580529,0.1969982712098875,0.5754670078171724,0.13960277264284035,1.2311139704290983,-7.209595074674459e-06
sub-028,0.534515670506845,0.23602945359036784,0.32883829018124133,0.13956143949957323,1.8402193735607308,-4.035619940527504e-06
sub-028,0.5723621907836566,0.3692620594442038,0.4110478627265517,0.14685934094792003,1.8971560310149251,7.3415312990126005e-06
sub-028,0.5462895804701012,0.34122283937981074,0.5754670078171724,0.13104579400784647,1.6496280187831516,-4.683146941500718e-06
sub-028,0.5617623146491274,0.4373584718841182,0.4110478627265517,0.1685931030354812,1.5215113200350434,9.225172170706922e-06
sub-028,0.5436843076755311,0.381014012244,0.4110478627265517,0.18183377133012346,1.0290322700063748,1.7598181195089414e-07
sub-028,0.6177910265747998,0.5092243423990169,0.5754670078171724,0.20395687973105042,1.4503108925842358,-1.3428940560515315e-05
sub-028,0.5068737234358001,0.31559086056885755,0.4110478627265517,0.12408989193313977,1.4448933988684132,-2.1166004549229474e-06
sub-028,0.5401242677287856,0.13086827520503896,0.49325743527186205,0.13453252322282278,1.6820575941450384,1.1898567922437028e-05
sub-043,0.5646821810149647,0.3832229593744436,0.49325743527186205,0.1024879044336534,2.6638773281734878,6.8351660485263885e-06
sub-043,0.572487982373566,0.479182684004732,0.32883829018124133,0.16048264200043574,1.7162603294095555,3.911317635746872e-06
sub-043,0.46821854811136715,0.40291733602936564,0.49325743527186205,0.14129393653669517,1.272763086394441,-1.3066578775417234e-05
sub-043,0.5583790794098652,0.351662402115188,0.4110478627265517,0.14215437301392533,1.9142750702135471,-4.19600984419267e-06
sub-043,0.5144541794396013,0.4121096508268329,0.49325743527186205,0.14445546812760063,1.4992486490190777,7.482452542855512e-06
sub-043,0.5502803436659474,0.3612100991041237,0.49325743527186205,0.14483935665009012,1.4616538347163157,-8.743508658737003e-06
sub-043,0.5583790794098652,0.284104251103897,0.4110478627265517,0.1764750705498115,1.4474772358813972,-2.3267151023482466e-06
sub-043,0.5749189128170351,0.3450498446092533,0.4110478627265517,0.13462686508102975,2.2050611773676456,-2.392161194666356e-06
sub-043,0.5342500374545599,0.2933478099874583,0.32883829018124133,0.11015097182193698,2.2638976436037237,7.787937082340967e-06
sub-043,0.53834038644849,0.4648885285789651,0.49325743527186205,0.1980521502586341,1.290232194699706,1.3566166679088156e-05
sub-043,0.5240601892302358,0.32228760162925646,0.32883829018124133,0.126594339004175,1.4693799153010338,-6.1015051020422305e-06
sub-043,0.4786740293879765,0.3265711656385013,0.49325743527186205,0.12976810211973847,1.1242840968224908,6.7882509829961516e-06
sub-043,0.5244838471383011,0.3020295208599224,0.4110478627265517,0.1311477444611609,1.668039226018667,8.232669607714739e-06
sub-043,0.5566903138216279,0.4940185054496094,0.49325743527186205,0.18117133390419213,1.564709675840853,1.5618479335747545e-05
sub-043,0.5707108191664222,0.30138091680994283,0.4110478627265517,0.1368917343707191,1.9106011877763087,-4.594736678987064e-06
sub-043,0.4786740293879764,0.31471074483970024,0.4110478627265517,0.13942989452033047,1.6256745159543464,1.3047924634667777e-05
sub-043,0.5140283658616919,0.276812400214877,0.4110478627265517,0.16516371948266081,1.1276363398239142,2.2204207384191547e-06
sub-043,0.5718220282306016,0.5280674302004967,0.5754670078171724,0.16357013426391845,1.8023388604402784,-4.286867308553789e-06
sub-043,0.529224986254809,0.45614659458430934,0.49325743527186205,0.1963096764899061,1.1573799143268098,-3.7567170759606715e-06
sub-043,0.5909818381699268,0.3420432816706683,0.49325743527186205,0.15265668620222236,1.5996679625679595,-1.580424626247296e-06
sub-043,0.5545261050778031,0.20430046351272993,0.32883829018124133,0.11936918883247181,1.8546198036806247,5.400934128619865e-06
sub-043,0.47893055890846176,0.4195074652312033,0.4110478627265517,0.12937143022104972,1.3931167714251405,9.818858807157902e-06
sub-043,0.47380685758633556,0.18729256951597498,0.32883829018124133,0.09821937155510063,1.5744729913161768,2.704930607796736e-06
sub-043,0.5340771952970603,0.2754119798599665,0.49325743527186205,0.12010323257077724,2.0755855872706195,1.6173445110133073e-06
sub-043,0.6189360413819871,0.20202662787328712,0.4110478627265517,0.19693954403362002,1.3733244691501425,1.3263178648142371e-05
sub-043,0.5042142142188898,0.12891386864363913,0.49325743527186205,0.14268428249140663,1.3209085664574813,-5.684032173807266e-06
sub-043,0.5439772420608477,0.35545468753350307,0.4110478627265517,0.12119349159036176,2.0213249416989907,9.224011561493317e-07
sub-043,0.5971555588644019,0.3528213746227423,0.32883829018124133,0.15431144845799666,1.6271019866644956,8.438472457154956e-06
sub-043,0.47122906817951754,0.23725121882488895,0.4110478627265517,0.13993338578048856,1.3905261298634775,1.4942092694941526e-05
sub-043,0.5340771952970603,0.26499066124971016,0.49325743527186205,0.16444948619390864,1.1534301152955808,-1.4106321263164733e-06
sub-043,0.5210392064167557,0.35092596611181065,0.4110478627265517,0.15905676551154882,1.4330141833251686,7.184629478933841e-06
sub-043,0.5545261050778031,0.31348271839651415,0.4110478627265517,0.1184942473196877,2.127799613738355,-1.7597949229922924e-07
sub-043,0.5718220282306016,0.3663251997708941,0.49325743527186205,0.13638816976099108,1.8522824741959067,1.3287501082829934e-05
sub-043,0.5962803134573204,0.31424909983650273,0.49325743527186205,0.18038574539860008,1.5206188800913525,-3.3101892711165177e-06
sub-043,0.5707108191664222,0.3997014033914143,0.32883829018124133,0.15715266331800923,1.7096010068987708,1.777344456917708e-05
sub-043,0.46693810477219877,0.33794390723266915,0.32883829018124133,0.1118496380245857,1.5606623726682605,-4.396801780203285e-06
sub-075,0.535834099193492,0.5273549257172012,0.5754670078171724,0.23095691662532924,1.1801692703581617,1.4637997556029541e-05
sub-075,0.49030039522907654,0.44123233196679545,0.49325743527186205,0.17140841464647116,1.4620212804284487,7.139541099182544e-07
sub-075,0.5371491718780796,0.2876820724517809,0.49325743527186205,0.18278889051662953,1.6864401315183488,5.537269727044711e-06
sub-075,0.5707108191664222,0.6433148068120695,0.49325743527186205,0.19813693570281773,1.4043006407155918,7.084611061769976e-06
sub-075,0.5574201908815841,0.495899973549315,0.5754670078171724,0.2157001030827031,1.2692686586713096,2.316948902434398e-06
sub-075,0.5197195336231006,0.2759611071536241,0.4110478627265517,0.12111424903347973,1.7942004098693167,7.403730344643726e-06
sub-075,0.5617623146491274,0.4283494019417522,0.4110478627265517,0.16742973426533364,1.4030739247862603,-6.777763719112452e-08
sub-075,0.5140283658616919,0.34165359536321055,0.49325743527186205,0.1227878649106591,1.920357533516866,-1.022667168334514e-05
sub-075,0.572487982373566,0.4630349599296422,0.5754670078171724,0.23956900332021672,1.2303457352867064,1.0650164929223505e-05
sub-075,0.586764028132674,0.38505623647695725,0.4110478627265517,0.16336539379381315,1.441542955666154,2.5469797605308146e-06
sub-075,0.5279118200183376,0.22745080851179014,0.24662871763593103,0.08260177099580916,3.913816231981952,4.391484051603913e-06
sub-075,0.5855489678931254,0.30472353830663257,0.4110478627265517,0.16158500894143024,1.683936691031808,8.888971144103072e-06
sub-075,0.6254869075106286,0.5254244231871433,0.49325743527186205,0.15827500310793396,2.2894805518148926,1.1562804536425621e-05
sub-075,0.5453800414705745,0.20421554142869083,0.4110478627265517,0.10119166828944606,2.390531854305286,6.749185374386816e-06
sub-075,0.5929337079491732,0.23799865230513398,0.32883829018124133,0.09834932681817253,2.520525592835847,4.340420555742656e-06
sub-075,0.5968800640215814,0.3726752852851735,0.4110478627265517,0.1584865935435884,1.720873382662774,1.5788374079660683e-06
sub-075,0.5384620265792534,0.4251701791874968,0.4110478627265517,0.15263443469717208,1.8538545887565363,6.649782343550474e-06
sub-075,0.5430183535325668,0.4679854650894983,0.49325743527186205,0.20740102942154856,1.2523309986318856,1.0356523564389753e-05
sub-075,0.5358785063169299,0.39653647736386294,0.49325743527186205,0.21057314159441035,1.2466624139511957,3.031084484137023e-06
sub-075,0.592333957384912,0.5027934520687264,0.5754670078171724,0.19334446873070293,1.3717805686056186,1.96129180732555e-05
sub-075,0.5989398254218053,0.5035263212843791,0.739886152907793,0.31572911516490165,1.0388679318943375,6.458684364997241e-06
sub-075,0.5727098389396168,0.40546510810816444,0.4110478627265517,0.15588693257523467,1.911730838364475,3.7115103659050638e-06
sub-075,0.6076308150108348,0.3322617040848694,0.6576765803624827,0.1833328479829437,1.7691462544058947,9.894643334093409e-06
sub-075,0.5502803436659472,0.496436886313891,0.5754670078171724,0.20992081328312664,1.3510432243987518,-3.020782947537396e-06
sub-075,0.5841660993914172,0.3888672166991266,0.4110478627265517,0.13704099913050433,2.221667765978038,8.298613987933794e-06
sub-075,0.592333957384912,0.33150533899287604,0.4110478627265517,0.16006478882343503,1.510906527111494,1.0899356669595502e-05
sub-075,0.536576630837663,0.5438864860268788,0.5754670078171724,0.15524398856405325,1.364859559344021,1.7641445824107482e-05
sub-075,0.536576630837663,0.4331166394386745,0.4110478627265517,0.16773569068437008,1.5088405772467635,1.0649989063992063e-05
sub-075,0.6348356603209249,0.20025925748062193,0.32883829018124133,0.13783238747574583,2.0628124404654615,1.980742318878724e-06
sub-075,0.6189360413819871,0.26199258633647,0.4110478627265517,0.1551059804342433,1.728953248185969,-6.3243704814023025e-06
sub-075,0.49030039522907654,0.39740054827143395,0.32883829018124133,0.12165620060592353,1.8370028939547263,9.337672533194945e-06
sub-075,0.5144541794396013,0.33930643785708814,0.49325743527186205,0.1318474450375554,1.6515114874335142,1.9861624688631824e-06
sub-075,0.5547505754535487,0.4638371143300716,0.32883829018124133,0.1540333969550614,1.7853641570433458,8.008607483416239e-06
sub-075,0.5707108191664222,0.325422400434628,0.4110478627265517,0.14094445765269545,1.6864941867206444,-4.890179453986734e-06
sub-075,0.5380246539573047,0.6202404097518576,0.5754670078171724,0.24264673258921207,1.1071823019439864,1.5058579027812679e-05
sub-075,0.5527439577492197,0.3431333769879951,0.4110478627265517,0.1486168872354005,2.0891345635478817,2.2692214667807585e-06
sub-075,0.5527422237975074,0.22580666873369348,0.4110478627265517,0.14904834113895749,1.5732193708175617,9.858533791949682e-06
sub-075,0.5778002813475711,0.6644370746775139,0.6576765803624827,0.25152825084671177,1.3038904073105109,6.0697857133497315e-06
sub-075,0.5620018617528243,0.23732818630616626,0.24662871763593103,0.08412366834468701,3.625715642386055,-3.4749831840893164e-06
sub-075,0.5196753579480429,0.40896773865936636,0.5754670078171724,0.19104250477900916,1.2876537025887318,1.4465625994873906e-06
sub-075,0.6110433292371705,0.4578330936254803,0.4110478627265517,0.20058185189187164,1.3940480721078035,-5.152902838465939e-07
sub-075,0.45431082267956513,0.26192957634936626,0.32883829018124133,0.1319835539561558,1.5899381280399072,1.9129028032147793e-05
sub-081,0.533013806354497,0.31481073984003355,0.4110478627265517,0.13785927985821497,1.7324133605930607,7.590623293997495e-07
sub-081,0.5646821810149647,0.2231435513142097,0.5754670078171724,0.17156943656726897,1.508697877539149,2.329015436948839e-06
sub-081,0.535834099193492,0.6840146969966728,0.5754670078171724,0.24447585935210517,1.130833288943544,8.41432008289399e-06
sub-081,0.6159044319026156,0.6007738604289302,0.739886152907793,0.22357814065921844,1.5258093491544302,8.832275974479935e-07
sub-081,0.5251251767721081,0.439598114477623,0.4110478627265517,0.1678297551249361,1.2647063636498297,2.591153618102562e-06
sub-081,0.5301308392246521,0.21800215181379104,0.24662871763593103,0.09120845392631145,2.512357762423406,4.053048792267741e-06
sub-081,0.6118262371418838,0.4712164856709448,0.4110478627265517,0.17516423866284847,1.855631962875998,6.010698071970011e-06
sub-081,0.6159044319026156,0.47999815997073125,0.49325743527186205,0.1781067988376155,1.5866385294724878,2.0038983981255295e-05
sub-081,0.6189360413819871,0.5607957290752713,0.6576765803624827,0.16869638768086054,1.755122352777614,8.49210002436017e-06
sub-081,0.498604122852447,0.3275035666384526,0.32883829018124133,0.1286739225796045,1.9131741259629893,-4.5289681821621206e-06
sub-081,0.6299469298710458,0.6403046991855653,0.5754670078171724,0.24283038472553722,1.39025797229432,3.4150412436706376e-06
sub-081,0.5252786301824007,0.38088286470282845,0.4110478627265517,0.13512907097060778,1.9603119440244268,-9.68456897556916e-06
sub-081,0.5221747934886456,0.3161972427598022,0.4110478627265517,0.15321855835515066,1.6330967376381647,1.09820637652371e-05
sub-081,0.5462895804701012,0.5238551240563246,0.49325743527186205,0.16326312649084554,1.417004468866506,-2.9193916211190987e-06
sub-016,0.5476046531546888,0.47907692545141034,0.5754670078171724,0.18832187894272542,1.5665657408725633,-2.0941348351596156e-06
sub-016,0.48300114141237827,0.34426954708124463,0.49325743527186205,0.12065655466746128,1.9336210474620283,-7.567837689241415e-06
sub-016,0.6196222064540079,0.4506571022995379,0.4110478627265517,0.1423539607172901,2.214270882174068,-3.618851291628591e-06
sub-016,0.48300114141237827,0.29576619085173994,0.4110478627265517,0.1374713147221244,1.6918627752572355,-5.204383921296634e-06
sub-016,0.6196222064540079,0.3983476403393005,0.49325743527186205,0.2001006409940167,1.4576021531898367,-2.8060164242896257e-06
sub-016,0.6110433292371705,0.32762262134423037,0.49325743527186205,0.12061081417738981,2.594278719906103,-3.988665235065394e-06
sub-016,0.46821854811136715,0.29783444391579894,0.49325743527186205,0.12321709953407523,1.427428392595756,-9.890125244721545e-07
sub-016,0.586764028132674,0.3463896732785589,0.4110478627265517,0.11001819987689997,2.5879598757246414,5.786900923794983e-07
sub-016,0.5563089818174048,0.25621880299599586,0.49325743527186205,0.10788723335009918,1.9874866299391323,1.5208030885428576e-06
sub-016,0.572487982373566,0.38822330167365837,0.4110478627265517,0.1879662778109623,1.4068003768575945,-4.743029719911548e-08
sub-016,0.572487982373566,0.480053965099237,0.5754670078171724,0.2077445273356239,1.241556955909719,2.9993243045446326e-08
sub-016,0.5796184071489213,0.4274440148269396,0.6576765803624827,0.18393859672379775,1.6471939127507143,1.2349429152313377e-07
sub-016,0.5935736514988871,0.4175134466243389,0.4110478627265517,0.1509952677214446,1.7841785638878027,-4.3609284849421925e-06
sub-016,0.6247272543374418,0.3357851874701745,0.32883829018124133,0.12979470249752964,2.2015874569382525,1.7667014487552564e-06
sub-016,0.511211357782295,0.2931257440329575,0.32883829018124133,0.0984590157467463,2.116365580095667,-7.953212405880572e-07
sub-016,0.5261211495610538,0.26199258633647,0.4110478627265517,0.13154493205360515,1.33173069405154,7.77441281802657e-06
sub-016,0.43043892899985664,0.26388633477655976,0.4110478627265517,0.12168190998212305,0.9946718176960606,1.0172974500071169e-05
sub-016,0.4816880396243356,0.3223502013976578,0.32883829018124133,0.1008407067194126,1.8521835064250416,-2.5701991455085935e-06
sub-016,0.608526772167552,0.6109090823229733,0.6576765803624827,0.20428283464859567,1.6070656989550094,-9.307401515781062e-07
sub-016,0.5419071444683873,0.3268219807890512,0.4110478627265517,0.16691335534976057,1.7267699929554452,-1.3295734990678726e-06
sub-016,0.5261211495610538,0.34566933010213036,0.32883829018124133,0.15268095853381763,1.6812177013858813,-4.03225453977343e-06
sub-016,0.635299968826895,0.3190045435808221,0.49325743527186205,0.1761883026540671,1.6476133304884297,-1.3852848175428028e-06
sub-016,0.5340771952970603,0.4013917827205285,0.49325743527186205,0.15149141519498835,2.0066407670750954,-8.150173225419909e-06
sub-016,0.5249096607162105,0.27311365662349035,0.4110478627265517,0.11944887563291544,1.679359600175605,5.819994838442892e-06
sub-016,0.5318754369193467,0.592767995252323,0.4110478627265517,0.21473103311174713,1.3140781430969886,-4.433333309605147e-06
sub-016,0.5574201908815842,0.15977961869945895,0.32883829018124133,0.10134731386952196,1.8924932125895493,-3.370595550078142e-06
sub-016,0.45740238971085684,0.18555257737540104,0.49325743527186205,0.1519116888457591,1.4596049790764292,-7.43529546168496e-06
sub-016,0.5909818381699268,0.3575795120691594,0.5754670078171724,0.12307305313489537,2.132342819746193,5.160808836974111e-06
sub-016,0.5092640523464914,0.3613697882429401,0.4110478627265517,0.14089551744338957,1.225585432456268,-2.5425478973090864e-06
sub-016,0.5547505754535487,0.42050298547270487,0.49325743527186205,0.16628186654165938,1.5199504877091305,-3.912607101466414e-07
sub-016,0.5140283658616919,0.252342706006472,0.32883829018124133,0.11257847178473991,1.7441497788783429,4.075966398253506e-06
sub-016,0.4342583445720311,0.3150810466398954,0.4110478627265517,0.1163696830110607,1.5895358297007045,-1.9386944226706447e-06
sub-016,0.6098983144299835,0.2876820724517809,0.49325743527186205,0.12731006383616017,1.8678737866965998,1.1444026381743718e-05
sub-016,0.5138072788813919,0.19393892988567096,0.32883829018124133,0.09026994045188783,1.5066101731886012,5.369744184582208e-06
sub-016,0.4865621587582085,0.3432878631562731,0.4110478627265517,0.2005647783308974,1.166575400538999,-5.347070609942756e-06
sub-016,0.5340771952970603,0.4754236967150748,0.49325743527186205,0.21507830135308617,1.2692309132569226,-2.180186339255083e-07
sub-016,0.5796184071489213,0.37156355643248296,0.49325743527186205,0.13456273297151763,2.294374711421108,6.12403673998141e-06
sub-016,0.535834099193492,0.24837324969008984,0.32883829018124133,0.10488143252254928,1.7645698657018056,5.647280847771366e-06
sub-016,0.5918835192978454,0.4700036292457356,0.5754670078171724,0.1812964060880791,1.6525224060742383,4.571033221842125e-06
sub-016,0.5691524128025661,0.36116484921158437,0.5754670078171724,0.22332639677361799,1.1230195465304509,7.412575983354479e-07
sub-016,0.5196753579480429,0.37094391373993124,0.4110478627265517,0.14564108257517314,1.6549866473642054,1.0843387223642453e-05
sub-016,0.47978132308707916,0.2696635669491026,0.4110478627265517,0.14901812252200428,1.1147393610089946,1.0371271625045979e-05
sub-029,0.6101687041220221,0.4807481685287127,0.49325743527186205,0.22648653748825445,1.6216569339845366,2.0191506523914747e-06
sub-029,0.5779321200358947,0.5465437063680699,0.49325743527186205,0.18440337232732976,1.3892512528899563,3.5505364788756923e-07
sub-029,0.577481681948828,0.453093157097419,0.49325743527186205,0.14027080559322697,1.7481434781459888,4.837861635643843e-06
sub-029,0.5186119690054797,0.3171479637948101,0.49325743527186205,0.16645283456009854,1.468457019377127,7.2028060513892675e-06
sub-029,0.4816880396243356,0.37821546566078884,0.4110478627265517,0.12591670567801366,1.5670790389763005,-6.394230459051421e-06
sub-029,0.5251251767721081,0.35446255365579166,0.4110478627265517,0.1290028057377259,1.4453986118973643,1.2602632428666141e-06
sub-029,0.6327371996951023,0.8754687373538999,0.739886152907793,0.30016465823207295,1.1180569357762589,-1.0055986584050811e-05
sub-029,0.49703624320275896,0.22476824704121168,0.32883829018124133,0.10563528747746743,2.429820372137976,-3.875238472981037e-06
sub-029,0.35237093912954887,0.302517138855722,0.4110478627265517,0.1073160260297487,2.569921757147414,1.0247711244022317e-05
sub-029,0.4712325583477264,0.34895289784482203,0.32883829018124133,0.12220146804259108,1.1146703245309175,2.0863560879943863e-06
sub-029,0.6483518366176466,0.4835666957933562,0.32883829018124133,0.21716905421055666,1.6399415805332151,-1.0717422698929497e-06
sub-029,0.5138072788813919,0.3496737484797488,0.4110478627265517,0.15373563225963424,1.288370038939011,4.095124447145824e-06
sub-029,0.488108196952862,0.2608090542006845,0.4110478627265517,0.15974908865892629,0.8362046262764725,2.190368917591579e-06
sub-029,0.572487982373566,0.453093157097419,0.5754670078171724,0.16219487889560796,1.5358191616123482,4.103504446364794e-06
sub-029,0.570852834822203,0.37686770095799155,0.32883829018124133,0.15564128766717228,1.7432689993476076,6.342122419794879e-06
sub-029,0.586764028132674,0.39465419200394874,0.4110478627265517,0.16678575905423257,1.3936875842593683,-1.0386103016051255e-06
sub-029,0.46085004905813765,0.35937400090789745,0.4110478627265517,0.13485604464216325,1.2613243694204401,-5.50421973054935e-06
sub-029,0.535834099193492,0.41273786743724405,0.6576765803624827,0.18725582836053326,1.2366671374232359,3.6574572225277237e-06
sub-029,0.5563089818174048,0.2864344116536257,0.5754670078171724,0.166409964684729,1.3219507319816821,-3.711163524770586e-06
sub-029,0.5958298753702538,0.3445767384331519,0.4110478627265517,0.15829175782888277,1.6943919218096541,-6.197537318101399e-06
sub-029,0.5251251767721081,0.18949004627256724,0.4110478627265517,0.1235435203810753,1.4982445243066074,-5.1746805171074564e-06
sub-029,0.5127279331817586,0.3559500435807838,0.32883829018124133,0.15357012507046078,1.2758083490777838,-1.2010328885522495e-06
sub-029,0.5654895407841538,0.12491064958061561,0.24662871763593103,0.11393812989543375,1.8475625853656255,-6.356217317287695e-06
sub-029,0.5691524128025661,0.3540571413966535,0.5754670078171724,0.14403168117377482,1.5113898685925922,1.0489507697638586e-05
sub-029,0.5726626889456685,0.3726752852851735,0.5754670078171724,0.2192522360000608,1.105396866332034,2.1896153852772648e-06
sub-029,0.5580861450245486,0.33719713697916154,0.32883829018124133,0.14839310318090912,1.9079690290447822,-2.1611110582832495e-06
sub-029,0.4816880396243356,0.42941834913065724,0.4110478627265517,0.1683228952635711,1.026080905583495,-1.7253407067907936e-06
sub-029,0.5146696954954989,0.3882867715730798,0.4110478627265517,0.13419632619498645,1.3243370055433203,-6.5245166110120145e-06
sub-029,0.5342500374545599,0.2611553181183523,0.4110478627265517,0.14933553496567942,1.579090136877384,1.8611152768417765e-06
sub-029,0.5878174413030132,0.3841877096608795,0.49325743527186205,0.1994673931618269,1.0847039338738,2.44533208089708e-06
sub-029,0.4669096610450037,0.2750396790366045,0.4110478627265517,0.15374902795472406,1.3254546460921208,6.579482768648463e-07
sub-029,0.5707108191664222,0.32228760162925646,0.49325743527186205,0.14661791690075146,1.7983549748189864,4.8642335368689716e-06
sub-029,0.5580861450245486,0.31424909983650273,0.49325743527186205,0.13332903045307354,1.729390569054018,-3.540630282540395e-06
sub-029,0.5547505754535487,0.36567685804975164,0.49325743527186205,0.13577885246191787,1.8501291032536546,-2.677463216616215e-06
sub-029,0.5462895804701012,0.43332206261113054,0.49325743527186205,0.19822607269547132,1.3414196161929834,-1.4596557828229023e-06
sub-029,0.4902368043636884,0.3756121449584833,0.4110478627265517,0.14277084720577357,1.166730369133986,-1.1673005646167378e-06
sub-029,0.5547505754535487,0.35925226495303286,0.4110478627265517,0.17082838934543076,1.4963996733277658,-5.166951708601164e-06
sub-029,0.5453800414705745,0.3953127366441464,0.5754670078171724,0.17467721996059984,1.2952674928980528,-4.324970757970584e-06
sub-011,0.6183353623460849,0.7091475219063865,0.5754670078171724,0.2713431360349163,1.2984175648496759,1.3005504927954646e-06
sub-011,0.6548609618218476,0.5080047474243494,0.49325743527186205,0.24279018893711082,1.4824687440737283,2.761678212140021e-06
sub-011,0.5929337079491732,0.427866044797331,0.4110478627265517,0.18661388848106714,1.445954028305161,1.1353994843069304e-05
sub-011,0.5779321200358947,0.6832948841169336,0.5754670078171724,0.32221385979690803,1.015655912806903,2.376796376142709e-06
sub-011,0.5958298753702537,0.4744579795951158,0.49325743527186205,0.17769262929339177,1.5250234137527166,1.1333464557019175e-05
sub-011,0.5818784761083029,0.40322546551465954,0.24662871763593103,0.12711442112356652,2.3086478335868623,4.333984799270477e-06
sub-011,0.6348356603209249,0.5125632436645314,0.4110478627265517,0.19836277108818232,1.5715287028615852,1.5115861913409167e-07
sub-011,0.6299469298710461,0.40162633180099877,0.4110478627265517,0.15109002667625387,2.14286519144832,-6.4392641628009405e-06
sub-011,0.47122906817951754,0.359854596856112,0.4110478627265517,0.15520395262422917,1.383266989770537,-6.946800524136534e-07
sub-011,0.6138446705023917,0.4878840545235839,0.4110478627265517,0.17798679809702164,1.6912158825941317,3.4962592950338433e-06
sub-011,0.5723621907836566,0.4182041338855942,0.4110478627265517,0.16777891355504232,1.722250487032415,3.2915495128868335e-06
sub-011,0.5198482001055424,0.41431472338514685,0.4110478627265517,0.13905376307485356,2.1406688424532767,-2.4907503548502145e-06
sub-011,0.5007558765056858,0.5389965007326869,0.5754670078171724,0.1932810848206263,1.1650831856120707,2.3172924292340142e-06
sub-011,0.5796184071489213,0.16544351900660298,0.49325743527186205,0.12294514170263741,2.1194248113385585,5.464406569337903e-06
sub-011,0.6117294943091914,0.5827233629455723,0.5754670078171724,0.194290276192459,1.5823265225884269,2.0272825146753224e-06
sub-011,0.5580861450245486,0.49844156456626915,0.5754670078171724,0.27034615251430405,1.1078639294268844,4.9430212911508085e-06
sub-011,0.5462895804701012,0.46190641901311613,0.4110478627265517,0.15479084739089333,2.0854768377707127,-3.0944633354808923e-07
sub-011,0.5734156039539958,0.35667494393873245,0.49325743527186205,0.15575533795603247,2.199845649679173,8.502234372548742e-06
sub-011,0.45740238971085684,0.4734380916943703,0.4110478627265517,0.14089627281535783,1.8047743061403274,2.1608892756306085e-06
sub-011,0.6364560550752469,0.23508608875746265,0.5754670078171724,0.13509588367403177,1.8381056756474146,-1.7010869086374732e-06
sub-011,0.6294815724197641,0.3746934494414107,0.5754670078171724,0.17935958201883434,1.8745922549101006,7.971549663261965e-06
sub-011,0.5396804675314182,0.4670230011075977,0.49325743527186205,0.20468132543767387,1.3871906045063378,5.53735602593192e-06
sub-011,0.6098983144299835,0.503905180921417,0.49325743527186205,0.18478029077475636,1.815819936188343,-1.353371319205972e-06
sub-011,0.6006737645600597,0.3574558889218038,0.49325743527186205,0.23043616113185725,1.4953056816079724,8.835367059683337e-06
sub-011,0.5892577415688036,0.3958956570920136,0.6576765803624827,0.12753976591728572,2.3378163686778244,3.032504254656436e-06
sub-011,0.5765800008209093,0.6337237600891445,0.6576765803624827,0.2472554590466434,1.1995474318153265,-2.3414409531174254e-06
sub-011,0.6149896853095788,0.5790338737925242,0.739886152907793,0.29470165909642004,1.1563973426343988,2.154109945220572e-06
sub-011,0.6273970363654345,0.3953127366441464,0.4110478627265517,0.15247820491659989,1.955140096543855,-1.0158826812803241e-06
sub-011,0.530978204121557,0.21950056003570867,0.4110478627265517,0.08390908771718134,3.551060235057128,3.6986245238298346e-07
sub-011,0.6196222064540079,0.5859016502063478,0.6576765803624827,0.27501872619868056,1.2540637492553086,4.657665837224661e-06
sub-011,0.5707108191664222,0.5108256237659907,0.6576765803624827,0.23125019714058465,1.299836017169134,1.2889624731256374e-06
sub-011,0.6090359673178275,0.3858950119140673,0.24662871763593103,0.131479153523907,2.5160430114956123,9.621372350551708e-07
sub-011,0.529224986254809,0.2573024701255287,0.32883829018124133,0.09117643897503958,2.1531641259402456,7.9139995400436e-06
sub-011,0.5940787227563603,0.6155889462140709,0.5754670078171724,0.24939893416870523,1.3071197895066615,1.1516053013509043e-05
sub-011,0.6387820163933331,0.4537836853789721,0.739886152907793,0.2010494682733209,1.5796893315681229,-8.1207680440287e-06
sub-011,0.5796184071489213,0.5035263212843791,0.6576765803624827,0.27703197737332724,1.1754384543692191,4.781419033635529e-07
sub-011,0.6483518366176466,0.5059356384717989,0.49325743527186205,0.19905771844433653,1.822025406772596,2.348110888810123e-06
sub-011,0.5707108191664222,0.44123233196679545,0.49325743527186205,0.17419544318654065,1.5076157024038443,9.939013645884858e-06
sub-011,0.6586418618235828,0.41791856917945097,0.49325743527186205,0.1820866692444929,1.7770976291246734,-1.3643269351304937e-06
sub-011,0.5502803436659472,0.4418327522790392,0.49325743527186205,0.16495747130308913,1.9706899789030088,-3.6850206091081276e-06
sub-011,0.6177910265747998,0.7032995520239632,0.6576765803624827,0.2694121652637116,1.2384529489755682,-1.2317549056370349e-06
sub-011,0.6098983144299835,0.5187937934151675,0.4110478627265517,0.23779274557650337,1.321076885387093,5.273821029380233e-07
sub-027,0.5574201908815841,0.342490308946776,0.32883829018124133,0.12958569289088723,1.7311277379723158,-6.338648902377852e-06
sub-027,0.47978132308707916,0.42712660488934373,0.32883829018124133,0.10984812077915011,1.9421766884478036,1.5530797627706818e-07
sub-027,0.5707108191664222,0.5491078103370076,0.49325743527186205,0.1835260764856186,1.2578175157522637,-6.557282626761779e-06
sub-027,0.3852024852502938,0.21945577823502496,0.4110478627265517,0.152667712909636,1.7130401064008767,-1.6738953611669106e-06
sub-027,0.6118857613992571,0.26653963587797164,0.4110478627265517,0.09498231078820445,3.4494436174864402,-7.800046980769067e-06
sub-027,0.5380246539573047,0.4088264558108691,0.49325743527186205,0.21713766425026507,1.0599819218209363,-2.2608052128478693e-06
sub-027,0.5380246539573047,0.5579724021916928,0.4110478627265517,0.1761705870532183,1.3472839971455237,-5.613077804007939e-06
sub-027,0.5068737234358001,0.29694752589757095,0.32883829018124133,0.16309747327239826,1.6021527980885177,-2.6116942998094853e-07
sub-027,0.5917637973754214,0.3276874070654801,0.4110478627265517,0.12687222401674458,2.417584067211335,4.907162943023381e-07
sub-027,0.48640122001402647,0.39465419200394874,0.4110478627265517,0.14316198538379185,1.4122360113787136,4.7316897999685075e-06
sub-027,0.4786740293879764,0.2508680993290647,0.24662871763593103,0.0807205822762157,2.5489612118039666,-7.29002818540812e-06
sub-027,0.4802063670792377,0.353983152273021,0.32883829018124133,0.11195690227186415,1.6729571514118542,-4.084793563356208e-06
sub-027,0.4912199483596594,0.3856624808119846,0.4110478627265517,0.1257315085238633,2.354543735316122,2.2600113803039368e-06
sub-027,0.4935838211667353,0.21924491089855247,0.4110478627265517,0.10475507090340672,1.9506979632476316,-2.9806269421560294e-06
sub-027,0.5932040976412118,0.37008160421884767,0.49325743527186205,0.15753915627170653,1.6906535604940154,-4.331308844857943e-06
sub-027,0.5401242677287856,0.39629073183212316,0.4110478627265517,0.1317222909708074,2.1600206343162767,2.2101309934045983e-06
sub-027,0.5913277174461157,0.4512746441394586,0.6576765803624827,0.22252944379011036,1.5000267126507125,1.8991757402788352e-06
sub-027,0.5878174413030132,0.3526669225411936,0.5754670078171724,0.15655958299070422,1.5859945358745702,-5.144068577278266e-06
sub-027,0.6565175461424908,0.2853039500468135,0.49325743527186205,0.11901150767492927,2.9470319580416753,3.44236392652051e-06
sub-027,0.5878174413030132,0.4088264558108691,0.4110478627265517,0.1845126288587861,1.4969482836600487,-5.0838245642565825e-06
sub-027,0.5547505754535487,0.41343327775734123,0.5754670078171724,0.16970776819072686,1.4787616392100755,-2.9978089221858517e-07
sub-027,0.5257224303797683,0.3062939196463801,0.4110478627265517,0.12777676289206927,2.164512505696695,-6.034544253643235e-07
sub-027,0.47503526513445044,0.271630363441273,0.4110478627265517,0.20319017403490558,1.265732139420742,2.853102964314235e-06
sub-027,0.6085664767048762,0.5273549257172012,0.49325743527186205,0.19224996581769016,1.6132813097296173,-2.4472130352633226e-06
sub-027,0.4935838211667353,0.3450693978184244,0.32883829018124133,0.0915276008625457,2.3724918153561863,2.058984007905003e-06
sub-027,0.5915621656867418,0.6015799870344549,0.6576765803624827,0.2301925231605503,1.539919091997767,-5.521204626969791e-06
sub-027,0.5971555588644019,0.1888264583900807,0.32883829018124133,0.10845153490176057,2.2818178867056083,8.119002687439206e-07
sub-027,0.5340782978848966,0.1670540846631662,0.24662871763593103,0.09421861916755064,2.154348571627017,1.1536171487508435e-06
sub-027,0.4934566226889875,0.28483712031954966,0.32883829018124133,0.10954599522694006,1.8439480474246348,-2.333743830832874e-06
sub-027,0.5935736514988872,0.33314444652853825,0.32883829018124133,0.11572627379258386,2.446645725226578,-3.9489752742451523e-07
sub-027,0.5527422237975074,0.5312344953971978,0.49325743527186205,0.15284937083729963,1.6017865912064637,-1.2034678277192038e-05
sub-027,0.5935736514988872,0.23757525239760208,0.4110478627265517,0.09594251743788028,2.612715098553642,-8.533408239743337e-06
sub-027,0.6339061615696354,0.49247648509779407,0.4110478627265517,0.17957244331239147,1.7870601576703415,2.0458250486460465e-07
sub-027,0.5357793512684095,0.3091481323466587,0.49325743527186205,0.16165933211586583,1.7252497326880305,-9.693823056256862e-06
sub-027,0.5214322618444746,0.4450124051964189,0.6576765803624827,0.13449369155946453,1.7320716823427444,7.477513525922139e-06
sub-027,0.4349703247722835,0.29532152900973846,0.4110478627265517,0.1052292433426578,1.221414437818049,-9.376673228470337e-08
sub-027,0.478807800083868,0.2414621318378945,0.32883829018124133,0.10700473891839209,1.8901001842215437,-4.176140580122738e-07
sub-027,0.5423309181959558,0.17700881790330852,0.32883829018124133,0.10817784638179749,1.827623408935612,-8.092521097975178e-06
sub-027,0.5242627601580012,0.4226013903511516,0.4110478627265517,0.15326333662848782,1.5425095951141505,-3.0338424910851774e-06
sub-027,0.37494322645088557,0.28399882703548446,0.4110478627265517,0.08332580006451246,2.928923291848236,3.58961867680582e-07
sub-027,0.6020131758256175,0.22769936785007044,0.49325743527186205,0.1385773603615922,1.9015287391597282,-2.899321651176623e-05
sub-027,0.6330267454365449,0.4007592170707518,0.4110478627265517,0.1441898826721193,2.54673387668287,-5.8772571749255685e-06
sub-018,0.6348356603209249,0.5277546858664387,0.5754670078171724,0.2427854748128679,1.5006621771135211,-1.0351701263178413e-05
sub-018,0.5718220282306016,0.20982568898206086,0.32883829018124133,0.12974932687674098,2.2007345396536175,8.074125197684217e-07
sub-018,0.5216698442412047,0.28327094928680474,0.4110478627265517,0.16101829363295628,1.3997529604637013,-6.901083562873813e-07
sub-018,0.6462163086594431,0.7142005897577777,0.739886152907793,0.283230478439237,1.323721638814746,-1.3321306243313144e-06
sub-018,0.577361960026404,0.3746934494414107,0.32883829018124133,0.12306235824892525,2.3297606430116,1.7576228873281916e-06
sub-018,0.6036844589384266,0.4175571538731931,0.32883829018124133,0.18600500576800266,1.4526590498350935,8.945976081673743e-07
sub-018,0.5216698442412047,0.3455669665270954,0.49325743527186205,0.13340967424900652,1.2518499199085877,-6.494146970775778e-06
sub-018,0.48300114141237827,0.3928546005162347,0.49325743527186205,0.19117114121494158,1.2089892084247198,-9.703137811899429e-07
sub-018,0.6082923239269258,0.38441169891033206,0.49325743527186205,0.14966893487981153,1.848967757751553,-4.042638071934522e-06
sub-018,0.5707108191664222,0.24765811707779564,0.4110478627265517,0.12242507329224432,1.8196137980208469,-5.409964052212824e-07
sub-018,0.5400684935393784,0.4512746441394586,0.49325743527186205,0.16251636637279754,1.713701906632309,2.72197385506462e-07
sub-018,0.5707108191664222,0.4776275543563949,0.5754670078171724,0.24423482789388776,1.1844599602292571,-3.557459871775747e-06
sub-018,0.5691629258723122,0.3272129112084162,0.4110478627265517,0.13277595032427666,1.8885952853935732,2.2236645704277787e-06
sub-018,0.5918835192978454,0.44496755108441066,0.49325743527186205,0.24001033666395852,1.163911213644178,9.19220635349923e-06
sub-018,0.5476046531546888,0.21325879208166776,0.24662871763593103,0.10776571811058364,2.1777475713017123,1.46446560186917e-06
sub-018,0.5090448359081111,0.4026600571805558,0.49325743527186205,0.15096504671433902,1.64781922221909,8.045818015861411e-06
sub-018,0.5371491718780796,0.33024168687057687,0.49325743527186205,0.0929559129892325,2.463716491512329,3.626696318209644e-07
sub-018,0.5718220282306016,0.50574947073413,0.49325743527186205,0.18607865844617713,1.3977580728903571,6.834200440360527e-06
sub-018,0.490661848355847,0.34981385355878714,0.49325743527186205,0.15269615144088175,1.3362663704302793,3.181965710847145e-06
sub-018,0.6221860632833659,0.44821627506082834,0.4110478627265517,0.16460976993247076,2.0248736184580025,-5.1743292308731505e-06
sub-018,0.6141053971242673,0.4222722264245456,0.5754670078171724,0.18944439460947377,1.683325375368604,2.755246579835228e-06
sub-018,0.5261211495610538,0.37385976869283327,0.32883829018124133,0.1546726267367026,1.407476218250003,2.790441087506298e-06
sub-018,0.6094562709188415,0.20722809600831021,0.32883829018124133,0.14893024178590258,2.135546971396859,5.688664350959828e-06
sub-018,0.5718220282306016,0.5699145401359973,0.5754670078171724,0.22647729982741843,1.3332867355461544,-9.829769783850419e-06
sub-018,0.5502803436659472,0.24276951577095815,0.24662871763593103,0.10819868868976207,2.354520350869461,1.0981676956101793e-05
sub-018,0.5878174413030132,0.5205344378929516,0.49325743527186205,0.20317394330984842,1.4359975540369492,5.013556652697723e-06
sub-018,0.5913277174461156,0.3519243411801345,0.4110478627265517,0.11794069364937013,2.2963341849966747,-1.360602473441779e-05
sub-018,0.6122386799993341,0.6359887667199967,0.5754670078171724,0.1953657721291063,1.5735446743747246,-1.0369062201880686e-05
sub-018,0.44471382584864033,0.26334997179225034,0.32883829018124133,0.13436589844810667,1.638133185908555,-1.0310120504195692e-05
sub-018,0.6138446705023917,0.5084130773606067,0.5754670078171724,0.2159083867058008,1.4270638717771316,1.3980470752220783e-06
sub-018,0.5878174413030132,0.5162164724008671,0.49325743527186205,0.24554252106574073,1.2824418650003386,-7.236125087122409e-06
sub-018,0.46821854811136715,0.2319400894435457,0.24662871763593103,0.07300502152578546,3.0642065620383767,3.3511938452089433e-06
sub-018,0.454124302581232,0.43785660389939984,0.5754670078171724,0.16505074314581755,1.5333499732579994,3.2731781188663583e-06
sub-018,0.548480135233914,0.3626451109252362,0.49325743527186205,0.13912386972402635,1.5827420376592116,-2.573234514824559e-06
sub-018,0.5318754369193467,0.3249534672490126,0.4110478627265517,0.12136448512466053,2.307985169166473,5.02191228539338e-06
sub-018,0.5541825240632978,0.328720259816895,0.4110478627265517,0.11615510712225394,2.5901589460570342,1.0410674757786386e-06
sub-018,0.5144541794396013,0.38915153261664054,0.4110478627265517,0.16132244371061769,1.3462577524148216,3.148093629068367e-07
sub-018,0.5015505074653276,0.17348970492612606,0.49325743527186205,0.08149978265687986,3.337966267854833,-2.6543325355177143e-06
sub-018,0.5140247990436454,0.3961627154458509,0.4110478627265517,0.14824095583720318,1.9189076199106727,-2.458984507365582e-06
sub-018,0.5380246539573047,0.2508115366434533,0.4110478627265517,0.12251490620799356,1.656115271322462,-1.6724892693817692e-06
sub-020,0.5563089818174047,0.45332112928579954,0.5754670078171724,0.16565238540354682,1.8106214550601458,2.660769147341485e-06
sub-020,0.5144541794396013,0.3677247801253174,0.32883829018124133,0.11402298955276655,1.6676734984688493,1.2713369873732557e-06
sub-020,0.5918835192978454,0.5368011101692512,0.49325743527186205,0.24898494411674224,1.1530859287786122,5.1769029082560906e-06
sub-020,0.592333957384912,0.29935860211361665,0.4110478627265517,0.1701165114101434,1.6598453686356822,2.5642729438265614e-06
sub-020,0.575945022060763,0.4700036292457356,0.6576765803624827,0.14849676350489327,1.8592712855041806,-6.149853110125894e-06
sub-020,0.454124302581232,0.37129621249291456,0.5754670078171724,0.2194613636759953,1.2481168973342094,-2.6277054743604697e-06
sub-020,0.5547505754535487,0.4102843945441133,0.32883829018124133,0.11926447517314438,2.1820377339229466,2.435677040909693e-06
sub-020,0.48814864157583765,0.39266083586217654,0.32883829018124133,0.14464912242980704,1.5867672259924324,5.4626223811330415e-06
sub-020,0.5574201908815842,0.5164436160702139,0.49325743527186205,0.27330690731609486,1.0920948720240533,6.267622761169499e-06
sub-020,0.5583790794098652,0.3062584580247164,0.49325743527186205,0.1872074526551394,1.300170931931774,9.033445594862285e-07
sub-020,0.5617623146491274,0.4909103140650493,0.49325743527186205,0.17542681908853625,1.4680338545642355,3.3665479788484785e-06
sub-020,0.5727098389396168,0.526698972922281,0.4110478627265517,0.18346082519434542,1.4502773196115821,1.3691927950848722e-06
sub-020,0.5445326765736695,0.36428919392397785,0.4110478627265517,0.17054738049147913,1.335652105926456,-2.7884018775406503e-06
sub-020,0.4764939559586691,0.2333767275942388,0.32883829018124133,0.12038830881751755,2.4528070608713883,1.6282663703669225e-06
sub-020,0.5476046531546888,0.39374164441210513,0.49325743527186205,0.15388812923324172,1.4974436608881447,1.212009527534297e-07
sub-020,0.5749189128170351,0.5851056981488613,0.4110478627265517,0.20245531773657013,1.381285682518866,-9.950285878290547e-07
sub-020,0.4647597101860063,0.2422492103937954,0.4110478627265517,0.1142916738695032,1.5281732282942442,6.562574067386968e-06
sub-020,0.5723621907836566,0.222583170240425,0.32883829018124133,0.10483304831428815,2.146034630618128,-2.6222910732150104e-06
sub-020,0.529224986254809,0.5158131652770298,0.49325743527186205,0.21036300270650837,1.1810137390491158,-9.225271140811383e-07
sub-020,0.5727098389396168,0.32799760963024077,0.32883829018124133,0.14790440384142892,1.7429815028926254,9.159280051424452e-06
sub-020,0.5659482178252324,0.3461256683218556,0.32883829018124133,0.10686667776826399,2.5479191450285636,1.2571382199834022e-05
sub-020,0.5765800008209093,0.36066696520826974,0.49325743527186205,0.1389941274078952,2.0492523428625113,6.833710756027651e-06
sub-020,0.5583080015905993,0.3677247801253174,0.4110478627265517,0.19408211699806413,1.0783402696756306,4.3288723168935725e-06
sub-020,0.5896272954264788,0.3995303725883499,0.4110478627265517,0.16543366411476382,1.312530891820656,1.2921076031760812e-05
sub-020,0.5814280380212362,0.5245244681241525,0.49325743527186205,0.19683001509489478,1.393569901147082,5.1088348228175134e-06
sub-020,0.4878206235982221,0.3986391430377645,0.5754670078171724,0.19295288212591685,1.3119612972289088,2.771769578829469e-06
sub-020,0.5926864801413072,0.31294173921101875,0.49325743527186205,0.11330331781019716,2.4107125986211098,1.127622396178123e-05
sub-020,0.5144541794396013,0.306115774140619,0.32883829018124133,0.11852920392416269,1.788006389690513,4.1652358476356555e-06
sub-020,0.6110433292371705,0.35863380842406534,0.49325743527186205,0.15513070964472875,2.0236263114582975,1.297340797288194e-06
sub-020,0.6339061615696354,0.4902769555386031,0.5754670078171724,0.16126239813171847,2.0002385724915395,-3.3475291111010586e-06
sub-020,0.5236228166082872,0.35443362809571854,0.32883829018124133,0.16129741760049646,1.682943649285215,6.609149519983735e-06
sub-020,0.529224986254809,0.3090048419206021,0.4110478627265517,0.1277765783316744,1.5922920274283154,4.713237593086004e-06
sub-020,0.5980250788287685,0.360165348878501,0.32883829018124133,0.1553227702947133,2.0104629596146117,7.68559797923227e-06
sub-020,0.6149896853095789,0.534082485930258,0.5754670078171724,0.27713150708708856,1.1664799544849291,8.627220441814949e-06
sub-020,0.5236228166082872,0.43417521399059583,0.4110478627265517,0.18607993834776532,1.1415018537831418,5.7443458847525195e-06
sub-020,0.5144541794396013,0.3986391430377645,0.4110478627265517,0.12655455279298589,1.8486431989809975,-3.961492312565389e-06
sub-020,0.46821854811136715,0.419853845560264,0.32883829018124133,0.12532847808255648,1.1947929941625148,7.766706734402732e-06
sub-020,0.5580861450245486,0.3260915205666521,0.4110478627265517,0.15872176992810605,1.757943618955181,3.67438534979202e-06
sub-020,0.528985420034733,0.27890238479973506,0.49325743527186205,0.16018097631940856,1.261902599282039,6.77637507065216e-06
sub-080,0.43252038350513633,0.2527882678992066,0.32883829018124133,0.13129310686621132,1.7582304825695736,-1.8010384303040351e-06
sub-080,0.5400684935393784,0.4017127584896139,0.24662871763593103,0.10156462734168352,2.2447059524705297,2.809328628606012e-06
sub-080,0.4878206235982221,0.5072478024181066,0.49325743527186205,0.144068214970431,1.4377558824121348,-7.2843857094952795e-06
sub-080,0.45740238971085684,0.335013447157553,0.4110478627265517,0.10627673680760051,2.0005147200632436,-7.983837274245583e-07
sub-080,0.635299968826895,0.38721166779881405,0.4110478627265517,0.21498716234340082,1.3765254124496937,-1.0596762439904079e-05
sub-080,0.4878206235982221,0.3138205181970465,0.32883829018124133,0.1432609206592124,1.5175616327207415,7.75141068539061e-06
sub-080,0.29860905163816853,0.11841775481447446,0.4110478627265517,0.04842320194506549,3.757289395321174,3.334279318874227e-06
sub-080,0.5138072788813919,0.42199441005937505,0.4110478627265517,0.1561559409101565,1.4934083431183218,9.57058129018479e-06
sub-080,0.5727098389396168,0.3143922227793547,0.32883829018124133,0.1516063126066447,1.7309311330303416,-3.028065688835552e-06
sub-080,0.5718220282306016,0.35667494393873245,0.49325743527186205,0.1661582325279138,1.3961494591342845,5.422482812675446e-06
sub-080,0.5718220282306016,0.2959808752664761,0.32883829018124133,0.1468395019231094,1.7612149361503444,-1.2010896651387816e-06
sub-080,0.5214322618444747,0.40546510810816444,0.4110478627265517,0.19327045888781477,1.2619085105657473,1.9624254202625624e-06
sub-080,0.592333957384912,0.20007827838321368,0.6576765803624827,0.1575351455810131,1.3727096480063752,-4.608983903409021e-06
sub-080,0.5462895804701012,0.30840820296889776,0.49325743527186205,0.18475432814614315,0.8728271261818362,9.759434352202288e-06
sub-080,0.44967997033386026,0.18356456503355162,0.4110478627265517,0.07377249420136785,3.153711636342995,3.1908706326908913e-06
sub-080,0.5962803134573204,0.26038993016377343,0.4110478627265517,0.16398441051860926,1.4497886241142675,1.7880272234455293e-05
sub-080,0.5726626889456685,0.46770741698538537,0.49325743527186205,0.19243139161122821,1.3436474172533517,1.148827779521326e-06
sub-080,0.490661848355847,0.2315587482394942,0.4110478627265517,0.10019966261133426,1.9141733421628502,2.1285524859553186e-06
sub-080,0.5917637973754214,0.2313740504507252,0.32883829018124133,0.16907968064720222,1.5064522004642122,3.6870332082665738e-06
sub-080,0.47122906817951754,0.3107777872464302,0.4110478627265517,0.1348462397227206,1.4892444012523025,-5.907304926291971e-06
sub-080,0.48938604018507104,0.35074020841891773,0.4110478627265517,0.11718377479193186,1.3056415953268075,8.90170955008944e-06
sub-080,0.6117294943091915,0.15602861465145842,0.4110478627265517,0.1376064164006932,1.78514027439692,6.076200632685084e-06
sub-080,0.46073262331554,0.15762894420358317,0.4110478627265517,0.06329808223422737,4.72360536412644,9.31118962499588e-06
sub-080,0.5502803436659474,0.2030759882634005,0.32883829018124133,0.1049572984370779,2.105216609401373,4.165473261878888e-06
sub-080,0.5671440611465248,0.13125607878738713,0.32883829018124133,0.09770275383842103,2.418926814727424,2.2311591767607475e-06
sub-080,0.5962803134573204,0.4270375933622922,0.49325743527186205,0.22084849631139503,1.3799762434216238,3.6740894687202923e-06
sub-080,0.5244838471383011,0.3673133421437882,0.32883829018124133,0.10995034594662775,1.8881648716241726,8.678333720774572e-06
sub-080,0.5757218736604971,0.20854475189305707,0.4110478627265517,0.10751256933065302,2.551178935651901,4.166435133409008e-06
sub-080,0.5256666561903609,0.26940002761433185,0.32883829018124133,0.10943037601931911,2.538744782298242,-4.5431930319137866e-06
sub-080,0.503998698162992,0.3823693933135151,0.4110478627265517,0.13834424367916515,1.2984259184489153,1.1020160113566436e-05
sub-080,0.5896272954264788,0.12947907541957476,0.4110478627265517,0.09212299480084431,2.3294625575573367,2.0582297297325464e-05
sub-074,0.5894953239655337,0.3882867715730798,0.5754670078171724,0.24743173950056735,1.2239547617723168,-6.300763686675322e-06
sub-074,0.6196222064540079,0.3760512229018711,0.5754670078171724,0.2888977512583165,1.0040004268589313,3.7600131543376067e-06
sub-074,0.5940787227563603,0.33160604697004004,0.4110478627265517,0.1296153332989017,1.8171650018532,-1.2138820947120911e-05
sub-074,0.5878174413030132,0.5296135376316239,0.32883829018124133,0.18130925665398565,1.74422876451563,-2.822561658354396e-06
sub-074,0.5765800008209093,0.47608267532211773,0.49325743527186205,0.17268158251405055,1.6715964374312704,1.969112719079734e-06
sub-074,0.5762445963111835,0.4986303506721723,0.4110478627265517,0.1899624541517067,1.7248753688615062,-1.9608267449142174e-06
sub-074,0.6082923239269259,0.5418015516602955,0.49325743527186205,0.20559673055449004,1.5872243572317906,8.372129958435337e-06
sub-074,0.5261211495610538,0.3918223317043778,0.49325743527186205,0.17978167813777493,1.5026098766256157,6.797421700249988e-06
sub-074,0.5828176720602659,0.38733772351560775,0.49325743527186205,0.19824260928641468,1.2899371558600103,3.276025827776113e-06
sub-074,0.5855489678931254,0.49549125976588404,0.6576765803624827,0.1863272486096911,1.7489611653174668,7.162448097829415e-07
sub-074,0.6119580758302074,0.5108256237659907,0.4110478627265517,0.18956626943561922,1.6875041570461098,7.026278285270556e-06
sub-074,0.5989398254218053,0.2886658403619137,0.49325743527186205,0.12664425547663533,2.0007605999027076,-8.999431523886719e-06
sub-074,0.5757366418814421,0.34503336892324665,0.49325743527186205,0.1277046714568069,2.142756135853111,4.9247635700895835e-06
sub-074,0.5896272954264788,0.3974969384589874,0.4110478627265517,0.16797039983995982,1.7768037406611916,-1.0269805530464962e-05
sub-074,0.611577171083243,0.6675047499466077,0.6576765803624827,0.19149507325644258,1.849643096389448,-7.3000506359415775e-06
sub-074,0.571147130544108,0.3626451109252362,0.4110478627265517,0.19217083598768905,1.5099471961117534,6.4809097217843585e-06
sub-074,0.6404900810297338,0.4034907738044467,0.4110478627265517,0.15007752794000503,2.266354742688432,1.2686983884950037e-05
sub-074,0.5040393024433445,0.43655569517819537,0.49325743527186205,0.2017158333681448,1.1396486163204358,1.1606387663862127e-05
sub-074,0.548480135233914,0.4936578201436253,0.5754670078171724,0.22149829925880274,1.2844169660503637,-3.502712433876489e-06
sub-074,0.5918835192978454,0.5452270504833231,0.5754670078171724,0.2258717074876704,1.1148835798294274,2.7163734794906955e-06
sub-074,0.6110433292371705,0.640037355245997,0.5754670078171724,0.24583885743894107,1.2915901010174367,1.6886464438034955e-06
sub-074,0.572487982373566,0.40546510810816444,0.5754670078171724,0.20351015091271582,1.2149792669960238,1.1708581337190346e-05
sub-074,0.5249096607162105,0.3631896249599261,0.4110478627265517,0.15818058362410217,1.4841929579499116,1.7474067073343396e-05
sub-074,0.5940787227563603,0.30472353830663257,0.49325743527186205,0.17388626572031093,1.814875016893565,1.343653564840153e-06
sub-074,0.5762133338870854,0.2534978352618496,0.5754670078171724,0.0975511959959259,3.761658349909634,-2.7560477569148697e-06
sub-074,0.6348356603209249,0.2967319079716989,0.5754670078171724,0.24250787122171583,1.204704357512798,2.4594043075000562e-06
sub-074,0.5878174413030132,0.49441259412466054,0.5754670078171724,0.2426225717132157,1.3804496068057783,7.133940918706717e-06
sub-074,0.6155450925220286,0.1818840157675038,0.49325743527186205,0.1089988340484864,2.3172880234315647,6.706171739812466e-06
sub-074,0.5707108191664222,0.2997449449010561,0.4110478627265517,0.14918902623458027,1.6957206987246005,5.087248208703112e-06
sub-074,0.6076308150108348,0.2817473369319664,0.49325743527186205,0.14700133495552192,2.0231487857475083,2.7615366653404103e-06
sub-074,0.5949281942423351,0.25636569440678475,0.5754670078171724,0.20181400811492461,1.5334252880455976,2.8119642115500016e-06
sub-074,0.5935736514988871,0.6458942957093998,0.49325743527186205,0.20946071025000354,1.287604132148008,5.523385013121867e-06
sub-074,0.6098983144299835,0.323692509974814,0.4110478627265517,0.12750773637197915,2.428899406008469,4.210206160493509e-06
sub-074,0.5896272954264788,0.5725191927713306,0.49325743527186205,0.2128614674894525,1.5127270034080524,5.619322741426094e-07
sub-074,0.5909818381699268,0.505548566665147,0.6576765803624827,0.19314772928091326,1.5932332532662856,5.534271250031536e-06
sub-074,0.5380246539573047,0.4238142467763609,0.49325743527186205,0.23591485009286906,1.2100453458277391,-9.150537033776572e-07
sub-074,0.5791718141498696,0.47101937336557104,0.5754670078171724,0.17241716425028955,1.5194910686948715,3.803616409889024e-07
sub-074,0.5987112439007894,0.5557473111575023,0.5754670078171724,0.22635009724370592,1.450256201752468,6.531062514432973e-08
sub-074,0.6110433292371705,0.5686930060865393,0.4110478627265517,0.1965722711239741,1.438605357763808,-1.660195272299352e-06
sub-074,0.5691524128025661,0.35092596611181065,0.24662871763593103,0.15552875220920337,1.7481820594221402,1.5423918276697565e-06
sub-074,0.4970176400348177,0.34747785045781504,0.4110478627265517,0.17290073041961793,1.5226289065385,3.105853148316761e-06
sub-074,0.5112143629645954,0.3048604089868655,0.49325743527186205,0.13949452666124465,1.5006492835290433,1.1296890276374328e-06
sub-073,0.6339061615696354,0.5271620430856842,0.5754670078171724,0.21909334476713396,1.4585094393209013,-3.6403523858440686e-06
sub-073,0.5502803436659474,0.45425527227759643,0.49325743527186205,0.19431319182904583,1.3421300489275998,-8.518258671206344e-06
sub-073,0.5717902858090338,0.3322925022185049,0.4110478627265517,0.14735415486602882,2.179209766285295,-7.757679551246077e-06
sub-073,0.5814280380212363,0.49549125976588404,0.4110478627265517,0.16758422711432114,1.704733429429419,-4.436605071955011e-06
sub-073,0.6283041951673232,0.5596157879354228,0.49325743527186205,0.23072504575553882,1.5517691517362535,-9.409497027654512e-07
sub-073,0.6149896853095789,0.48681074756211673,0.49325743527186205,0.1913324432001488,1.7320574753640987,-5.227269545819208e-06
sub-073,0.4910950261887184,0.2494051198249858,0.4110478627265517,0.1114470279807288,2.222626523316321,-2.3483424578418304e-07
sub-073,0.5894953239655337,0.3497403862700643,0.4110478627265517,0.13712897608326216,2.02742656860252,-1.7830237310483283e-05
sub-073,0.5502803436659474,0.5205344378929516,0.6576765803624827,0.20913706527393394,1.3973792954422994,1.3554853777934982e-05
sub-073,0.5502803436659472,0.4190707601639429,0.5754670078171724,0.24199778567398458,1.1208299068681882,-3.464640682180766e-06
sub-073,0.5574201908815841,0.5260930958967791,0.4110478627265517,0.2536333286621531,1.1173493831859571,-1.795130214217336e-06
sub-073,0.5527422237975074,0.48122515398969984,0.49325743527186205,0.14483022336952067,1.8958107645799112,-8.871518770813494e-06
sub-073,0.5980250788287685,0.4145560798094164,0.32883829018124133,0.12824953638189712,2.382216195301604,-5.478926087819847e-06
sub-073,0.5835647632213296,0.4153956763107652,0.49325743527186205,0.16319035937929474,1.7434242317366033,2.5885917470043143e-06
sub-073,0.592333957384912,0.25202189205289666,0.4110478627265517,0.1784593253069795,1.3695893347338095,4.567113097571321e-06
sub-073,0.5527422237975074,0.5007752879124893,0.49325743527186205,0.1870956228568249,1.3749256955727311,4.914825462149592e-06
sub-073,0.5563089818174048,0.4834266495778762,0.5754670078171724,0.206867769190265,1.3096660648598293,1.4466768718943447e-06
sub-073,0.592333957384912,0.3973017974690035,0.4110478627265517,0.17054597243808275,1.6117484852000676,2.005789249736407e-06
sub-073,0.6071698550609236,0.6427163269330534,0.5754670078171724,0.27506841704336465,1.3173292830729286,3.6282477446429817e-06
sub-073,0.5791718141498697,0.6165139545390295,0.5754670078171724,0.22336196012999998,1.2987264216013392,3.900193688580285e-06
sub-073,0.5926864801413074,0.3468709438421116,0.49325743527186205,0.1292380568142793,2.5926706251490685,-9.435512764199043e-06
sub-073,0.6156758503815998,0.3464667673462086,0.49325743527186205,0.20563210737382598,1.3874303299908914,1.8354276607206232e-06
sub-073,0.6378525176420436,0.36140511831413397,0.6576765803624827,0.1717701769050141,1.8224601989374682,5.549954567929678e-06
sub-073,0.6094562709188415,0.37971261200574974,0.32883829018124133,0.13252645817499145,2.09355599660792,-2.641910460734957e-07
sub-073,0.5718220282306016,0.5345421503833068,0.5754670078171724,0.27876468195516324,1.0686984151305163,2.4465123718673883e-06
sub-073,0.5727098389396168,0.5306282510621704,0.5754670078171724,0.25115242936048127,1.1449562251033802,3.8765899878475866e-06
sub-073,0.5707108191664222,0.3732958251747727,0.4110478627265517,0.15172340260868503,1.7461533621611238,1.7057686493727573e-05
sub-073,0.5717902858090338,0.31465866014998295,0.49325743527186205,0.1654764746129495,1.531351927778448,-4.651898377618195e-06
sub-073,0.5596153943400991,0.36157091455093915,0.4110478627265517,0.13806035269116204,2.280409003918762,5.984100664543127e-06
sub-073,0.5877139714528951,0.38077249551779285,0.49325743527186205,0.18114132495528096,1.6892415309900295,1.4031527224778222e-05
sub-073,0.6149896853095788,0.640037355245997,0.6576765803624827,0.2854966391749832,1.079737001030689,-8.460454231213598e-06
sub-073,0.529224986254809,0.3364722366212129,0.49325743527186205,0.09995664284899769,2.3342983121964194,-2.682759481587385e-06
sub-073,0.6325096990028387,0.5504554185367584,0.49325743527186205,0.23252198631338566,1.3643224074434392,-1.4218873423385102e-05
sub-073,0.5932092027919936,0.4776275543563949,0.4110478627265517,0.21487912058851646,1.3841245023264048,-2.7920148663771897e-06
sub-073,0.535834099193492,0.5212969236332861,0.4110478627265517,0.1500543729491657,1.8441787682146966,1.7087340157962284e-06
sub-073,0.6122386799993341,0.41109892582642044,0.5754670078171724,0.1668470772736694,1.8976031814004035,-5.656115194399349e-06
sub-073,0.5691524128025661,0.5547887471871067,0.49325743527186205,0.22876368251421472,1.2471175428719121,-5.44910919111993e-07
sub-073,0.4970176400348177,0.45391749149411126,0.4110478627265517,0.1706385531602356,1.6401040907963504,-7.3506854940591025e-06
sub-073,0.6339061615696354,0.7121953755306398,0.6576765803624827,0.3047060930412131,1.096992440480585,3.8236938172127665e-06
sub-073,0.6098983144299835,0.5068176023684517,0.6576765803624827,0.21368851538802616,1.5940399238189886,3.3710254451300927e-06
sub-073,0.477365142321613,0.28462863496489055,0.32883829018124133,0.13736503429891522,2.0497436987789386,8.407047570732285e-07
sub-073,0.5855489678931255,0.37037378829689427,0.5754670078171724,0.2814606810233394,1.1126880279462437,8.080347396295035e-06
sub-045,0.5646821810149647,0.31982328166357793,0.4110478627265517,0.16439198075743147,1.3734235697470387,-2.402877529547057e-06
sub-045,0.5718220282306016,0.5209779952300087,0.5754670078171724,0.24043837939487028,1.1206895344410794,-2.9772655160036818e-06
sub-045,0.47122906817951754,0.40546510810816444,0.4110478627265517,0.16217859437265314,1.6928229799115657,-2.503336795323167e-07
sub-045,0.46085004905813765,0.36936010346604814,0.49325743527186205,0.12495967094992626,1.479115101284438,1.4616441949011566e-06
sub-045,0.4607735869029083,0.2949023204252679,0.24662871763593103,0.15257285980571184,1.543061154537895,-3.7156169232363545e-06
sub-045,0.5828176720602658,0.3340061441260195,0.4110478627265517,0.18687289270767057,1.5344857795788862,-8.190026348713676e-07
sub-045,0.5545261050778031,0.42830460007798715,0.6576765803624827,0.29991716047488703,0.9034559763000674,-3.6759678166784753e-07
sub-045,0.5617623146491274,0.12019558206176743,0.4110478627265517,0.12019734581541378,2.192831943733138,-2.9751904569590717e-06
sub-045,0.5835647632213297,0.4088606971093027,0.5754670078171724,0.16098619178812265,1.7654150566608884,-4.295099259095834e-06
sub-045,0.5400684935393784,0.4163941786403546,0.49325743527186205,0.2142830961376312,1.0635645363147703,1.0695678571022211e-05
sub-045,0.46821854811136715,0.33393309010253663,0.32883829018124133,0.09998076564925483,1.6162019031455808,2.878504167775048e-06
sub-045,0.6313433924378427,0.3658559700131186,0.5754670078171724,0.17710062586999767,1.766353095216572,3.764355866157393e-06
sub-045,0.6117294943091915,0.6180265500918372,0.6576765803624827,0.21660030523278243,1.4657317411852633,2.488305893243664e-06
sub-045,0.5279290808469385,0.3062939196463801,0.32883829018124133,0.11402028590285329,1.7886454234684426,1.3448100447790516e-07
sub-045,0.5210392064167557,0.17840765747281825,0.4110478627265517,0.08522353789003029,2.839409799918642,-1.1165102485978326e-06
sub-045,0.5041281014091064,0.46770741698538537,0.4110478627265517,0.16645940716116084,1.4038667144185655,-1.8245779696381655e-06
sub-045,0.5138072788813919,0.413975797776073,0.4110478627265517,0.1335701090908642,1.897565878180504,-3.2588421822174104e-06
sub-045,0.5752254580774614,0.22497673239587065,0.4110478627265517,0.13170957792267324,2.122913561039761,3.310759143861305e-06
sub-045,0.5196753579480429,0.24163813395037406,0.4110478627265517,0.14105853600767887,1.6754320419373938,9.485335636701415e-07
sub-045,0.4936440246601191,0.22107956709335827,0.4110478627265517,0.08697099160085789,2.57106945928411,2.9494896443054935e-06
sub-045,0.5779321200358947,0.3692620594442038,0.4110478627265517,0.19958663282147265,1.3788068484765303,-1.3036471290280504e-06
sub-045,0.5917637973754213,0.42088957843379615,0.6576765803624827,0.18235351686208395,1.5147400065393721,3.0641230905681445e-06
sub-045,0.5445326765736695,0.5614693565847455,0.5754670078171724,0.19290457875436215,1.3911707118036791,-5.631891103491268e-06
sub-045,0.5855489678931255,0.37376937729803245,0.4110478627265517,0.13405674452872696,1.986038497883748,-1.6571460266854433e-06
sub-045,0.6122386799993341,0.22727294465622103,0.4110478627265517,0.13388487326737886,2.0474406843270674,-4.451360271286865e-06
sub-045,0.5474005189697656,0.2719337154836418,0.4110478627265517,0.10662824407920321,2.823568395930385,-2.9094218260810466e-07
sub-045,0.4764939559586691,0.05770831762064673,0.24662871763593103,0.08763638415091378,2.188981602817793,1.6306050365511738e-06
sub-045,0.4975903807325274,0.25711490858134733,0.4110478627265517,0.1006506736270878,2.650600655456947,8.907179271562265e-08
sub-045,0.5112143629645954,0.1844290391335193,0.4110478627265517,0.10894900861844772,2.1164495369245717,-2.2182641790808105e-06
sub-045,0.6118857613992571,0.26884912411868883,0.4110478627265517,0.15580316851467152,1.6758187023957785,-3.851704267258162e-06
sub-045,0.4802063670792377,0.3812327947203965,0.4110478627265517,0.1262698901854739,1.6641584274549934,2.7992995212666213e-06
sub-042,0.5371491718780796,0.3705488430019366,0.49325743527186205,0.15978359329368705,1.8054059658253523,6.032400982627566e-06
sub-042,0.586764028132674,0.3209077200801014,0.49325743527186205,0.12779810662832117,2.3993601749421356,3.3592942862200164e-06
sub-042,0.592333957384912,0.4711603673735592,0.739886152907793,0.20868314874473926,1.3018683669928794,1.4933038847097868e-06
sub-042,0.5580861450245486,0.3865966238037815,0.49325743527186205,0.12385497312682442,1.8654335269301563,3.1760618321393657e-06
sub-042,0.6138446705023917,0.4297297301077955,0.49325743527186205,0.2862638541925156,1.1261207687857733,4.305007532680107e-06
sub-042,0.5545261050778031,0.3928863259013043,0.49325743527186205,0.2126319509122569,1.231438777602167,8.6833948062205e-06
sub-042,0.5502803436659472,0.3203860988695886,0.4110478627265517,0.14488139110243797,1.811558605459073,-8.704222385504004e-06
sub-042,0.593573651498887,0.24686007793152578,0.24662871763593103,0.09378302611221752,2.6974738360587196,3.3685958320141805e-06
sub-042,0.503998698162992,0.45366720992604215,0.49325743527186205,0.18176076555944604,1.3017405713549115,2.5543239618570553e-06
sub-042,0.4928178290580529,0.42521187104299885,0.49325743527186205,0.16322555375867606,1.5235353881408065,1.2279041476571775e-06
sub-042,0.5917637973754214,0.5453862988314581,0.5754670078171724,0.24802755776193502,1.2102745957733219,6.500088969452493e-06
sub-042,0.5918835192978454,0.4347354904082775,0.49325743527186205,0.191981784838395,1.6101481936133681,1.001818373313284e-05
sub-042,0.5646821810149647,0.42367107260473685,0.4110478627265517,0.14194191569013456,1.7391448882762655,1.8077249802342913e-06
sub-042,0.5691629258723122,0.3585481883204128,0.49325743527186205,0.15508949049741114,1.7759921838227877,4.755928869038314e-06
sub-042,0.5918835192978454,0.2231435513142097,0.4110478627265517,0.11806730841555675,1.753756437859152,5.794492137076748e-06
sub-042,0.635299968826895,0.456758402495715,0.5754670078171724,0.21771175866261205,1.470586244996108,8.138855557679223e-06
sub-042,0.6156758503815998,0.480288899905909,0.6576765803624827,0.1763774604064225,1.935039617376621,4.78932972184507e-06
sub-042,0.503998698162992,0.5031035776720805,0.49325743527186205,0.15519614217908526,1.6848663472529226,2.064125391643836e-05
sub-042,0.5757366418814421,0.3251486902919584,0.4110478627265517,0.1281195578550534,1.9696893090160168,1.4608635619330266e-05
sub-042,0.4902368043636884,0.4343764516025845,0.32883829018124133,0.12067106284044593,1.9248621635988246,-5.905722926400585e-06
sub-042,0.48814864157583765,0.15377367699527184,0.24662871763593103,0.09738092524016942,1.992955386490919,8.323121788021532e-07
sub-042,0.5609675135550843,0.36965565541145357,0.5754670078171724,0.19530136262473505,1.2349051180043131,6.466531846040157e-08
sub-042,0.5127279331817586,0.34662460808523093,0.4110478627265517,0.1492480682791712,1.3354213400607227,-4.652330885276633e-06
sub-042,0.4975903807325274,0.28611835047559825,0.4110478627265517,0.1455598222371728,1.6898624795480852,3.7102865941054977e-06
sub-042,0.4865621587582085,0.4109147128757291,0.4110478627265517,0.13993166464397044,1.948327548732065,-7.4880847370465745e-06
sub-042,0.6352999688268951,0.6931471805599453,0.5754670078171724,0.2771105248640439,1.3215233612148762,1.2666968845719349e-06
sub-042,0.6177910265747998,0.6118015411059929,0.5754670078171724,0.30246704577001055,1.0924845711630131,-1.2258518504551964e-06
sub-042,0.5749189128170351,0.5254244231871433,0.6576765803624827,0.27718790158913525,1.031056433578764,6.58978738050788e-06
sub-042,0.6122386799993341,0.3637466545408721,0.4110478627265517,0.18469958917881493,1.7295030291582394,3.887981950705114e-06
sub-042,0.5691524128025661,0.2980879936128976,0.49325743527186205,0.10795499465998887,2.748537554142491,1.047461139867328e-06
sub-042,0.5380246539573047,0.3590390112336129,0.49325743527186205,0.14592937512250564,1.4262974451844894,9.002367603204402e-06
sub-042,0.5380246539573047,0.3347495833097667,0.49325743527186205,0.15843797132142332,1.5371779375954089,1.0107919512417394e-06
sub-042,0.6138446705023917,0.40546510810816444,0.4110478627265517,0.1621720912855302,1.7802511704929633,-2.254895361664351e-06
sub-042,0.5138072788813919,0.30318625898774615,0.4110478627265517,0.11467019386516433,1.7970932993385578,1.0341838844566964e-05
sub-113,0.5225583250778879,0.34536118403845895,0.4110478627265517,0.13394761398541613,1.595251723671978,-1.0214886648701082e-05
sub-113,0.5726626889456685,0.3493032065579547,0.4110478627265517,0.15839697978178655,1.7542639968159635,5.804448118127491e-06
sub-113,0.5489175078558625,0.23915503155712048,0.4110478627265517,0.12183214792268411,1.657080422268312,7.748003467128119e-06
sub-113,0.5251251767721081,0.3313571359544425,0.32883829018124133,0.13696783764459242,1.2291329276720722,1.2085175279751517e-06
sub-113,0.6076308150108348,0.5052545787165352,0.49325743527186205,0.16834851845053603,1.6115327243850521,2.9417439703484327e-06
sub-113,0.47893055890846176,0.38441169891033206,0.4110478627265517,0.14482855378498177,1.20025342653947,4.991982591023455e-06
sub-113,0.5717902858090338,0.42356514975178233,0.5754670078171724,0.12936467893049253,2.523502981087598,-1.589100939025017e-06
sub-113,0.488108196952862,0.1936531228035046,0.4110478627265517,0.1124115099657586,1.337512017230347,2.9084879501772335e-06
sub-113,0.6149896853095788,0.43642733371213127,0.49325743527186205,0.1765028564504801,1.7426155174696598,7.4261552483036906e-06
sub-113,0.5894953239655337,0.43031110669469513,0.5754670078171724,0.1824851719547922,1.5122084671711695,6.639300510743216e-06
sub-113,0.5722931350879934,0.53785429615391,0.6576765803624827,0.2636837279210183,1.2306371448199156,6.6883536019367625e-06
sub-113,0.572487982373566,0.24932120457933463,0.49325743527186205,0.12230313798636686,1.800876658399603,4.344456325415998e-06
sub-113,0.5318754369193467,0.342202911330198,0.4110478627265517,0.1487254136135455,1.348763445542964,7.748902491728462e-06
sub-113,0.6098983144299835,0.5299192825815704,0.6576765803624827,0.20188177294835807,1.6092902361913317,1.359306050789925e-06
sub-113,0.47769316029922854,0.3353555419211378,0.4110478627265517,0.1414989295504851,1.2391458556172104,1.2933730229614467e-05
sub-113,0.529224986254809,0.4418327522790392,0.49325743527186205,0.16126090202295626,1.531802986880189,6.619251951807245e-06
sub-113,0.5818784761083029,0.40546510810816444,0.5754670078171724,0.23917018617842284,1.2153077492667583,1.0711043008656e-05
sub-113,0.47594573873741725,0.28141245943818544,0.4110478627265517,0.16361947107259492,1.1470606475697607,1.3930274068260491e-05
sub-113,0.5332028158056713,0.31314000514729284,0.4110478627265517,0.12553400289527727,1.738600189265443,-2.4006543632029892e-06
sub-113,0.559615394340099,0.32668423025505006,0.4110478627265517,0.1590991411247529,1.4194880280761646,2.9653888082132715e-06
sub-113,0.6392463248993032,0.6931471805599453,0.49325743527186205,0.2656666808977829,1.3262797799350292,-8.050790007081855e-06
sub-113,0.5726626889456685,0.5406785869156717,0.4110478627265517,0.190740962050534,1.7435436553857597,6.109999879674583e-06
sub-113,0.535834099193492,0.3364722366212129,0.4110478627265517,0.12474681592959908,1.8161716272047939,8.288544018705726e-06
sub-113,0.505098479835703,0.41481097052640203,0.5754670078171724,0.1585480646450033,1.4466571513531306,6.1682917835598916e-06
sub-113,0.5892577415688037,0.46518434280978666,0.4110478627265517,0.20734490981773734,1.5101354959840698,3.8018217976941185e-06
sub-113,0.5196753579480429,0.363843433417345,0.4110478627265517,0.1408392100368312,1.5492996555160516,1.2016106970911078e-05
sub-113,0.490661848355847,0.35667494393873245,0.49325743527186205,0.15784032009886884,1.0427571457847604,1.319800306578919e-05
sub-113,0.498604122852447,0.29804485948732745,0.4110478627265517,0.14611280836861285,1.2412134000903443,1.4995668400477762e-05
sub-113,0.5401242677287856,0.419853845560264,0.32883829018124133,0.16513566749929676,1.4477964563293066,7.036369289859985e-06
sub-113,0.5935736514988872,0.3022808718729337,0.49325743527186205,0.1566173259535195,1.474543243824458,-8.723433053735964e-06
sub-113,0.5580861450245486,0.5444639829148206,0.49325743527186205,0.20600299511068926,1.3028778107657553,-2.2478759665424966e-06
sub-113,0.5707108191664222,0.2697558561836289,0.4110478627265517,0.11202518472179408,2.3928691747983777,3.3170052325588496e-06
sub-113,0.5127279331817586,0.4136956072446799,0.32883829018124133,0.1435619824179366,1.7265407032291766,-3.9926020207676155e-07
sub-113,0.5547505754535487,0.4486938426589846,0.49325743527186205,0.20531656855730898,1.2876968670935338,-8.930906511365989e-07
sub-114,0.4934566226889875,0.33997180274747735,0.4110478627265517,0.13590767209602458,1.6325957815865078,-5.654284421966106e-06
sub-114,0.5380246539573047,0.4203685136107393,0.4110478627265517,0.15463062053924845,1.5363028559976062,-1.1853614102943713e-05
sub-114,0.5527422237975074,0.2336148511815052,0.4110478627265517,0.18554810317755796,1.132590635508125,-4.6241731454698255e-06
sub-114,0.5140247990436454,0.4740936144972606,0.49325743527186205,0.15273516629956807,1.8312881485656465,9.67291084476367e-06
sub-114,0.5489175078558625,0.5839478885949533,0.5754670078171724,0.19226586384890695,1.2517212740738994,-1.5159070911722274e-06
sub-114,0.5400684935393784,0.3018302184178078,0.49325743527186205,0.17842734104167834,1.3840841257520535,6.852709456273079e-06
sub-114,0.5371491718780796,0.2929040164329326,0.32883829018124133,0.09864349330963781,2.0819226773752186,5.687413412034018e-06
sub-114,0.5563089818174048,0.5746285803246078,0.4110478627265517,0.17865722167923673,1.640865977891489,4.1783867765740495e-06
sub-114,0.5033517976047828,0.34347343208019643,0.5754670078171724,0.13131997708778825,1.67541828979368,3.1891878841477573e-06
sub-114,0.45431082267956513,0.39465419200394874,0.4110478627265517,0.11550831103901563,1.1458134194157141,2.3929815868967043e-06
sub-122,0.5340782978848966,0.5721945701422828,0.6576765803624827,0.17998135649886307,1.2915078363185832,1.2809638761417736e-05
sub-122,0.628790843622694,0.3022808718729337,0.32883829018124133,0.1966172000997113,1.432853819871528,8.798331698028042e-06
sub-122,0.5140247990436454,0.34876976443161906,0.4110478627265517,0.18355285940103042,1.4252510288370326,8.66217990299306e-06
sub-122,0.5740172316891166,0.5075143624623346,0.4110478627265517,0.16047373463506254,1.8129457982116148,8.052982278420236e-06
sub-122,0.5684158347112483,0.5985312041850962,0.5754670078171724,0.18740189483532507,1.5395979954017431,3.9749378060921807e-07
sub-122,0.6110433292371705,0.5504554185367584,0.49325743527186205,0.2530546667205328,1.2508137942648985,5.7642151804896336e-06
sub-122,0.6156758503815998,0.4618180446592962,0.4110478627265517,0.1496634743064298,1.9173490361082453,6.633327477159231e-07
sub-122,0.6183353623460848,0.5813557745718286,0.5754670078171724,0.27689599392908665,1.2363091402821353,9.442670832598039e-06
sub-122,0.636456055075247,0.4372138064227446,0.6576765803624827,0.25359923349044966,1.2958967024257118,1.1699567883888386e-05
sub-122,0.5805263568933176,0.5283187812135078,0.6576765803624827,0.2011192747642274,1.3298173238171933,8.360147559791071e-06
sub-122,0.6118262371418838,0.5408064559779265,0.49325743527186205,0.2411828482427834,1.3437097331792571,4.033310332446569e-06
sub-122,0.5740172316891166,0.3560168326941832,0.4110478627265517,0.14686573382816082,1.630426331247969,1.1739512561946268e-05
sub-122,0.5340771952970603,0.2876820724517809,0.49325743527186205,0.15918051456719345,1.5137752215822562,1.9706353910393497e-06
sub-122,0.5796184071489213,0.5428649775106075,0.32883829018124133,0.17388129905884767,1.7523095682868552,3.721400333056393e-06
sub-122,0.5896272954264788,0.6113171623123131,0.4110478627265517,0.2422319246985768,1.3101559782123673,6.220945520307908e-06
sub-122,0.5583790794098652,0.378181149159696,0.49325743527186205,0.20245122681706537,1.156682373341607,8.42401320706627e-06
sub-122,0.54736047730011,0.378592089857068,0.4110478627265517,0.1720889714203369,1.289357218998039,1.7168684236674973e-06
sub-122,0.5718220282306016,0.14337126008364084,0.5754670078171724,0.11151932042256454,2.2022930721983296,9.118804528768714e-06
sub-122,0.5913277174461157,0.49977578757940566,0.5754670078171724,0.2428743414730788,1.1990145275210282,9.641586731400864e-06
sub-122,0.5401242677287856,0.17760827234185636,0.49325743527186205,0.12195545196579805,1.4853327741415558,1.059640893354109e-06
sub-122,0.586764028132674,0.4377259703263859,0.49325743527186205,0.171686201870126,1.664181102062784,2.254698291595918e-05
sub-122,0.6101687041220221,0.6840146969966728,0.6576765803624827,0.2608105766774945,1.1303196306413532,1.6060565751443064e-05
sub-122,0.5473604773001101,0.3735898995777155,0.5754670078171724,0.18643986099842996,1.8295581341378158,-1.4482448679207294e-07
sub-122,0.5583790794098652,0.12897557608866186,0.32883829018124133,0.11818700509553728,1.470279552355951,1.3763792681945552e-05
sub-122,0.5112143629645954,0.23905012361374448,0.49325743527186205,0.12064716963839157,1.8353275748140412,8.146759453213961e-06
sub-122,0.6339061615696354,0.6641596436866931,0.4110478627265517,0.2431692587982028,1.3275641261784303,1.7166406814196335e-05
sub-122,0.6110433292371705,0.5520685823000397,0.5754670078171724,0.27244228007590077,1.136018979535362,-4.6162625183430553e-07
sub-122,0.5958298753702537,0.35117202574150214,0.32883829018124133,0.14796827799542842,2.128608739160428,1.556980439782088e-05
sub-122,0.5256666561903609,0.3794896217049037,0.4110478627265517,0.18101820478995212,1.5827902618573464,2.0004651221961637e-05
sub-122,0.5691629258723122,0.2704699435706595,0.5754670078171724,0.13301411243184466,2.040419257567314,-2.7722496144472047e-06
sub-122,0.6159044319026156,0.6539264674066639,0.5754670078171724,0.2470175591982494,1.2898368818832362,1.9858236467541676e-05
sub-122,0.5563089818174047,0.4010694966351263,0.4110478627265517,0.13999114583822686,1.7910200108564436,1.898379470730664e-05
sub-122,0.6339061615696354,0.5845133395571499,0.739886152907793,0.3030611613529997,1.1105681488526038,6.762142431425785e-06
sub-122,0.5896272954264788,0.4918226766403753,0.6576765803624827,0.22681503967526162,1.2192010782615141,5.626434662923372e-06
sub-122,0.604620120632468,0.28343578157032984,0.32883829018124133,0.17301831370046758,1.8889328029931787,3.581540245828383e-07
sub-122,0.6196222064540079,0.6514744841593773,0.5754670078171724,0.26080084818879673,1.2179160607409756,2.2648046480661334e-05
sub-122,0.592333957384912,0.381014012244,0.4110478627265517,0.17343224963132992,1.4495859052676179,1.8016766647379682e-05
sub-122,0.5949281942423351,0.6180265500918372,0.5754670078171724,0.23616150846185052,1.1882098665049574,1.0198750178507963e-05
sub-122,0.6110433292371705,0.6448286032891376,0.739886152907793,0.2973945355101529,1.0817684622047592,2.464820796327528e-05
sub-122,0.5609675135550843,0.5355182363563622,0.49325743527186205,0.22206878852347284,1.4192506375958445,8.205931349773694e-06
sub-125,0.5322878788070894,0.26804609793492207,0.4110478627265517,0.0982885925759475,2.968632020849905,-1.5512428240702537e-06
sub-125,0.592333957384912,0.3027611792789013,0.4110478627265517,0.1446459781574855,1.9707706842943546,-1.9948113325064545e-06
sub-125,0.5707108191664222,0.3406044739061234,0.49325743527186205,0.16725983163782443,1.4951923355628798,-5.3060538465887315e-06
sub-125,0.5822271001637388,0.37506763092379336,0.49325743527186205,0.15344056499299702,2.060716215535558,7.932347428746425e-06
sub-125,0.6156758503815998,0.5286977485321126,0.6576765803624827,0.21033391697631773,1.3927621269438628,5.599392772609253e-06
sub-125,0.5007558765056858,0.42460444831886185,0.49325743527186205,0.1630471638426984,1.5642294534490437,8.765817394581398e-06
sub-125,0.5707108191664222,0.46430560813109784,0.32883829018124133,0.14450258275921066,1.8204648283772042,-6.039945568552005e-06
sub-125,0.6076308150108348,0.4895482253187058,0.4110478627265517,0.17712661507173258,1.8276851741085591,6.0161171296435024e-06
sub-125,0.5135099826693201,0.15415067982725836,0.32883829018124133,0.15414248290975507,1.5623745379929135,-7.744775810226705e-06
sub-125,0.5989398254218053,0.5352441511141366,0.32883829018124133,0.19413375618432824,1.6388850593529496,-6.87601173907737e-06
sub-125,0.5752254580774614,0.3705180780309301,0.49325743527186205,0.15505142240915393,1.9632858763666092,9.366262899377403e-06
sub-125,0.5502803436659472,0.381014012244,0.49325743527186205,0.18785991384494724,1.3121625802362535,-1.2948210472750421e-05
sub-125,0.5727098389396168,0.4715085204251558,0.6576765803624827,0.16324585881957657,1.6401159918585884,6.6496717033870775e-06
sub-125,0.5279118200183376,0.38117241553911985,0.5754670078171724,0.20793576371584635,1.456247224795862,-3.36253448525032e-06
sub-125,0.6156758503815998,0.4935341266559297,0.49325743527186205,0.22866051911995408,1.43810854940682,-1.9010405126141282e-06
sub-125,0.5583790794098652,0.528844129268669,0.5754670078171724,0.20774930104955225,1.2141908618080006,6.573098785393217e-06
sub-125,0.5710921511706454,0.28097063786379406,0.49325743527186205,0.1349280163203346,2.2669470794056075,-5.276674097625656e-06
sub-125,0.5574201908815842,0.48265474679929443,0.49325743527186205,0.197241869448561,1.2727997626869596,5.308023908783147e-06
sub-125,0.5384620265792534,0.23940407218599005,0.32883829018124133,0.09581594502840685,2.331414183818555,9.69262083817157e-06
sub-125,0.5743631109653055,0.5847378820527603,0.6576765803624827,0.22418126354385956,1.4412497236885518,1.652535853082562e-07
sub-125,0.5340771952970603,0.39780223536259535,0.5754670078171724,0.14002618970310607,1.6212688703148834,2.5423213668789805e-06
sub-125,0.594928194242335,0.556287997842748,0.5754670078171724,0.19824258252333907,1.4526592899977535,1.7235611162562826e-05
sub-125,0.6118857613992571,0.3156709823540138,0.49325743527186205,0.1273229180398639,2.1560460625294033,-9.079150902022168e-06
sub-125,0.5195003171847205,0.43108227247846465,0.4110478627265517,0.12012634445765309,2.2256296682121954,4.524534691911561e-06
sub-125,0.5646821810149647,0.4902063365632549,0.4110478627265517,0.1572257997343591,1.7785571026811926,-2.841890739814814e-06
sub-125,0.5913277174461157,0.642885345779057,0.5754670078171724,0.2422608159755458,1.285701094799668,-5.66247968165003e-07
sub-125,0.5613161376105201,0.38512542387104165,0.4110478627265517,0.17484207300551452,1.6523778776398748,9.895567058699856e-06
sub-125,0.6348356603209249,0.4634523657585138,0.49325743527186205,0.16265830534011222,1.956858741064791,-6.078402530129665e-06
sub-125,0.5752254580774614,0.44333538216357427,0.49325743527186205,0.22681078196148569,1.1967645687776827,-3.3077651190121233e-06
sub-125,0.5929337079491732,0.36842383642781534,0.49325743527186205,0.19761891755785815,1.4823793761666906,-6.254719036647454e-06
sub-125,0.575945022060763,0.43481732012069185,0.6576765803624827,0.13306258113335112,1.9698296122996046,-5.771863906759011e-06
sub-125,0.5726626889456685,0.4133082855691902,0.32883829018124133,0.14542062918730791,2.1381909496534437,-4.217460312418569e-06
sub-125,0.5958298753702537,0.34104541532317795,0.4110478627265517,0.10790898195650453,2.4306062779996243,6.887526144750535e-06
sub-125,0.5340771952970603,0.47127832667773617,0.49325743527186205,0.19103057466788584,1.46456162493923,3.7393390575079907e-06
sub-125,0.5605170754680178,0.2876820724517809,0.5754670078171724,0.1770562580186091,1.3852577533399464,2.253689621239165e-06
sub-125,0.5502803436659474,0.44667537675482727,0.49325743527186205,0.2046267140819352,1.2839417760753495,3.9667942670477866e-06
sub-125,0.5626538006681111,0.4255865113075855,0.6576765803624827,0.22223043524310543,1.2725494030133948,4.07945825499455e-06
sub-125,0.5476046531546888,0.30715417586460125,0.49325743527186205,0.16377820798353301,1.5930076636382993,3.2543070810707235e-06
sub-125,0.6501066437395253,0.18571714579509283,0.24662871763593103,0.11967799355115791,3.0214671322396214,-6.6419906166498775e-06
sub-125,0.5962803134573204,0.28362527175616653,0.32883829018124133,0.09248061375273992,2.653701863247698,-3.5058563716271025e-06
sub-125,0.5671440611465248,0.39117915086068783,0.4110478627265517,0.18080798458928812,1.6467518950138214,1.7263297540044186e-06
sub-125,0.6339061615696354,0.4726044109457929,0.5754670078171724,0.1532811862265717,1.9976428953064813,-3.675941864972664e-06
sub-124,0.611577171083243,0.5721945701422828,0.6576765803624827,0.22763755774001607,1.2922577344458765,4.396906759912761e-06
sub-124,0.6446802422449878,0.3705180780309301,0.4110478627265517,0.18444369880017608,1.7862158470061826,6.468500039024576e-06
sub-124,0.5423309181959558,0.4467467670814684,0.49325743527186205,0.21952086717479627,1.2358235827496378,5.472546262284691e-06
sub-124,0.6325096990028387,0.32047189527477177,0.49325743527186205,0.1949912892364961,1.4823161239434655,-3.625107073433808e-06
sub-124,0.5547505754535487,0.49939692794236795,0.4110478627265517,0.20198016688398587,1.4206499326484514,1.3251486595532836e-05
sub-124,0.503998698162992,0.36870421213309457,0.4110478627265517,0.11297064747571811,2.409856392602406,2.609185661430931e-06
sub-124,0.5332028158056713,0.4871431391224315,0.5754670078171724,0.16601977564843828,1.6313388178665198,5.1722091052918474e-06
sub-124,0.5100820097892836,0.3547592345405934,0.49325743527186205,0.11385643532869259,2.0020971701400945,1.1361673635405995e-05
sub-124,0.6189360413819871,0.41954984798990347,0.6576765803624827,0.21253323303187624,1.1812405407977855,7.173679152736444e-06
sub-124,0.5918835192978454,0.5108256237659907,0.5754670078171724,0.1855904068372006,1.541483545604478,-1.954218532565462e-06
sub-124,0.5814280380212363,0.7820946665764414,0.6576765803624827,0.27756195532480926,1.071813721195568,8.587626455927014e-06
sub-124,0.5918835192978454,0.3827133511247484,0.5754670078171724,0.17839502574787702,1.5127511696486255,9.44626217973575e-06
sub-124,0.5617623146491274,0.3267634224942521,0.5754670078171724,0.1449227167663494,1.8624420113125686,1.8478254616151888e-05
sub-124,0.6196222064540079,0.5411309732613196,0.49325743527186205,0.2518436953917387,1.2297378104344416,-9.55709567449134e-06
sub-124,0.6177910265747998,0.31789585104827756,0.4110478627265517,0.13913198070885138,2.4594980793918437,6.73883587126192e-06
sub-124,0.4975903807325274,0.14832655154126959,0.32883829018124133,0.10722246912855542,1.894272237626467,2.4160439081143557e-06
sub-124,0.5117193122120364,0.6505875661411494,0.5754670078171724,0.2312923597358876,1.105434011409059,5.064322043812421e-06
sub-124,0.5371491718780796,0.4257703742689099,0.49325743527186205,0.19858614754794354,1.0849444818068406,1.6815614818130008e-05
sub-124,0.5580861450245486,0.38667719424253116,0.49325743527186205,0.12177348064603899,2.0662321146765885,5.426972705280476e-06
sub-124,0.5646821810149647,0.4456715285862049,0.5754670078171724,0.2263503004328115,1.2663382851579472,-2.6917184951057185e-06
sub-124,0.5711471305441079,0.3022808718729337,0.32883829018124133,0.11191511707335586,2.278698222218221,9.166026663129797e-06
sub-124,0.6156758503815998,0.42819335918572043,0.5754670078171724,0.16582764228254446,1.9437865564622197,8.602115903521626e-07
sub-124,0.6156758503815998,0.4262682357379276,0.4110478627265517,0.17827063994672,1.5503631996870761,-1.6573436312339623e-06
sub-124,0.5357941194893544,0.3347495833097667,0.4110478627265517,0.13557589196256106,1.9349966602935293,8.56791545916581e-06
sub-124,0.5476046531546888,0.4780358009429998,0.49325743527186205,0.19229753986208875,1.3520578290104392,5.498756808904338e-06
sub-124,0.4878206235982221,0.4379003838613182,0.5754670078171724,0.18009900713113797,1.4587098921883805,3.3101953179175734e-06
sub-124,0.5318877431210838,0.4337956147343904,0.4110478627265517,0.1760236924602571,1.495439343854655,-9.89606206005225e-07
sub-124,0.6138446705023917,0.41616039722491244,0.4110478627265517,0.14877571017167981,1.8916613149647628,2.570666900485034e-06
sub-124,0.592333957384912,0.48928377999123585,0.49325743527186205,0.14561879690461393,1.960400114644913,1.623289451274543e-06
sub-124,0.5342500374545599,0.23011222063030315,0.4110478627265517,0.10105584045846454,2.7074629332279434,1.0525840090594319e-05
sub-124,0.6076308150108348,0.48928377999123585,0.5754670078171724,0.16160840257691828,2.050840394989504,-6.052804708007643e-06
sub-124,0.606222348049614,0.5906685112770079,0.5754670078171724,0.20979244155096882,1.6350292069804604,5.900791465085088e-06
sub-124,0.5261211495610538,0.30830135965451655,0.4110478627265517,0.12409348637053962,1.6598689099286017,3.1882749061568364e-07
sub-124,0.5727098389396168,0.3409265869705932,0.4110478627265517,0.17428239296619447,1.7246020741947972,9.415644168431363e-07
sub-124,0.5707108191664222,0.6325225587435105,0.49325743527186205,0.24147820773029197,1.1293004447009152,-5.800925515993028e-06
sub-124,0.6156758503815998,0.3203590984780813,0.5754670078171724,0.27830729035166746,0.9937371210455874,1.9404979004616086e-05
sub-124,0.5814280380212363,0.4477674877988537,0.5754670078171724,0.17640796903667272,1.390055563815258,9.443743433790175e-06
sub-124,0.5952740735185239,0.2231435513142097,0.5754670078171724,0.14009578360253422,1.8368128928446192,2.658477961844063e-06
sub-124,0.5112143629645954,0.4370134658430903,0.49325743527186205,0.16671839734077376,1.2492174725933534,4.709007182308337e-06
sub-124,0.5573884484600162,0.5187937934151675,0.4110478627265517,0.1768539965547492,1.7935441161557575,-1.3766442395805593e-06
sub-124,0.5691524128025661,0.35667494393873245,0.49325743527186205,0.14051722705614517,2.109193775871054,2.5110156252225774e-06
sub-124,0.5718220282306016,0.2382751261831188,0.32883829018124133,0.14996260009218548,1.7401057391243302,1.7806253493897083e-06
sub-123,0.6071303096007553,0.6296337748376194,0.5754670078171724,0.22657122213814992,1.5265689479518143,1.451423196224444e-05
sub-123,0.5917637973754213,0.2525907526405108,0.49325743527186205,0.22967201346245283,1.3607878393932196,2.0358540381629596e-06
sub-123,0.5765800008209093,0.32968679922108546,0.32883829018124133,0.13233047530600953,1.8495742265897663,2.8319298774984685e-06
sub-123,0.5691524128025661,0.372239460479844,0.49325743527186205,0.1670053187762969,1.670743105392617,-1.1003319856399577e-07
sub-123,0.6062223480496138,0.3746934494414107,0.32883829018124133,0.1241177767816418,2.5592337718183984,-3.5030642584321417e-07
sub-123,0.5583080015905993,0.42803943014670337,0.32883829018124133,0.14160385321148022,1.7629194064493214,2.214370110833091e-06
sub-123,0.5423309181959558,0.44333538216357427,0.49325743527186205,0.21600076432001217,1.3921020386255025,-2.3002300077908867e-06
sub-123,0.48814864157583765,0.30421137440299145,0.32883829018124133,0.1294862827764245,1.5064298365439013,1.1717730634618834e-06
sub-123,0.4349703247722835,0.23572233352106983,0.32883829018124133,0.10155473271061291,2.0170640784206526,4.223459534200574e-06
sub-123,0.5896272954264788,0.4935341266559297,0.49325743527186205,0.17077119118660725,1.4814924812867236,1.585626184150545e-06
sub-123,0.5173292047124093,0.3639653772014116,0.5754670078171724,0.15243753232687543,1.156430054220756,-1.3753100299155102e-05
sub-123,0.5828176720602658,0.4009299529427731,0.5754670078171724,0.18114280991542553,1.4967113824180185,-4.725470233118314e-06
sub-123,0.5691524128025661,0.4432054360910115,0.4110478627265517,0.18732746120589658,1.3132800271479999,-1.8279011410509508e-06
sub-123,0.6387820163933331,0.45041649597043076,0.5754670078171724,0.20565354632657473,1.4169885336601014,3.6701790662500743e-06
sub-123,0.5563089818174047,0.4700036292457356,0.49325743527186205,0.17411224049635346,1.3164921106704217,-3.3163375040766425e-06
sub-123,0.5563089818174047,0.3476873074413529,0.32883829018124133,0.13959258792510695,1.7424535515413273,-4.304793868612103e-06
sub-123,0.5185299387581237,0.5126588048476517,0.49325743527186205,0.15843607033618756,1.3287272399424004,3.3027879741716645e-06
sub-123,0.5423309181959558,0.49758039701597007,0.5754670078171724,0.2034419958972432,1.1604062532966544,-1.0769640219776197e-06
sub-123,0.5035693177670362,0.3769499378001431,0.4110478627265517,0.11404499632720179,2.167329536798469,-1.9556012154584115e-06
sub-123,0.5138072788813919,0.3423719587484012,0.4110478627265517,0.12874299078860196,1.8404033407356923,-2.3024071200275165e-06
sub-123,0.54736047730011,0.5131758011109443,0.4110478627265517,0.17706111645301825,1.5894393584082216,-1.3338365731436149e-05
sub-123,0.6586418618235828,0.6190392084062235,0.6576765803624827,0.32347602805546377,1.1605715727074661,2.655346465092921e-06
sub-115,0.5332028158056713,0.40947312950570314,0.49325743527186205,0.1399165757712948,1.4207373510352455,4.4767599423894605e-06
sub-115,0.5726626889456685,0.46262352194811296,0.4110478627265517,0.16272083399272283,1.5675146288575392,1.395157374289925e-06
sub-115,0.534515670506845,0.4030982430978982,0.4110478627265517,0.14268688680441927,1.6576877213172483,6.5245293770961985e-06
sub-115,0.5081564877288705,0.389798991363765,0.4110478627265517,0.12559160209012638,2.028353365937005,8.657347167430287e-06
sub-115,0.5962803134573204,0.4486372799733731,0.49325743527186205,0.19242292880375197,1.3756929043827884,6.345315878214084e-06
sub-115,0.5547505754535487,0.2988553730499061,0.49325743527186205,0.20926432557506822,1.4181502356227207,-3.8301358478008864e-08
sub-115,0.530978204121557,0.45874647472110114,0.4110478627265517,0.12668677615440394,2.5073957309498667,5.51729011872016e-06
sub-115,0.5707108191664222,0.3980301296206462,0.5754670078171724,0.15033018583731128,1.951384039166619,2.5973025874658156e-07
sub-115,0.5918835192978454,0.491407537908889,0.49325743527186205,0.18620384486192937,1.6100447760211258,7.505496006393567e-07
sub-115,0.5501959568383719,0.24730961716139335,0.24662871763593103,0.08841547861055946,2.800662718464629,-3.1862265125023716e-06
sub-115,0.5225583250778879,0.32302143889708973,0.4110478627265517,0.15661072316370891,1.5056782072228159,1.1718196573188198e-05
sub-115,0.5671457950982371,0.3728091451341118,0.4110478627265517,0.13757035423040184,2.133077220597106,2.8938125378860976e-07
sub-115,0.5279290808469385,0.412955779837322,0.32883829018124133,0.14483661947655277,1.6072495956684871,6.331714996743483e-06
sub-115,0.5796184071489213,0.622195444587661,0.5754670078171724,0.23752465684433424,1.2621986700262269,-1.4524812489550837e-06
sub-115,0.5489175078558625,0.42010665810111253,0.49325743527186205,0.14977703082117458,1.3998627697921464,6.428347243215005e-06
sub-115,0.5749189128170351,0.4317824164255378,0.49325743527186205,0.1803271039333195,1.548468406305969,4.706729200173994e-06
sub-115,0.5462895804701012,0.5325656104023967,0.5754670078171724,0.16001544338462692,1.395186309066394,8.627137343011456e-07
sub-115,0.5646821810149647,0.3269934926666691,0.4110478627265517,0.11411753630987058,2.2151086309953634,4.3578051612312807e-07
sub-115,0.5186119690054796,0.26950947187213536,0.32883829018124133,0.09921777859517707,1.9546388381457496,1.4285338952307784e-06
sub-115,0.5574201908815842,0.5020919437972361,0.5754670078171724,0.2245893657280722,1.1938863196435816,-2.031243870418287e-06
sub-115,0.6011307058722274,0.6348782724359695,0.6576765803624827,0.2807197026888275,1.2339243607884092,1.1360709907825712e-06
sub-115,0.6085664767048762,0.22410926843416873,0.4110478627265517,0.16666952345457908,1.6788856293783783,-8.274612216204831e-07
sub-115,0.5691524128025661,0.2411620568168881,0.4110478627265517,0.12251877049024378,1.9109564393427179,3.4363215549224727e-06
sub-115,0.5583790794098652,0.3997014033914143,0.4110478627265517,0.17717882529790974,1.4183297510674466,5.279974421575277e-06
sub-115,0.572487982373566,0.46623714645025865,0.4110478627265517,0.16014351530732682,1.453397965923003,2.9666209972553833e-06
sub-115,0.4006442238580105,0.2876820724517809,0.32883829018124133,0.10284375023498596,1.8309191681859005,1.0847295047456014e-05
sub-115,0.5279290808469385,0.4595323293784402,0.5754670078171724,0.19112601137475244,1.2895119804132895,-8.460842241765834e-06
sub-115,0.5340771952970603,0.34454493434632416,0.4110478627265517,0.1661887445170207,1.4684014662970482,9.119616466701083e-06
sub-115,0.5583790794098652,0.45198512374305727,0.5754670078171724,0.24876783171203734,1.2158475178632173,9.532133423262028e-06
sub-115,0.5740172316891166,0.3056756374997935,0.4110478627265517,0.1300155973468802,1.9957565710888305,1.3060037246482953e-06
sub-115,0.5958298753702537,0.41689380393178715,0.49325743527186205,0.23456408071576573,1.2726827385959025,4.162766917732362e-07
sub-115,0.5762445963111835,0.48405538270138593,0.4110478627265517,0.2010324589474923,1.5765543537107565,1.1424339015239942e-06
sub-115,0.6306435867459349,0.43577045760349326,0.5754670078171724,0.1658580706613175,1.8762225318677026,-6.683093993649126e-07
sub-115,0.5361844165921598,0.158326051237739,0.4110478627265517,0.07806665220104994,3.420245769365115,-9.06921009857836e-06
sub-115,0.48640122001402647,0.2975929563512349,0.49325743527186205,0.13227230940006746,1.2891529154420693,-8.151721471375764e-06
sub-115,0.5909818381699268,0.410020924644025,0.6576765803624827,0.20081924171210835,1.2868719580160983,7.1045002849724e-06
sub-115,0.4910950261887184,0.41343327775734123,0.4110478627265517,0.14576124502916293,1.4106557856301798,-5.004181261266098e-06
sub-115,0.5439772420608477,0.39038600128104406,0.4110478627265517,0.13202496994159987,2.0103794237171684,4.99252536399709e-06
sub-115,0.6299469298710458,0.34159170172740383,0.49325743527186205,0.20177905359099335,1.4438194232177448,7.416178008006739e-07
sub-115,0.5762445963111835,0.3929257588554291,0.49325743527186205,0.12139444457012856,2.6220578564270935,4.029073575450405e-06
sub-112,0.5949281942423351,0.16507975035944858,0.32883829018124133,0.09332410056060965,2.5903506298155414,7.9892044431527e-06
sub-112,0.6122386799993341,0.6143663027068309,0.5754670078171724,0.2404454085151673,1.2557711400234648,-5.354318023865804e-07
sub-112,0.5923339573849121,0.4949702519761966,0.5754670078171724,0.18892782113099324,1.3893854335211526,-1.1136885705490092e-05
sub-112,0.5541159954637608,0.31321537445694575,0.4110478627265517,0.1108347596257541,2.445106252225814,-1.2749609904667551e-05
sub-112,0.5718220282306016,0.40333970879585096,0.32883829018124133,0.13446366564317763,1.920679389825892,1.1534613980638949e-05
sub-112,0.5197195336231006,0.3974969384589874,0.32883829018124133,0.13301959803936855,1.3479758361688479,-6.997530945443294e-07
sub-112,0.5501959568383719,0.2502245099168805,0.4110478627265517,0.1420183509223977,1.8083042209676499,-6.546065883054903e-06
sub-112,0.5148231489057915,0.3945120960889672,0.5754670078171724,0.12582039847812776,1.76378569529726,1.4156008257259108e-06
sub-112,0.5371491718780796,0.16384380903291804,0.4110478627265517,0.13728253419852635,1.716596341768361,-5.647363008998057e-06
sub-112,0.5473604773001101,0.3483066942682157,0.6576765803624827,0.21250273818927545,1.2534908615581013,-9.73454616246778e-07
sub-112,0.572487982373566,0.5547887471871067,0.4110478627265517,0.16521820342000695,1.8321370880107422,2.6637810480209383e-06
sub-112,0.46085004905813765,0.23679046515539162,0.32883829018124133,0.09253744102742532,2.1908807859610926,-7.511455447258686e-06
sub-112,0.5659482178252324,0.2318016140573243,0.32883829018124133,0.0771964426382233,4.083261836773235,-7.58564528506011e-07
sub-112,0.6101687041220221,0.46751709667573066,0.32883829018124133,0.16841328615861678,1.6496865732657369,1.1702009676824561e-07
sub-112,0.47978132308707916,0.2810109336347585,0.4110478627265517,0.10842209172033807,1.7099186309328158,-4.744917798309556e-06
sub-112,0.5580861450245486,0.23270468455819246,0.32883829018124133,0.10887840160363259,2.0259378934922654,-4.076130887268378e-06
sub-112,0.5935736514988871,0.3968813644167729,0.6576765803624827,0.2293483700735807,1.1544415500514829,-7.359917442003224e-06
sub-112,0.5892577415688036,0.3101549283038396,0.5754670078171724,0.21799658993853782,1.3793279489571273,2.2990873628089465e-07
sub-112,0.593573651498887,0.258861633916289,0.49325743527186205,0.17375346789057466,1.659763398232437,4.390858213457458e-06
sub-112,0.5878174413030132,0.41109892582642044,0.5754670078171724,0.15731158240960014,1.8798580437319827,1.3862420609526599e-05
sub-112,0.5717902858090338,0.45131149623358296,0.49325743527186205,0.16940736191785521,1.606919428882733,3.843971229559893e-06
sub-112,0.5112143629645954,0.42521187104299885,0.4110478627265517,0.15255264749111683,1.5625987123359049,-2.401126970534508e-07
sub-112,0.5726626889456685,0.4307829160924542,0.5754670078171724,0.25447318766236937,1.1834450874070934,2.0677727365141796e-06
sub-112,0.5580861450245486,0.49441259412466054,0.5754670078171724,0.1996225707194693,1.4339808200824982,1.1548084035355357e-05
sub-112,0.5244838471383011,0.43235400832449544,0.4110478627265517,0.11032547201175094,2.588707619124891,-1.5544718803025654e-06
sub-112,0.5112143629645954,0.29158071286743825,0.49325743527186205,0.09900607988954305,1.8414563137502495,-4.319513008660662e-06
sub-112,0.5439772420608477,0.3051345224030071,0.4110478627265517,0.0860835390743235,3.034575698358463,-8.213897669473631e-06
sub-112,0.530978204121557,0.28497571085403794,0.4110478627265517,0.16065302648985513,1.726961486104232,2.7086929222295323e-06
sub-112,0.548480135233914,0.5345421503833068,0.4110478627265517,0.22080604449021973,1.2377651615917715,5.53292976181425e-06
sub-112,0.5527422237975074,0.262364264467491,0.5754670078171724,0.0879389262329748,2.119732149733364,-3.376340179644076e-07
sub-112,0.5878174413030132,0.5011403180315269,0.4110478627265517,0.18716089412306086,1.6226943076851923,1.9845739689241174e-05
sub-112,0.5502803436659474,0.24264134702747725,0.49325743527186205,0.17905942936695973,1.4441025616528607,3.0611661536445365e-07
sub-112,0.6348356603209249,0.42250129526073227,0.4110478627265517,0.19664765492867545,1.6197830292659,-6.778658345552028e-06
sub-112,0.5563089818174048,0.30472353830663257,0.24662871763593103,0.11816662761022366,2.32364582932803,4.09836881174732e-07
sub-112,0.5501959568383719,0.4319316812963277,0.4110478627265517,0.13541076362725324,2.129272925197712,2.136332916409868e-06
sub-112,0.5909818381699268,0.45198512374305727,0.49325743527186205,0.16377825716561464,1.8308059474811174,1.2635205674957045e-05
sub-112,0.5916603275253033,0.3519016651860747,0.32883829018124133,0.1217782920327761,2.658786390669423,2.852337754243321e-07
sub-060,0.5896272954264788,0.4815888035809651,0.49325743527186205,0.16222548845944268,1.720952910692235,-1.231056345583486e-06
sub-060,0.5828176720602659,0.6427163269330534,0.4110478627265517,0.2070193838936528,1.4932085789840073,2.7962554101155353e-06
sub-060,0.6281644482747241,0.31321537445694575,0.49325743527186205,0.10820842310145212,2.8486956592511024,2.1587758221123476e-06
sub-060,0.6149896853095789,0.5273549257172012,0.739886152907793,0.3061047630539465,1.0938345297735625,9.76034261208912e-06
sub-060,0.5753693509041018,0.1596790800441948,0.4110478627265517,0.15053652215334817,1.4674343630737372,1.2525535887723519e-05
sub-060,0.5947648878283812,0.381014012244,0.4110478627265517,0.14954277600415145,1.8192957625552701,5.269395685350932e-06
sub-060,0.5548256793282236,0.20576494998389427,0.4110478627265517,0.1261548158006815,2.0412788618757056,8.161435087372248e-06
sub-060,0.628790843622694,0.6466271649250525,0.739886152907793,0.29416257286447783,1.2774040619978697,-1.118184322047104e-05
sub-060,0.6339061615696354,0.34122283937981074,0.49325743527186205,0.15145504184370148,2.383218717549403,2.5609167511159124e-06
sub-060,0.5962803134573204,0.5108256237659907,0.6576765803624827,0.28117781173587003,1.1771563923898163,9.820582725684996e-06
sub-060,0.5384620265792534,0.5020919437972361,0.4110478627265517,0.15910940335366566,1.495701970795071,9.769385105111331e-06
sub-060,0.5878174413030132,0.6931471805599453,0.5754670078171724,0.2704443633932036,1.1763045145857638,2.851272329830506e-07
sub-060,0.5828176720602658,0.4658742359037243,0.49325743527186205,0.16832310737306083,1.9445937189867637,-2.6741289323093274e-08
sub-060,0.6082923239269258,0.25131442828090605,0.32883829018124133,0.11096697424732441,2.345367483621808,-6.559771430259004e-07
sub-060,0.572487982373566,0.4462871026284195,0.4110478627265517,0.14046418274615094,1.9903411948887226,3.9877235840578235e-06
sub-060,0.6117294943091915,0.4418327522790392,0.32883829018124133,0.1664241475666843,1.6875028142981572,1.7265002549970758e-05
sub-060,0.592333957384912,0.5506471179526623,0.6576765803624827,0.2507697271732165,1.149937478437026,-1.3878177351879404e-06
sub-060,0.5252786301824007,0.2960204173689347,0.5754670078171724,0.10999390343210981,2.236045694413386,1.5368406133241763e-07
sub-060,0.6322505512397314,0.7462570058738938,0.49325743527186205,0.2508484764925608,1.411182859376222,-8.581727535222171e-08
sub-060,0.5580861450245486,0.47489361453992734,0.49325743527186205,0.1726633947580697,1.6104000983710094,-2.9889984703552205e-06
sub-060,0.5909818381699268,0.5129510230783042,0.49325743527186205,0.2026976203476637,1.4257433602851373,6.396988405516387e-06
sub-060,0.5671440611465248,0.48635276724726495,0.5754670078171724,0.2588720689133851,1.0790882307877998,7.828271738706312e-06
sub-060,0.6156758503815998,0.45401833352515514,0.4110478627265517,0.20503068601968605,1.5337488857515216,1.2242664521131803e-05
sub-060,0.5841660993914173,0.44692182178651046,0.49325743527186205,0.1797475753858121,1.9030634191946485,1.3575839003262997e-06
sub-060,0.5527422237975074,0.31329464830850723,0.4110478627265517,0.13838064170820258,1.6742649739402573,5.3493714268930305e-06
sub-060,0.5877139714528952,0.2546422183735807,0.4110478627265517,0.08944185372788245,4.199235653792831,3.5663497280563764e-06
sub-060,0.5762445963111835,0.35117202574150214,0.24662871763593103,0.12821587636353288,2.3186061202939805,7.285720980342793e-06
sub-060,0.6229241383788359,0.5133540701193493,0.32883829018124133,0.23323871564871376,1.4251844237246178,1.0731006437951988e-05
sub-060,0.54736047730011,0.29039577832337726,0.4110478627265517,0.14014327383188194,1.9832973781341054,7.4269226076414525e-06
sub-060,0.5707108191664222,0.3153446901953376,0.49325743527186205,0.15950528962332472,1.6836113616228172,-2.1883732494886007e-06
sub-060,0.5753693509041018,0.5959834321062977,0.739886152907793,0.2920776203801943,1.1927731774066377,7.775976849006621e-07
sub-060,0.6576984926533899,0.3867729750960119,0.6576765803624827,0.1435558861433177,2.402163301395115,5.054100670175469e-06
sub-060,0.6223412426758663,0.3012877245075595,0.32883829018124133,0.10067356078632973,3.4015346364898216,2.8891219395827994e-06
sub-060,0.6348356603209249,0.3202346754895294,0.49325743527186205,0.16834851704842746,1.7257188368179524,2.6658875694083362e-06
sub-060,0.6348356603209249,0.39705462959956805,0.49325743527186205,0.14400199636698877,1.9788402639961797,1.8525642701058895e-06
sub-060,0.5547505754535487,0.42488319396526597,0.5754670078171724,0.21172192889916616,1.4696585228066108,3.889802657781378e-06
sub-060,0.6119580758302074,0.5232481437645479,0.6576765803624827,0.24728302327949508,1.2990277411780862,8.857555646203387e-06
sub-060,0.5892577415688037,0.612517446159836,0.6576765803624827,0.28471398860716385,1.0714148223583915,4.7123137943155465e-06
sub-060,0.5148231489057915,0.41689380393178715,0.4110478627265517,0.14729091589200263,1.8987564355814042,1.0122894068970535e-05
sub-060,0.5502803436659472,0.43031110669469513,0.6576765803624827,0.17739792962603898,1.7013982852065976,-9.993284786849188e-07
sub-060,0.5896272954264788,0.2611227993794261,0.49325743527186205,0.15051334254268353,2.068118174108656,5.925407077000115e-06
sub-067,0.6156758503815998,0.7608058290337602,0.5754670078171724,0.2852252899629829,1.148670168228218,6.294918168476444e-06
sub-067,0.5615431847117457,0.3221682485229503,0.4110478627265517,0.11895590380810435,1.879546086505373,3.0752876346172755e-06
sub-067,0.41256859621075503,0.13744223061652172,0.24662871763593103,0.07737688243461675,3.49948467572226,5.9732350687968085e-06
sub-067,0.5127279331817586,0.4097847692526807,0.4110478627265517,0.1397255807015329,1.4287037422797557,3.203488094805736e-05
sub-067,0.5318754369193467,0.4662838481432036,0.4110478627265517,0.2248249487842425,1.0876890829414039,2.6086388772081484e-05
sub-067,0.6110433292371705,0.4530060528771645,0.49325743527186205,0.22369009401523132,1.2598633269428121,-2.6910285532860547e-06
sub-067,0.6122386799993341,0.2294131643278051,0.4110478627265517,0.1694549422645907,1.9779265637622616,2.2030917340043033e-05
sub-067,0.572487982373566,0.34396290835037047,0.4110478627265517,0.137333507892591,1.6473447594336343,4.400635673547559e-06
sub-067,0.5566903138216279,0.35158587443126105,0.4110478627265517,0.11187267119309238,2.585895208173251,4.0046766989995377e-07
sub-067,0.5779321200358946,0.4234836136108427,0.4110478627265517,0.16598077840601977,1.5277069776241297,9.526545490430214e-06
sub-067,0.5583790794098652,0.5130210143294263,0.49325743527186205,0.19232917071626854,1.3008336868866317,3.657262718804156e-06
sub-067,0.5340771952970603,0.3616902790544648,0.32883829018124133,0.147117226266213,1.5479382716179018,6.345273855741859e-06
sub-067,0.5436843076755311,0.27958486221916157,0.4110478627265517,0.1510810603896861,1.7699580941730066,7.6021710743335655e-06
sub-067,0.6117294943091915,0.49172545239257137,0.5754670078171724,0.22682312510130145,1.2686388658586951,-2.2587917573824777e-06
sub-067,0.47978132308707916,0.4418327522790392,0.49325743527186205,0.15774973732630332,1.3556715545720488,1.162483067004532e-05
sub-067,0.5436843076755311,0.5165236448806284,0.49325743527186205,0.1638722550966736,1.4437251170154575,1.0080006065291224e-05
sub-067,0.5261211495610538,0.3011050927839216,0.24662871763593103,0.12136152523357595,2.4195759553405245,-1.846145888019432e-06
sub-067,0.46085004905813765,0.33393309010253663,0.4110478627265517,0.11823299602897289,1.351128016543614,2.376888802489012e-05
sub-067,0.5445326765736695,0.3442214828674458,0.5754670078171724,0.14001051728494351,1.6999822185835045,6.543477237171598e-06
sub-067,0.6076308150108348,0.38353003124190876,0.49325743527186205,0.1883341747817967,1.4948691076277725,1.582652090779415e-05
sub-067,0.43058840408604787,0.322773392263051,0.49325743527186205,0.09921894855602027,2.2802033131209045,4.304986987877258e-06
sub-067,0.47978132308707916,0.3169117107667193,0.32883829018124133,0.13101933503340848,1.3808234067932579,5.838426624741471e-06
sub-067,0.5909818381699268,0.5255317711556861,0.49325743527186205,0.19177514193767212,1.5711865881507163,2.172534436857909e-05
sub-067,0.477365142321613,0.17904823144898543,0.49325743527186205,0.07367632655018891,2.2690584681942654,5.887771162718992e-06
sub-067,0.47521519146261565,0.2609518348541486,0.32883829018124133,0.11892123797677692,1.480868888351991,1.3721850058866152e-05
sub-067,0.5033517976047828,0.3398678256223512,0.4110478627265517,0.14771502377586654,1.5489660085710442,2.0321992132206883e-06
sub-067,0.5227473345290622,0.3640390664538675,0.49325743527186205,0.15370894900177548,1.319462445741906,-3.243264709497304e-06
sub-067,0.5476046531546888,0.3743099403283688,0.4110478627265517,0.13762162086800284,1.3918214951027594,1.1421938429988495e-05
sub-058,0.5453800414705745,0.3090048419206021,0.4110478627265517,0.09212504010962204,3.0113717891076015,8.969060129156103e-06
sub-058,0.5580861450245486,0.35384074270285715,0.5754670078171724,0.22751271258089856,1.3513292911116344,8.56282649525387e-06
sub-058,0.6198507879750239,0.5827991233910799,0.739886152907793,0.28474264020198653,1.0913044080906302,6.319554816321225e-06
sub-058,0.629946929871046,0.5002435144354537,0.4110478627265517,0.16395074550912525,1.9664237966640936,-6.55902017892097e-06
sub-058,0.5814280380212363,0.6118015411059929,0.5754670078171724,0.22403507185755514,1.265098074868738,7.05480456453319e-06
sub-058,0.6011307058722276,0.23262229526875347,0.49325743527186205,0.1264820469528551,2.241431160378821,7.213733795649154e-06
sub-058,0.5796184071489213,0.12885848692513027,0.24662871763593103,0.06122003436517083,4.402143618952825,4.799671819381343e-06
sub-058,0.5828176720602659,0.35774963506849783,0.24662871763593103,0.11562122054129871,2.90820555837614,-1.8617990612099516e-07
sub-058,0.5940787227563604,0.6664789334777841,0.4110478627265517,0.25504494265445427,1.3706294941004158,9.407031957416478e-06
sub-058,0.6156758503815998,0.25085518602254775,0.4110478627265517,0.10825873637471903,2.805914245761809,1.171577855860882e-05
sub-058,0.5765800008209093,0.36268698609536015,0.4110478627265517,0.12546285747244162,2.2427642078083543,6.000343258862338e-06
sub-058,0.6076308150108348,0.5292593254548287,0.49325743527186205,0.2230482053982133,1.572015526787112,7.751330906910823e-06
sub-058,0.592333957384912,0.5555258026838976,0.6576765803624827,0.2675684805271003,1.1954212599219136,2.71730911959334e-06
sub-058,0.5541159954637608,0.1670540846631662,0.32883829018124133,0.07373984300708893,3.876349691273346,3.69859436559668e-06
sub-058,0.6294815724197641,0.4674751828923769,0.49325743527186205,0.23492477755945607,1.568995924415551,9.941654182761508e-06
sub-058,0.5727098389396168,0.297632403304949,0.24662871763593103,0.11447073268333371,2.2485111080557223,-9.1919164553221e-07
sub-058,0.535834099193492,0.14136397824529037,0.32883829018124133,0.10421851038116278,1.5964664843122338,-3.824682596519147e-07
sub-058,0.5918835192978454,0.45198512374305727,0.5754670078171724,0.23181763070328068,1.3172520021454515,1.4015876747958675e-05
sub-058,0.5734156039539958,0.5001303346492427,0.5754670078171724,0.20728564156389695,1.457231372109548,7.876074986414493e-06
sub-058,0.6119580758302074,0.4993312443402556,0.4110478627265517,0.1858301918373787,1.6178703753543304,8.887580365701926e-06
sub-058,0.5564509974731854,0.43752704056782726,0.5754670078171724,0.2055773908887227,1.4438923450933934,-7.942743035225107e-06
sub-058,0.577481681948828,0.6173091041684408,0.6576765803624827,0.21548473875758783,1.3490125249584328,9.845939875252934e-06
sub-058,0.5802197433190089,0.5130957723005298,0.49325743527186205,0.1905865196507609,1.8212662290342743,-1.5582893895123469e-06
sub-058,0.5949281942423349,0.4482523833133733,0.49325743527186205,0.23028111856506325,1.3146003585795685,-9.663243151782733e-06
sub-051,0.5828176720602659,0.24533452462268865,0.4110478627265517,0.18804914644704354,1.471809155025706,2.6240810961338913e-07
sub-051,0.5620018617528243,0.45742484703887537,0.49325743527186205,0.2012815752710828,1.6390993930644733,1.1650819742068924e-06
sub-051,0.5501959568383719,0.43286408229627876,0.4110478627265517,0.19415064636378634,1.3823189587242681,-2.5560830830482624e-06
sub-051,0.5332028158056713,0.38227049112769607,0.5754670078171724,0.1848829176297285,1.4234386489915063,-4.193058479319915e-06
sub-051,0.5583790794098652,0.309321247555262,0.5754670078171724,0.19209832912204888,1.4028165719089636,5.650443426046766e-06
sub-051,0.6387820163933331,0.4579831423916108,0.6576765803624827,0.20127324082872383,1.6547292948654435,-5.139953804988294e-07
sub-051,0.5583790794098652,0.5937747067467416,0.4110478627265517,0.177161445022932,1.620433071059762,1.7769622628645312e-05
sub-051,0.4645797838578412,0.31259842371631535,0.4110478627265517,0.18974153199546281,1.4504212432802495,4.426768038787506e-06
sub-051,0.6483518366176466,0.3756121449584833,0.5754670078171724,0.18578069291512497,1.7098910497480952,-2.577887964885013e-06
sub-051,0.5081564877288705,0.45198512374305727,0.49325743527186205,0.14352533993476838,1.712957284803087,-5.249905059659242e-06
sub-051,0.5445326765736695,0.4183685129440723,0.4110478627265517,0.12868323017138406,1.6352148610682937,4.2327032335674467e-07
sub-051,0.5476046531546888,0.32292801151345574,0.4110478627265517,0.16436691886266125,1.1492725456986896,7.373828749784157e-06
sub-051,0.6306435867459349,0.45547552868282576,0.5754670078171724,0.26330757684264644,1.250665242880254,-1.5719480854360962e-06
sub-051,0.5357941194893544,0.3587276302564746,0.4110478627265517,0.14285915108804298,1.9261652422773712,-4.4504880993656e-06
sub-051,0.5918835192978454,0.40040180615161763,0.4110478627265517,0.1529742538922448,1.7825858131727017,4.312666075964357e-06
sub-051,0.5583790794098652,0.3637466545408721,0.4110478627265517,0.14055647665455495,1.673359538124993,6.14196156856795e-06
sub-051,0.572487982373566,0.294071870550552,0.4110478627265517,0.15246854073934987,1.438006523398813,1.602073996515478e-05
sub-051,0.511211357782295,0.5906685112770079,0.49325743527186205,0.1791319074240563,1.2942329939166883,3.940474216876729e-06
sub-051,0.5244838471383011,0.3239720738569815,0.4110478627265517,0.10738208163935514,2.146682396596395,-3.0805437135281484e-06
sub-051,0.6119580758302074,0.4441796202888547,0.4110478627265517,0.14404160927007933,2.133028593013938,-5.688138489715369e-06
sub-051,0.548480135233914,0.3794896217049037,0.4110478627265517,0.1624298887893951,1.1450442451503593,-2.97031933196027e-06
sub-051,0.4970176400348177,0.3668031210738999,0.4110478627265517,0.13186004560098774,1.5718978300612838,1.5552103267828655e-05
sub-051,0.4227209366238251,0.2794061631479212,0.4110478627265517,0.10212152662290885,2.139024624466095,-2.290735914569853e-06
sub-051,0.5757366418814421,0.20116464459543446,0.5754670078171724,0.1687119872949372,1.381450142051914,6.490998844951324e-06
sub-051,0.6094562709188414,0.3983476403393005,0.49325743527186205,0.23017323204029894,1.35466699754274,-5.547261217454918e-07
sub-051,0.5580861450245486,0.4036616811090136,0.5754670078171724,0.16688115042524657,1.4033567475512299,-4.3321729330733615e-07
sub-051,0.5878174413030132,0.3071948866753626,0.6576765803624827,0.16160231509163675,1.4820749916761655,-4.095972179270716e-06
sub-051,0.5958298753702538,0.4609537937258176,0.49325743527186205,0.18452946337202764,1.5489873105811913,3.978275468547254e-07
sub-051,0.5894953239655337,0.2219158040758874,0.5754670078171724,0.16581695520718995,1.165490528790768,-5.981640013572007e-07
sub-051,0.5878174413030132,0.3387135524642268,0.49325743527186205,0.14251956025948506,1.7447162838339358,-1.981524538032413e-06
sub-051,0.6378525176420436,0.41243377742425763,0.4110478627265517,0.18650530051902603,1.5421273311182866,2.3421119398296677e-06
sub-051,0.5445326765736695,0.4724758183911246,0.5754670078171724,0.16566550082817796,1.6801413436637853,1.3740220622021659e-06
sub-051,0.6036844589384265,0.25698308556297433,0.6576765803624827,0.1701318113728798,1.6001161087568987,1.0604961907219243e-06
sub-051,0.5371491718780796,0.28394375034117386,0.4110478627265517,0.12280351435805811,1.8657708918380427,-5.353293243525591e-07
sub-051,0.5671440611465248,0.4395444217610269,0.49325743527186205,0.1321952286978086,2.147048245894529,1.0857704038071323e-05
sub-051,0.5918835192978454,0.6201220455450555,0.6576765803624827,0.24776051118893336,1.1709607460651457,1.2072725338332128e-07
sub-051,0.5357941194893544,0.2793138227812644,0.4110478627265517,0.16744916801781645,1.5562390240877684,-1.0491220229433902e-05
sub-051,0.5896272954264788,0.4353180712578455,0.6576765803624827,0.19411156800414267,1.6967193120784272,-4.5610456861612056e-06
sub-051,0.5146696954954989,0.3573157642105817,0.49325743527186205,0.1353953550184605,1.5925120913107964,8.229239822636088e-06
sub-069,0.594928194242335,0.37729423114146804,0.49325743527186205,0.16116152225352964,1.456396563972598,-2.7134153558001607e-06
sub-069,0.5580861450245486,0.484745910982939,0.4110478627265517,0.17314174714117195,1.5967807097214595,4.497031945503812e-06
sub-069,0.5580861450245486,0.2958453830909419,0.49325743527186205,0.11415187763130703,1.8578931222319228,-3.2727224989125383e-07
sub-069,0.5112143629645954,0.5210297939402324,0.4110478627265517,0.15371555615951601,1.7096986843860622,-2.9058838337221004e-06
sub-069,0.5918835192978454,0.41670118137509027,0.49325743527186205,0.13734013920996274,1.8069191969844993,-7.268241653171003e-06
sub-069,0.548480135233914,0.4543957315797446,0.49325743527186205,0.17021774598489758,0.93321991159727,2.283224090367782e-06
sub-069,0.592333957384912,0.28929367634612246,0.4110478627265517,0.20385666712871173,1.4181493815081294,5.937113798723699e-06
sub-069,0.6378525176420436,0.43948808531978506,0.4110478627265517,0.19447378115477632,1.58892729386454,7.2065807270447875e-06
sub-069,0.5671440611465248,0.2607262624632527,0.32883829018124133,0.13210359391234502,1.7771771822573685,1.3597110636960495e-05
sub-069,0.6110766656731634,0.5353401895295765,0.49325743527186205,0.21696137202396748,1.4340138645384637,1.74974234268331e-05
sub-069,0.5221747934886456,0.2540654616527959,0.32883829018124133,0.11042675490361911,1.8558284900929274,6.296110153372112e-06
sub-069,0.503998698162992,0.18890052789199707,0.4110478627265517,0.1136069646672896,1.6598826943270286,-1.2723311506261686e-05
sub-002,0.5580861450245486,0.48550781578170077,0.5754670078171724,0.1951551661405156,1.220596805696385,-5.717265456306886e-06
sub-002,0.5127279331817586,0.33852562543305503,0.49325743527186205,0.18006794179010918,1.3445245181043974,9.22388465808052e-07
sub-002,0.5718220282306016,0.4405564279194345,0.32883829018124133,0.1589148307167137,1.473101087621807,-1.1496810543414547e-06
sub-002,0.534515670506845,0.12812109989627501,0.4110478627265517,0.1346655061751377,2.027456731605184,-3.3457171192486333e-06
sub-002,0.5583080015905993,0.4581818902805687,0.4110478627265517,0.16986936252598225,1.7090281841866408,-4.591599818071873e-06
sub-002,0.5617623146491274,0.6309048716827244,0.6576765803624827,0.2801436428528935,1.086849319309618,-4.486452711831792e-06
sub-002,0.6156758503815998,0.3648178013340082,0.32883829018124133,0.15323423603868597,1.8083263885138683,2.0205138941413763e-06
sub-002,0.5127279331817586,0.3225160251274134,0.4110478627265517,0.14761019565069722,1.3836404238782853,-1.882090383879412e-06
sub-002,0.5092640523464914,0.37283988079208774,0.49325743527186205,0.15544706898752328,1.3467440848737413,-3.568971282021097e-07
sub-002,0.548480135233914,0.3770761048454783,0.4110478627265517,0.16614818920154636,1.3932678431830632,-1.7797405465261938e-06
sub-002,0.6156758503815998,0.32668423025505006,0.5754670078171724,0.2049924022586219,1.4026628235587009,-4.888506838736587e-06
sub-002,0.4891674804180187,0.16301755827898626,0.4110478627265517,0.06803947308006501,3.654669930648787,-6.06469412371773e-06
sub-002,0.5249096607162105,0.2919647342437818,0.24662871763593103,0.08874088958822639,2.283352632866525,-1.0778992722463231e-05
sub-002,0.5580861450245486,0.3818335035748874,0.4110478627265517,0.10292016188852356,2.4692152722517635,-6.086585274685903e-07
sub-002,0.5371491718780796,0.5533852381847867,0.6576765803624827,0.21162710263310242,1.2053110966519853,-1.7296622766633654e-07
sub-002,0.5691524128025661,0.37616873861973354,0.49325743527186205,0.15020661577532748,1.943534482041356,-1.8156679534667915e-06
sub-002,0.4816880396243356,0.4181075015233409,0.4110478627265517,0.14128851476279702,1.2713458815853533,-4.157535785073287e-06
sub-002,0.5439772420608477,0.47426802803219303,0.5754670078171724,0.16702199880261465,1.7838377895959696,-1.3213446565553973e-06
sub-002,0.6117294943091915,0.5089547158301789,0.49325743527186205,0.1651811171041943,1.7425195330681849,-6.586311780609009e-06
sub-002,0.49464299855909366,0.3841423386393432,0.4110478627265517,0.10860015808197723,1.8493741508105483,-1.5454894840570526e-06
sub-002,0.5400684935393784,0.24873909850317352,0.4110478627265517,0.11780447795260049,1.8952780552777195,-4.482337110534297e-06
sub-002,0.5962803134573204,0.5469646703818638,0.5754670078171724,0.23592771327767004,1.1478991478306209,-7.31841747000155e-06
sub-002,0.48640122001402647,0.3602828853149315,0.4110478627265517,0.13222977801687358,1.1747512365413255,-1.2147083420439913e-06
sub-002,0.5384620265792534,0.33243997309327455,0.4110478627265517,0.16150665030176678,1.340145960053331,-1.8204081736254168e-06
sub-002,0.5173292047124093,0.29053514143418735,0.49325743527186205,0.12195175440482936,1.1005846262976506,-2.7829907165657757e-06
sub-002,0.5252786301824007,0.4981471655062198,0.5754670078171724,0.2112886974043645,1.3186463991731705,-3.434485532629177e-06
sub-002,0.5445785782309354,0.3250544151498867,0.49325743527186205,0.1252036973175265,1.99287728186353,-6.600346703620394e-06
sub-002,0.4227209366238251,0.3392157225669638,0.32883829018124133,0.13209639981003113,1.7118783114237894,5.423821067111994e-06
sub-002,0.592333957384912,0.4500211296583973,0.4110478627265517,0.17843821810501018,1.72568075782745,-5.0907942512789746e-06
sub-002,0.5279290808469383,0.21098945166352642,0.49325743527186205,0.10696928776494756,1.9849088290814982,-1.347562331791835e-06
sub-002,0.5896272954264788,0.2419764996473019,0.4110478627265517,0.09927910337771864,2.5963500752007493,1.2402913475119205e-06
sub-002,0.48640122001402647,0.28020739803507516,0.4110478627265517,0.12648794854273876,1.4210239974175864,6.43955367802254e-07
sub-002,0.5574201908815842,0.5500463369192721,0.49325743527186205,0.20940223518206733,1.0792418581593222,2.9322515984277993e-06
sub-002,0.5318754369193467,0.258861633916289,0.4110478627265517,0.12953148890405342,1.550604830882456,-1.0216181485594226e-05
sub-002,0.4802063670792377,0.413975797776073,0.49325743527186205,0.14526999919900646,1.3564217414475306,3.7041801288794014e-06
sub-002,0.5671440611465248,0.43739815521117353,0.4110478627265517,0.15445436983260685,1.715597167625684,2.653596674364422e-06
sub-002,0.6138446705023917,0.3265711656385013,0.5754670078171724,0.21108310948675643,1.335509523841594,-3.656865725317203e-07
sub-002,0.5068737234358001,0.26626797794796436,0.49325743527186205,0.1446339182099228,1.700403599552414,-3.416800735715138e-06
sub-002,0.5753693509041018,0.35615934712401043,0.5754670078171724,0.16093251084630805,1.1978549431901337,2.349232062119349e-06
sub-005,0.6110433292371705,0.5913644862500029,0.5754670078171724,0.24374067200834282,1.4180971531542417,-4.815254829368477e-07
sub-005,0.5749189128170351,0.3243834393022088,0.49325743527186205,0.15623644132214012,1.3581016922105433,-4.506814240380928e-06
sub-005,0.5580861450245486,0.4376222197426957,0.49325743527186205,0.14909379031171763,1.6642680964666683,-7.904523532474457e-06
sub-005,0.5257224303797683,0.5082248420659333,0.6576765803624827,0.2084412977167406,1.4356405036537903,5.209865159930049e-07
sub-005,0.6149896853095789,0.4628861614768716,0.49325743527186205,0.1750073845558431,1.6131688500024408,9.251574008089338e-06
sub-005,0.6156758503815998,0.32327301755448357,0.32883829018124133,0.15252584643527062,1.6594182242591589,-7.1632964945294285e-06
sub-005,0.5127279331817586,0.27602498790956814,0.4110478627265517,0.16819751384662443,1.6477163843320113,2.630105776879419e-06
sub-005,0.6177910265747998,0.5010694488206261,0.5754670078171724,0.18164728845466066,1.6976164363540907,-6.473504556533669e-07
sub-005,0.511211357782295,0.37662955846827706,0.4110478627265517,0.15381888356373247,1.3839749645783317,1.139267979658372e-05
sub-005,0.5968066738812823,0.326148353279577,0.32883829018124133,0.13048758726778906,2.6083759307338905,-8.314561385767126e-06
sub-005,0.5691524128025661,0.46065152367545525,0.4110478627265517,0.17546003162619622,1.4563189885292311,-1.3641612915655046e-05
sub-005,0.46821854811136715,0.2590502597774537,0.24662871763593103,0.08639513054221393,2.2760616756778984,1.324363067557334e-06
sub-005,0.5213922821403371,0.22718396085121476,0.32883829018124133,0.14009617746032654,1.4868593211082664,4.240614910719686e-06
sub-005,0.5917637973754213,0.5129510230783042,0.5754670078171724,0.20036207613988286,1.4901723016403792,3.7009223790279317e-06
sub-005,0.572487982373566,0.34656483700843715,0.4110478627265517,0.13201114044865744,1.8882637971950627,-1.3499383499213674e-06
sub-005,0.5791718141498696,0.24440355074105904,0.49325743527186205,0.14514618354587813,1.8564674279923012,-5.82561734718668e-06
sub-005,0.5527422237975074,0.4012897366976838,0.4110478627265517,0.15385515971257482,1.8570639855591036,5.6784378200830746e-06
sub-005,0.5033517976047828,0.39136050192662236,0.4110478627265517,0.14727309336226554,1.4856888931574945,1.2036217655971943e-06
sub-005,0.5040393024433445,0.1823215567939546,0.49325743527186205,0.10271526561643535,2.2435869410830116,-2.7450517996655302e-06
sub-005,0.5918835192978454,0.25878760645206594,0.32883829018124133,0.1030328075484729,2.4288841972063024,5.491362243458198e-06
sub-005,0.5968800640215814,0.3323142264725492,0.49325743527186205,0.17324061113525036,1.760170236730646,1.6606646176090208e-06
sub-005,0.594928194242335,0.4710623905939777,0.5754670078171724,0.15234571109346612,2.0442848658410226,-2.789017375090968e-06
sub-005,0.572487982373566,0.3622929362429557,0.49325743527186205,0.10748499981183765,2.4848092211726724,-2.227351226434454e-07
sub-005,0.5765800008209093,0.3472741696540266,0.49325743527186205,0.21141437698081017,1.3076829442647595,2.749637023899542e-06
sub-005,0.5240601892302358,0.41431472338514685,0.4110478627265517,0.1761024076139598,1.4366249763475654,-1.7286743920225124e-06
sub-005,0.4349703247722835,0.2592196077880194,0.32883829018124133,0.08787203236347106,1.16027203409804,2.8966920446534403e-06
sub-005,0.5261211495610538,0.38604702225106274,0.49325743527186205,0.20194038495139444,1.574269287395426,-1.0938573127863078e-05
sub-005,0.5671440611465248,0.23434815032707276,0.32883829018124133,0.11345290420575739,2.2271143917786724,-1.4259234067481021e-05
sub-005,0.5400684935393784,0.2657031657330056,0.32883829018124133,0.12233917880143869,1.9807238307065074,-2.8365497734561303e-07
sub-005,0.5249096607162105,0.39465419200394874,0.49325743527186205,0.14435704044190806,1.3290443349406325,-6.241677385116572e-06
sub-005,0.5646821810149647,0.21957848514971365,0.32883829018124133,0.13862535532896827,1.5354071451555098,-3.7496309116718344e-06
sub-005,0.5340782978848966,0.3625833806248987,0.32883829018124133,0.12212232913519087,2.350576997813725,-5.458101252257498e-06
sub-005,0.5805263568933177,0.4072460524791592,0.32883829018124133,0.1299684888357896,1.9048404787700204,-4.180934470273394e-06
sub-005,0.5033517976047828,0.3275035666384526,0.4110478627265517,0.11615623598342187,1.8897931023635781,7.719355086743881e-06
sub-005,0.5501959568383719,0.33508431134636485,0.4110478627265517,0.14097644157254202,1.8022079552253472,-2.8268879302598744e-06
sub-005,0.5580861450245486,0.18453394707689527,0.32883829018124133,0.12188027781498556,1.875095507455438,-6.927422819655071e-06
sub-005,0.5436843076755311,0.5256094199502277,0.4110478627265517,0.1849858968305979,1.4917128538031117,-1.0711750229247385e-06
sub-005,0.4528395727256839,0.3975599286010511,0.4110478627265517,0.11311432734574481,1.1923766327285343,-7.511489086057757e-06
sub-005,0.5707108191664222,0.22245127022044875,0.4110478627265517,0.11122921042058857,1.8110459923487838,-9.429000192703011e-07
sub-005,0.6156758503815998,0.23252350544402517,0.49325743527186205,0.18474066687327917,1.7835613835690205,-3.734463201240866e-06
sub-005,0.5007588816879862,0.33124004679091085,0.4110478627265517,0.12965960897348267,1.5301350289153237,2.2189479548172498e-08
sub-005,0.6119580758302074,0.27069929982263463,0.49325743527186205,0.15901313518277194,1.7532298095173258,1.0894550394389958e-06
sub-033,0.5514512282304381,0.21755024867769843,0.32883829018124133,0.1320583776212062,1.5909187017839876,-1.251833942965331e-06
sub-033,0.5144541794396013,0.4730852957831436,0.49325743527186205,0.23715047804232803,0.9688100989043282,-8.072905132262135e-06
sub-033,0.4881081969528621,0.38426290045756134,0.49325743527186205,0.1273682973846203,1.415660878403553,1.9703732174991247e-05
sub-033,0.5380246539573047,0.3677247801253174,0.5754670078171724,0.14988566983912477,1.3779756537010281,7.895868485945412e-06
sub-033,0.5574201908815842,0.5088434625619995,0.4110478627265517,0.17726420746846672,1.3714376595967392,4.9096414287333725e-06
sub-033,0.5878174413030132,0.4578330936254803,0.4110478627265517,0.19340158256092307,1.502330528319191,6.999572381371597e-07
sub-033,0.5913277174461157,0.40062248363237635,0.4110478627265517,0.18544258053288382,1.5917808377107203,4.200237183652684e-06
sub-033,0.6159044319026156,0.6332490389788763,0.5754670078171724,0.28710901770673786,1.0867780639018303,2.7332079925249123e-08
sub-033,0.4902368043636884,0.32176608923151745,0.4110478627265517,0.15015387987164036,1.1215187422399677,5.252285043717229e-06
sub-033,0.5896272954264788,0.6143663027068309,0.49325743527186205,0.2549258950051399,1.07815292509675,7.582810152693792e-06
sub-033,0.5196753579480429,0.38595229388458274,0.32883829018124133,0.16357501713325628,1.638353755602348,1.070382468635997e-05
sub-033,0.5958298753702538,0.5699145401359973,0.4110478627265517,0.19563004784761268,1.335994296383641,2.6531648656044138e-05
sub-033,0.5489175078558625,0.5042466526679482,0.49325743527186205,0.142195332690766,1.5605295083957516,5.761075698009251e-06
sub-033,0.4516494658034956,0.35667494393873245,0.4110478627265517,0.11902623183307909,1.4842522955934663,5.1916094957601865e-06
sub-033,0.5138072788813919,0.2707716003034643,0.4110478627265517,0.14247980802631216,1.1265759791910797,2.1279049885600886e-06
sub-033,0.47380685758633556,0.3392157225669638,0.4110478627265517,0.14459280890014273,1.4039144242535273,1.1141191409473006e-05
sub-033,0.6122386799993341,0.49709543095408865,0.6576765803624827,0.18649277692054664,1.761792721095074,2.3353787074865872e-05
sub-033,0.5878174413030132,0.4599979871284145,0.49325743527186205,0.19524319068991164,1.3044947612869173,1.6869430535774157e-05
sub-033,0.5617623146491274,0.608247736773459,0.5754670078171724,0.2336174512869027,1.270695701723579,-8.26581920984172e-08
sub-033,0.477365142321613,0.24613306953890846,0.4110478627265517,0.13404796913743855,1.402289088769953,4.294990715108133e-06
sub-033,0.6387820163933331,0.4027948795522855,0.49325743527186205,0.16191670499606842,1.7632291605477814,-2.6220414192398887e-06
sub-034,0.6119580758302074,0.29783444391579894,0.4110478627265517,0.17985306242286828,1.5870843071168925,2.6773616805847135e-06
sub-034,0.577481681948828,0.4239596907443288,0.4110478627265517,0.15001210438492735,1.8557213541029127,3.7100659962811176e-07
sub-034,0.5502803436659474,0.3798882663185147,0.5754670078171724,0.16740239136789492,1.4459324013890997,-6.657563523277659e-07
sub-034,0.548480135233914,0.35976295462730895,0.4110478627265517,0.1557943381738471,1.521007718319249,1.875923060690304e-05
sub-034,0.6082923239269258,0.4778556045284209,0.4110478627265517,0.20375459778113036,1.5295208126545718,-1.6443909973512124e-06
sub-034,0.5718220282306016,0.43592431559287304,0.5754670078171724,0.15388013712089846,1.495333083368152,1.213265721922834e-05
sub-034,0.5987112439007894,0.6384887680220813,0.6576765803624827,0.2620186794609446,1.2820842721817554,4.451176078103408e-06
sub-034,0.5174735995703291,0.3012040977837549,0.32883829018124133,0.12717460586546617,1.7471853277837583,5.773432796463921e-06
sub-034,0.47521519146261565,0.4448676559741933,0.4110478627265517,0.15077095304089153,1.392336783744662,1.4844652455925595e-05
sub-034,0.478807800083868,0.3639653772014116,0.4110478627265517,0.10569727590166182,2.2617500149306617,-2.437797852806276e-07
sub-034,0.5583790794098652,0.35806286921358044,0.4110478627265517,0.14920006964619312,1.8913146301971817,3.670754174490552e-06
sub-034,0.5740172316891166,0.28216024726747296,0.4110478627265517,0.15150234131903975,1.4955228566933987,6.041903044483928e-06
sub-034,0.548480135233914,0.3042799638608188,0.4110478627265517,0.13498638766105509,1.6200704947300688,6.0206609512023716e-06
sub-034,0.5318877431210838,0.4238142467763609,0.49325743527186205,0.17002627477632382,1.5598718199292951,6.464269379500863e-06
sub-034,0.5545261050778031,0.44333538216357427,0.49325743527186205,0.18174405699839016,1.6318862913647514,-6.70604099319647e-07
sub-034,0.5691524128025661,0.5135616035848655,0.5754670078171724,0.2351482102534266,1.134255496031003,-1.545754106726825e-06
sub-034,0.6006737645600597,0.16769224677799557,0.4110478627265517,0.11831786843130347,2.018276059133592,3.804544408434987e-07
sub-034,0.5340771952970603,0.16400297627026997,0.32883829018124133,0.0921989066045829,1.988871624868243,1.5278176298836032e-05
sub-034,0.5917637973754213,0.31709595765807425,0.49325743527186205,0.13505483002081037,2.1007393918778545,1.0178058149993273e-06
sub-034,0.6325096990028387,0.3475977257876157,0.4110478627265517,0.15355507277245223,2.106122561021292,1.3474897946390532e-05
sub-034,0.45536008439075826,0.33451337213587995,0.4110478627265517,0.11051117420963823,1.3964984057381624,2.255289582748669e-06
sub-034,0.533013806354497,0.3085887572710946,0.32883829018124133,0.10622198653276611,1.925615566692963,-4.165812571759109e-06
sub-034,0.5691524128025661,0.48405538270138593,0.49325743527186205,0.17199346302434537,1.476873981512526,8.56223621192802e-06
sub-034,0.44967997033386026,0.4159915210951518,0.49325743527186205,0.13774441142828311,2.0952793045598406,1.4057087663336248e-07
sub-034,0.4647597101860063,0.2645072317654695,0.49325743527186205,0.13474269461872884,1.6538426443877643,1.6504985720984867e-05
sub-034,0.5923339573849121,0.15977961869945895,0.49325743527186205,0.11358605465856433,2.438695721303363,1.649847419356748e-05
sub-034,0.4802063670792377,0.3751243910554921,0.32883829018124133,0.11338791235283703,1.9407608316166836,7.641011521762615e-07
sub-034,0.5752254580774614,0.381014012244,0.49325743527186205,0.17270474366452152,1.6825925074768078,1.5834772814613953e-05
sub-034,0.5100820097892836,0.2687288866495427,0.4110478627265517,0.1454159033238141,1.4698495109050664,3.407464709160308e-06
sub-034,0.5236228166082872,0.28343578157032984,0.32883829018124133,0.1452014586587011,1.64556909939958,1.3255919307364187e-05
sub-034,0.5279290808469385,0.5491078103370076,0.5754670078171724,0.17633372591989024,1.326756446518621,1.913375997847141e-06
sub-034,0.477365142321613,0.22705745063534608,0.4110478627265517,0.14253805268980468,1.3392331634944619,5.465879459468879e-06
sub-034,0.6178710538401146,0.2889901171117963,0.4110478627265517,0.163138306254842,1.677282210087742,-2.053159892696961e-06
sub-034,0.5822271001637388,0.322773392263051,0.4110478627265517,0.10748216241787026,2.524369787554062,1.1691959397826742e-05
sub-034,0.5357941194893544,0.2939912416450457,0.4110478627265517,0.14161103582280113,1.5818620134692487,-1.4746858406062392e-06
sub-034,0.536576630837663,0.2977468590679216,0.32883829018124133,0.09857102834158772,2.5002479846537216,9.17252466974958e-06
sub-034,0.5340771952970603,0.4931706885272699,0.49325743527186205,0.1880137444534714,1.4148332433901083,1.4715025171366482e-05
sub-034,0.5242627601580012,0.3313571359544425,0.32883829018124133,0.11914344585019693,1.6846855451476,6.326189669154416e-06
sub-034,0.5380246539573047,0.39147886613342453,0.49325743527186205,0.17930069434443216,1.4827767976181918,2.0334453261814307e-05
sub-034,0.4881081969528621,0.3049238788862869,0.32883829018124133,0.10755109435321654,1.4855999557795083,1.4679397828734847e-05
sub-034,0.6273460444615606,0.3275466710157087,0.4110478627265517,0.21781546026993406,1.4408686556776416,-7.337164833844583e-06
sub-057,0.6189360413819871,0.756862994946053,0.6576765803624827,0.28849937237934925,1.2077677040673094,-9.275613533922198e-09
sub-057,0.6178710538401146,0.7537718023763802,0.5754670078171724,0.291619566531846,1.1987019684571165,2.2821913694661784e-06
sub-057,0.6456236114151808,0.4999559515290868,0.5754670078171724,0.2829168514997379,1.251473754925806,6.275145954543953e-06
sub-057,0.5718220282306016,0.5010694488206261,0.49325743527186205,0.24770379663155223,1.262306704391283,-3.770121557568999e-06
sub-057,0.5646821810149647,0.3223502013976578,0.32883829018124133,0.1324412505210689,2.460124306811445,8.6143442406286e-07
sub-057,0.5659482178252324,0.33930643785708814,0.49325743527186205,0.13495621194679702,2.407309302679167,4.180077707382137e-06
sub-057,0.6576984926533899,0.5389965007326869,0.49325743527186205,0.23414838561326642,1.5663293968308507,4.296331047664838e-06
sub-057,0.628080817614142,0.6427163269330534,0.5754670078171724,0.26227687921445725,1.329980789719158,2.4846661112901813e-06
sub-057,0.5952740735185239,0.3903362265118642,0.5754670078171724,0.2316373660826702,1.440322587001724,-2.6116322599185737e-06
sub-057,0.5909818381699268,0.5087827221361905,0.4110478627265517,0.1871640861056379,1.3591846437891444,3.5194409174982707e-06
sub-057,0.6052641973438514,0.518344456180018,0.4110478627265517,0.1777863167124905,1.924453806533957,-2.5835512934286338e-06
sub-057,0.5962803134573204,0.5596157879354228,0.49325743527186205,0.2272748905484818,1.2813938208781765,7.422476966441277e-06
sub-057,0.5917637973754214,0.5496654570822546,0.49325743527186205,0.2297055869028531,1.3087808168424848,1.5989128197281035e-06
sub-057,0.634589942818343,0.5176985030537526,0.49325743527186205,0.23165525123700878,1.4127713769337795,3.3325100297556505e-06
sub-057,0.48814864157583765,0.2533144289475731,0.49325743527186205,0.08891608175451535,2.3754993731216762,-1.4439325641220484e-09
sub-057,0.5940787227563603,0.4353180712578455,0.49325743527186205,0.28224704714100096,1.1744009913637585,2.6723138152936367e-06
sub-057,0.5987112439007894,0.3588308915938006,0.49325743527186205,0.23242493026813946,1.2448423294403885,4.346004153021971e-06
sub-057,0.592333957384912,0.4986303506721723,0.49325743527186205,0.19155837563325073,1.4997349586972695,4.738541875803978e-06
sub-057,0.5752254580774614,0.5403844260075351,0.49325743527186205,0.2707120628012183,1.182005327826592,1.5225202004717553e-06
sub-057,0.5962803134573204,0.10594857800938066,0.49325743527186205,0.18658367932349376,1.265030387680643,6.4836889536422216e-06
sub-057,0.5691524128025661,0.2546422183735807,0.4110478627265517,0.11860018692507503,2.3107883626704706,-3.2139950620675222e-06
sub-057,0.5462895804701012,0.48485013736272997,0.49325743527186205,0.20220445033520604,1.1473870315956785,4.8525738483632365e-06
sub-057,0.6527254338636441,0.5500463369192721,0.5754670078171724,0.2593239321115119,1.2961235693491102,1.6437686703027015e-06
sub-057,0.6138446705023917,0.6061358035703156,0.49325743527186205,0.2308777513898368,1.3732624811637406,-1.7616321536094185e-06
sub-057,0.5949281942423349,0.49469624183610705,0.5754670078171724,0.20221787104285274,1.5594638963963563,1.62998071019336e-06
sub-057,0.5473604773001101,0.6493445579015524,0.5754670078171724,0.21663178930371213,1.3595741211672516,4.196513549944777e-06
sub-057,0.6117294943091914,0.74806293815606,0.739886152907793,0.2277522293189735,1.3572559015036365,-1.4599453389538452e-06
sub-057,0.6189360413819871,0.4512746441394586,0.49325743527186205,0.19220346628832957,1.8097358579248966,-1.4458558127883003e-06
sub-057,0.5580861450245486,0.6931471805599453,0.49325743527186205,0.2244208173573886,1.3059369623008177,5.844793491457509e-07
sub-057,0.6138446705023917,0.45589596173505625,0.4110478627265517,0.18337919184405255,1.6429098197081387,-4.1850823129788915e-07
sub-057,0.5940787227563604,0.5615187380815089,0.5754670078171724,0.19721513733144935,1.4946637003130432,-6.255883150386444e-07
sub-057,0.5802197433190089,0.34151638350789104,0.5754670078171724,0.22445097375521594,1.435767085913665,5.925087682652465e-07
sub-057,0.6518970096344273,0.5027284135333714,0.6576765803624827,0.21982208586192972,1.4943055858495735,-1.3897893492746407e-06
sub-057,0.5878174413030132,0.7118393135720978,0.49325743527186205,0.23915020399703832,1.1823469429926843,-4.494462770330053e-06
sub-057,0.5671440611465248,0.4982468415591305,0.6576765803624827,0.26042246696944865,1.1270537249143642,2.580396536992199e-06
sub-057,0.5340771952970603,0.6229429218866968,0.49325743527186205,0.26337320120453017,1.1238748091176918,-4.812410696606032e-07
sub-057,0.5685843614123153,0.5459169435772607,0.5754670078171724,0.24917442137167775,1.2254294911550347,-6.948098915242472e-06
sub-057,0.5727098389396168,0.4147675007704778,0.49325743527186205,0.1944810554129636,1.5297637403811661,-8.384783521110514e-06
sub-057,0.5225583250778878,0.3770761048454783,0.4110478627265517,0.16668832691958582,1.5403000544986796,-6.126803646547749e-06
sub-057,0.5617623146491274,0.45518854346059484,0.49325743527186205,0.21271669187346226,1.3697524067273097,9.99270593337851e-07
sub-057,0.6085664767048762,0.4874782597689995,0.5754670078171724,0.27864906971460707,1.1647289866817248,-2.7852312788719296e-06
sub-057,0.6462163086594431,0.5080047474243494,0.49325743527186205,0.28118847809905356,1.322813467935628,-4.940747972382735e-06
sub-068,0.6138446705023917,0.6105605895506713,0.6576765803624827,0.2066913032254355,1.5152419813622182,-7.281371121078342e-06
sub-068,0.5138072788813919,0.2740764203960023,0.32883829018124133,0.0947205806177405,2.008778702502113,5.252616685218803e-06
sub-068,0.4516494658034956,0.45866914417162896,0.4110478627265517,0.1412823589971913,1.3520533214454402,1.9560536751639034e-06
sub-068,0.5144947837199537,0.34862120913163563,0.32883829018124133,0.12831540933162847,1.4858792371199232,9.454234543322286e-06
sub-068,0.5371491718780796,0.4238142467763609,0.5754670078171724,0.15269414868228218,1.3265414943826097,-9.073023279639382e-06
sub-068,0.536576630837663,0.408006405536837,0.4110478627265517,0.1716028237049248,1.3373597578030778,2.4005767844050185e-06
sub-068,0.6183353623460849,0.42146544945460557,0.32883829018124133,0.1528114937871471,2.1645685195219007,5.815584439334397e-06
sub-068,0.5195003171847205,0.3894647667617233,0.49325743527186205,0.14923896384616986,1.8952555485173743,9.85242769927913e-07
sub-068,0.6117294943091915,0.35667494393873245,0.4110478627265517,0.15698924754309293,1.7108176613405903,1.4929044921521012e-05
sub-068,0.5032733103346622,0.40995949769600365,0.4110478627265517,0.13263137813589376,1.2302996130314492,5.9831658211785335e-06
sub-068,0.5962803134573204,0.3524995725282518,0.4110478627265517,0.13712503250686375,1.4627171170587445,-6.592714381767475e-06
sub-068,0.6062223480496138,0.4028777845432134,0.6576765803624827,0.2639133263568758,1.0916655956642,1.3501644251744678e-05
sub-068,0.4502771420389308,0.2832077920568599,0.4110478627265517,0.10757079181249754,2.3814451613096788,6.660633661452274e-06
sub-068,0.5080458620091366,0.41494385206270823,0.4110478627265517,0.13474633582801154,1.8155206789815748,9.615464818517657e-06
sub-068,0.5707108191664222,0.39653647736386294,0.32883829018124133,0.13217034848036308,1.8527660483307549,-9.338927744139774e-06
sub-068,0.6322728911891321,0.3188247198076347,0.49325743527186205,0.1442653850796254,2.0854886421315837,-8.586943243511181e-06
sub-050,0.5906662085300245,0.18543197920834703,0.49325743527186205,0.15359829034818354,1.5252172619260291,-9.600029619300813e-06
sub-050,0.5765800008209093,0.5668534552356532,0.5754670078171724,0.2706847328851963,1.0058164164861991,-2.2800753367067616e-06
sub-050,0.4928178290580529,0.27958486221916157,0.4110478627265517,0.09812564886243269,2.097331599858917,-2.182287430824931e-06
sub-050,0.5796184071489213,0.2799085741184005,0.4110478627265517,0.12649263322214388,2.029383545016179,-4.075220531174601e-06
sub-050,0.5231834144583679,0.3044125007109904,0.32883829018124133,0.1170646319270411,1.7425361809786608,-1.5186980819558775e-05
sub-050,0.4878206235982221,0.4234836136108427,0.5754670078171724,0.18779320753943704,1.2415361576982173,-1.6041984924856057e-05
sub-050,0.5196753579480429,0.34280137167286046,0.49325743527186205,0.1530702887664522,1.5732463689612666,-2.444524677071967e-06
sub-050,0.4964182421591909,0.24065713380691808,0.49325743527186205,0.13647973634461355,1.364816518076245,-9.703979541395679e-06
sub-050,0.5371491718780796,0.2945644120747226,0.4110478627265517,0.14180778437186564,1.6172275423082805,-7.619824240006143e-06
sub-050,0.6117294943091915,0.4730232591194555,0.49325743527186205,0.14981865123153779,2.2026733045427194,-8.54580580963522e-06
sub-050,0.5935736514988871,0.5441116013994574,0.6576765803624827,0.23752183553590936,1.3038277000702827,-1.948699310139363e-05
sub-050,0.5225583250778878,0.2503841956556865,0.4110478627265517,0.07525122540046734,3.5019090760504508,-6.7237791761340664e-06
sub-050,0.5501959568383719,0.420280193893305,0.4110478627265517,0.16820442312827438,1.694788824346208,-1.1377469745962063e-05
sub-050,0.5646821810149647,0.24909860641262446,0.4110478627265517,0.08922517059639985,2.6712190748437687,-5.11157173662433e-06
sub-050,0.5563089818174048,0.45382617980158557,0.5754670078171724,0.19342581581052498,1.4664925615303903,-8.09253633804162e-06
sub-050,0.572487982373566,0.41273786743724405,0.5754670078171724,0.18898330768299035,1.3649679563277426,-9.352223658818111e-06
sub-050,0.6339061615696354,0.3317773923170052,0.4110478627265517,0.11542538666227352,2.760488697267869,-8.413005530008022e-06
sub-050,0.536576630837663,0.4495250979021948,0.5754670078171724,0.1685417348984728,1.3253191391773336,-1.9045908722206566e-06
sub-050,0.6101687041220221,0.22738984219566089,0.4110478627265517,0.1449970840620565,1.8516813778498695,-1.5605204058102864e-05
sub-050,0.5015505074653276,0.3543099448072345,0.4110478627265517,0.17735947262292384,1.5932332545133234,-9.903238425603865e-06
sub-050,0.5476046531546888,0.5162164724008671,0.49325743527186205,0.18321235968196972,1.2481687538398862,-6.941089055152968e-06
sub-050,0.5007558765056858,0.20342172883404105,0.4110478627265517,0.1212544681668444,1.3079352244662368,-1.2973504771290753e-05
sub-050,0.5140247990436454,0.2692200096120455,0.24662871763593103,0.07964571299124026,3.059689844632209,4.363708976660083e-06
sub-050,0.5671440611465248,0.33238225136968785,0.4110478627265517,0.1014280866990151,2.44848894263203,-8.282566181498713e-06
sub-050,0.6099205794248116,0.46237324038004385,0.5754670078171724,0.22264111203780174,1.4935009390857137,-1.9458098867070444e-05
sub-050,0.5419071444683873,0.49703230163365497,0.49325743527186205,0.2163947025820098,1.3255032395329462,-5.457536748092713e-06
sub-050,0.5401242677287856,0.3120311014620675,0.4110478627265517,0.11186761966913485,2.114142119118753,-1.681086452169509e-05
sub-050,0.5971843497998193,0.22384017272865772,0.32883829018124133,0.1507982871920471,1.760326937210837,-1.4759323468615907e-05
sub-050,0.5909818381699268,0.3184537311185346,0.32883829018124133,0.11386146519500105,2.196549406831912,-1.69184766695189e-07
sub-050,0.5462895804701012,0.3357504754928032,0.32883829018124133,0.1140608830389797,2.101920892960388,-7.219939228689005e-06
sub-050,0.47893055890846176,0.3590390112336129,0.4110478627265517,0.12814350338414487,1.1246123766598957,-6.786881532382508e-06
sub-050,0.5896272954264788,0.5940562779157144,0.5754670078171724,0.26081292607739903,1.1749203546588665,-1.5135316644968434e-05
sub-050,0.5878174413030132,0.35184401666906684,0.4110478627265517,0.15803845966792146,1.5510039997907172,-4.104770511371194e-06
sub-050,0.5476046531546888,0.31150765086385057,0.4110478627265517,0.1082702673722752,2.1101175255265123,-4.952945907973262e-06
sub-050,0.5545261050778031,0.415221283053529,0.5754670078171724,0.13272584644591046,2.1701069473985957,-6.783108856615891e-06
sub-050,0.48318854338350997,0.17615504187829062,0.24662871763593103,0.11948905837320861,2.031200469033812,-6.650215122397758e-06
sub-050,0.5357941194893544,0.4485486942444762,0.6576765803624827,0.15204316930221384,1.8381819514959796,-3.2485833650428135e-06
sub-050,0.530978204121557,0.384024776870295,0.4110478627265517,0.14789669472727154,1.7663174969129367,-5.875085409550047e-06
sub-050,0.4865621587582085,0.23612426278693094,0.4110478627265517,0.11673743354498954,1.5019309369659377,7.82708656576559e-07
sub-050,0.5718220282306016,0.4102843945441133,0.5754670078171724,0.18812071558592142,1.3254749485018165,2.0617633806828564e-06
sub-050,0.5574201908815841,0.2973524774834634,0.32883829018124133,0.11777563245252098,2.010759509483705,-9.462198193901868e-06
sub-066,0.5896272954264788,0.5408064559779265,0.4110478627265517,0.2004307699335232,1.4011071394543713,1.3823174929299849e-05
sub-066,0.6325096990028387,0.5083224935478722,0.5754670078171724,0.21156459359328483,1.5545437219457803,1.4159701369164936e-06
sub-066,0.5547505754535487,0.2721296594442961,0.32883829018124133,0.13416202031875918,1.848369535763134,-7.631978170797124e-07
sub-066,0.5371491718780796,0.5138062519041285,0.49325743527186205,0.23082357533873443,1.0764502361542962,4.056154361250694e-06
sub-066,0.5958298753702538,0.364446088663619,0.4110478627265517,0.19299405645881368,1.4206103176027605,-7.765879893315894e-07
sub-066,0.5090448359081111,0.37531206993747684,0.32883829018124133,0.14910013940678832,1.4445654727899209,5.792744236157211e-06
sub-066,0.6183353623460848,0.2610138253696196,0.49325743527186205,0.18100775645083003,1.8455621862063996,-4.894568912988123e-08
sub-066,0.5896272954264788,0.5352441511141366,0.49325743527186205,0.22997053786689664,1.1893865131392205,8.872208522238362e-06
sub-066,0.47122906817951754,0.30910450803918765,0.5754670078171724,0.1695875408779156,1.5554745738188545,1.1669386690885583e-05
sub-066,0.604620120632468,0.27480886951557487,0.24662871763593103,0.10655528873731765,3.014968134430729,1.1665396528733715e-06
sub-066,0.4910950261887184,0.38662202030668447,0.32883829018124133,0.14163560929212027,1.6406481269767563,1.0942447817350252e-05
sub-066,0.5718220282306016,0.5232481437645479,0.49325743527186205,0.21279768208867522,1.2725928619157565,7.4950349943068935e-06
sub-066,0.6110433292371705,0.34590284695682133,0.49325743527186205,0.15766583053494806,1.6198180048357687,3.891000246760648e-06
sub-066,0.6149896853095789,0.4978384282391796,0.5754670078171724,0.24812079449056443,1.1298457127330315,6.385826739443676e-06
sub-066,0.5527422237975074,0.3719424160695207,0.6576765803624827,0.22435572535844875,1.1896003687163372,1.1622002424986102e-05
sub-066,0.5580861450245486,0.5695332245927687,0.49325743527186205,0.21834944430298409,1.2101828946506927,9.50870034662733e-06
sub-066,0.5318877431210838,0.2714967480307636,0.32883829018124133,0.14486939563179133,1.494934763913332,8.44601702135724e-06
sub-066,0.6098983144299835,0.38229804882663004,0.32883829018124133,0.14519059646741014,2.1149817620985076,5.1932009602374375e-06
sub-066,0.6094562709188414,0.4756268868000977,0.32883829018124133,0.16167058455903774,1.8073643822774148,3.3923560053573343e-06
sub-066,0.5707108191664222,0.5366573183795148,0.5754670078171724,0.17846204018907885,1.4778204022006765,1.5807291399699036e-06
sub-066,0.4970176400348177,0.3543734469504531,0.49325743527186205,0.11686146815683403,1.7117867031493117,1.9402156766165847e-06
sub-066,0.5855489678931255,0.4930867994286091,0.6576765803624827,0.21946903138910712,1.2512949111363616,8.013206103822742e-06
sub-066,0.6306435867459348,0.4307829160924542,0.5754670078171724,0.14446741925739762,2.273002775046462,6.405736692993031e-06
sub-066,0.572487982373566,0.48097266061630956,0.5754670078171724,0.19161211663005795,1.3389791294779645,9.68271846978234e-06
sub-066,0.5473604773001101,0.5683954755874685,0.4110478627265517,0.21297656780862936,1.4348772619000183,1.8831766611564336e-05
sub-066,0.5805263568933177,0.6659961914939944,0.5754670078171724,0.2596730627413578,1.1624893814583732,2.415113556773943e-06
sub-066,0.4865621587582085,0.35937400090789745,0.49325743527186205,0.1407606465924525,1.4275145846006487,5.133293551076377e-06
sub-066,0.6189360413819871,0.7691330875378672,0.6576765803624827,0.30452809297647454,1.089422004735196,9.45175325615813e-06
sub-066,0.5318754369193467,0.3686511349854481,0.49325743527186205,0.12776111833137524,1.8746841439521402,-4.536578766419061e-06
sub-066,0.5894953239655337,0.37747619820593153,0.49325743527186205,0.14261914108132054,1.6773812273981217,2.9530796550399013e-06
sub-066,0.5740172316891166,0.5862840350175841,0.6576765803624827,0.22024704416173477,1.3241250628613856,-2.4941091728120456e-07
sub-066,0.5691524128025661,0.29307292108665733,0.4110478627265517,0.13855912919952867,1.948601002233101,1.5292118822277523e-05
sub-066,0.5371491718780796,0.43487899331445773,0.4110478627265517,0.16979899570863569,1.4037695849430967,1.317749588544911e-05
sub-066,0.5723621907836566,0.561954970288595,0.6576765803624827,0.22987412153698356,1.2977867794358051,6.678172474424101e-06
sub-066,0.577481681948828,0.5086493443433951,0.5754670078171724,0.22322172972430773,1.3178318851785735,-2.3574690837024013e-06
sub-066,0.5962803134573204,0.4953214372300254,0.49325743527186205,0.17234058069690925,1.6039579586107482,7.4591706189476075e-06
sub-066,0.6156758503815998,0.4999559515290868,0.739886152907793,0.2588666952449038,1.2034276202642498,9.224737585737304e-06
sub-066,0.4669096610450037,0.26452876747706405,0.4110478627265517,0.23311736630848326,1.2033168077963743,1.9038725450645234e-05
sub-066,0.6149896853095788,0.42845462633286313,0.49325743527186205,0.19612314342597845,1.633378059994795,1.1502965353007997e-05
sub-066,0.5148231489057915,0.32062622817113495,0.4110478627265517,0.1199865855066275,1.9189417636407806,1.6722737295524648e-05
sub-066,0.5580861450245486,0.4027948795522855,0.32883829018124133,0.16741456812043617,1.325070697570515,5.3677402933908555e-06
sub-061,0.592333957384912,0.7576857016975165,0.739886152907793,0.23909315967161646,1.1880104201354107,7.324675278001312e-06
sub-061,0.5855489678931255,0.15257958759521706,0.49325743527186205,0.10489596330844476,2.2746449668800515,-4.769033560491428e-06
sub-061,0.5909818381699268,0.6176396280518002,0.6576765803624827,0.277743437793405,1.0966518174206124,-5.536052057458633e-06
sub-061,0.5574201908815841,0.4683789335187337,0.5754670078171724,0.24967910724134112,1.157845979641992,4.925040517658754e-06
sub-061,0.49452396408587856,0.25534669180884456,0.32883829018124133,0.13843628205756084,2.2110443125322443,-2.2917628027043365e-06
sub-061,0.5707108191664222,0.5947071077466928,0.49325743527186205,0.22817188219244833,1.1269817205370718,-2.9574797718119108e-06
sub-061,0.5814280380212362,0.4936578201436253,0.49325743527186205,0.20501887862286478,1.3351535832203059,3.266157360457371e-06
sub-061,0.5256666561903609,0.4020924236295251,0.5754670078171724,0.2068621502303815,1.4647370817551864,-9.216627850211584e-06
sub-061,0.577361960026404,0.5668534552356532,0.49325743527186205,0.26132811441649767,1.2678674775449958,7.030851313231018e-06
sub-061,0.6101687041220221,0.4629696025883556,0.49325743527186205,0.17066027277921142,1.704032283709598,1.1371661759004769e-05
sub-061,0.5318877431210838,0.4251701791874968,0.32883829018124133,0.1592934611359223,1.729629997052503,-2.367365794364141e-06
sub-061,0.570852834822203,0.4700036292457356,0.49325743527186205,0.1721152771934362,1.4976779023018696,-6.633883729779935e-06
sub-061,0.5727098389396168,0.40546510810816444,0.4110478627265517,0.14294979773127045,1.5190950871764535,-1.3212461651043998e-06
sub-061,0.528985420034733,0.4430030274272296,0.4110478627265517,0.15097092109443602,1.7634249283413823,1.9027939547976822e-06
sub-061,0.5918835192978454,0.5453862988314581,0.5754670078171724,0.2164664265015866,1.3024121201914747,-4.7194036308567085e-06
sub-061,0.47254566013576904,0.3968813644167729,0.49325743527186205,0.13142650668746444,1.7824117841792089,-1.1073910801417753e-06
sub-061,0.5962803134573204,0.5210297939402324,0.4110478627265517,0.1684405040125758,1.6195933995665803,7.521063181965534e-07
sub-061,0.5617623146491274,0.3184537311185346,0.49325743527186205,0.2010157409762991,1.3251265758587283,1.4612589629206027e-06
sub-061,0.4928178290580529,0.3825508485852885,0.4110478627265517,0.18600441703380657,1.2477451986799601,8.403663300412924e-06
sub-061,0.5473604773001101,0.5020919437972361,0.5754670078171724,0.22290722148751643,1.3273852158801334,4.656576442888036e-06
sub-061,0.6101687041220221,0.34054556200884867,0.49325743527186205,0.16288114272654663,1.722752019410651,4.999265439634853e-06
sub-061,0.5318754369193467,0.34240697214102755,0.49325743527186205,0.16803452641733885,1.4392468790664328,1.1024892937905564e-05
sub-061,0.5918835192978454,0.4579831423916108,0.49325743527186205,0.20717521011114137,1.22088690978106,1.450676844593752e-06
sub-061,0.5779321200358947,0.6466271649250525,0.5754670078171724,0.23331373875277922,1.3041037008279943,4.215894096752171e-06
sub-061,0.5717902858090338,0.2789228923618994,0.49325743527186205,0.09495364103214408,3.1114527806367525,-1.5085858383693076e-06
sub-061,0.572487982373566,0.41689380393178715,0.49325743527186205,0.14912186333156618,1.5779083182160765,-3.283477458936589e-07
sub-061,0.6098983144299835,0.4226013903511516,0.32883829018124133,0.13786081598732686,2.203689670844091,1.0431587114106783e-05
sub-061,0.6392463248993033,0.2900601948567483,0.6576765803624827,0.19005530749003213,1.4449445589422707,1.2999816117030803e-06
sub-061,0.536576630837663,0.37776250555882857,0.4110478627265517,0.18153103679768234,1.4079659871284655,-4.548171259286525e-06
sub-061,0.5547505754535487,0.4500694143449184,0.6576765803624827,0.22522744721131152,1.322597024930188,-1.1278181856970018e-06
sub-061,0.586764028132674,0.2637493062401527,0.4110478627265517,0.16467201545695945,1.4447931733536878,-5.081758354633883e-06
sub-061,0.6325096990028388,0.40322546551465954,0.6576765803624827,0.23297226296270684,1.2297281158423061,7.663237627201243e-07
sub-061,0.6110433292371705,0.40546510810816444,0.49325743527186205,0.17955188708416137,1.7045017058835188,9.511353910255283e-06
sub-061,0.472545660135769,0.24699476713638965,0.4110478627265517,0.08913693664970339,2.555074309395138,-4.4835132690310456e-06
sub-061,0.5527422237975074,0.25711490858134733,0.49325743527186205,0.12962778767795047,1.8752278670980738,1.787832960320225e-05
sub-061,0.5564509974731854,0.5760906251389277,0.5754670078171724,0.21583382953173205,1.3861922489194112,-4.9607315760981415e-06
sub-061,0.6076308150108348,0.4331166394386745,0.8220957254531034,0.22601989036513823,1.316716704693614,6.001068480748167e-06
sub-061,0.6352999688268952,0.655119784970706,0.5754670078171724,0.26835197323977117,1.2684299027220398,5.305506041102656e-06
sub-061,0.6378525176420436,0.45455471830468797,0.49325743527186205,0.2287716157155954,1.341514266344647,-1.2830851555484131e-05
sub-061,0.5403487381045312,0.4684780759368984,0.5754670078171724,0.20470074358608617,1.3278862333038524,2.2498802620245725e-05
sub-061,0.597155558864402,0.41082705124954977,0.4110478627265517,0.19798970196871643,1.6022188693846622,3.318325252680509e-06
sub-061,0.5261211495610538,0.42845462633286313,0.5754670078171724,0.1767067121712703,1.4330527467882266,2.5059310836218414e-06
sub-035,0.6110433292371705,0.4353180712578455,0.5754670078171724,0.1836807337500315,1.6015921078375588,7.918634000736379e-07
sub-035,0.6104324298846243,0.34984539283307103,0.4110478627265517,0.21179355648154954,1.5258594629742555,-2.9416731968304653e-06
sub-035,0.6387820163933331,0.5653138090500603,0.49325743527186205,0.20901652210684174,1.63952083768987,9.594195776081539e-06
sub-035,0.6313433924378427,0.22769936785007044,0.5754670078171724,0.28275370362138985,1.1226429427061495,5.575965876422723e-07
sub-035,0.5968800640215814,0.45359759385862564,0.5754670078171724,0.2102887040527544,1.7161915246641763,1.5368337002794214e-05
sub-035,0.6141150601944303,0.4404841344077457,0.5754670078171724,0.2126853171820901,1.4906778744046951,-3.4485061954114177e-06
sub-035,0.6322505512397314,0.6061358035703156,0.5754670078171724,0.25138430642633297,1.3024910404559433,-6.811136594400259e-06
sub-035,0.5917637973754213,0.7672551527136672,0.6576765803624827,0.2875633185613187,1.1682434875843752,1.070340256689589e-06
sub-035,0.6330267454365449,0.5937747067467416,0.739886152907793,0.24368880221810016,1.503442431080464,7.3020413736611e-06
sub-035,0.530978204121557,0.27157561342072806,0.4110478627265517,0.10518924431393258,2.449198026083989,-1.892572354770404e-05
sub-035,0.6348356603209249,0.46430560813109784,0.49325743527186205,0.23830921406842756,1.3526235247207998,2.5490169267092684e-07
sub-035,0.6169415550888252,0.4407332469456223,0.32883829018124133,0.16642259465265513,2.0273114565031647,-6.447110272307524e-06
sub-035,0.6348356603209249,0.46262352194811296,0.5754670078171724,0.23694768885666626,1.3675664449174807,4.411154948883696e-06
sub-035,0.628326535116724,0.43286408229627876,0.739886152907793,0.3327299186725993,1.0366947672506142,-3.1360637178084336e-06
sub-035,0.6189360413819871,0.7482069577429727,0.6576765803624827,0.2598500863261159,1.2584705524495998,2.4427664433129123e-06
sub-035,0.6576984926533899,0.5187937934151675,0.739886152907793,0.28017520232904264,1.2782687727111484,-6.284894633922168e-06
sub-035,0.5563089818174047,0.42100371153594357,0.49325743527186205,0.19801413397026424,1.2907666818877523,-1.285370853731196e-05
sub-035,0.5112648188413434,0.14679770552199953,0.32883829018124133,0.15522918142155148,1.88788392072215,-8.828863506107004e-06
sub-035,0.6397071834552421,0.5465437063680699,0.49325743527186205,0.20133268661576278,1.792935604520734,-3.3690648536886026e-06
sub-035,0.6138446705023917,0.6830968447064438,0.5754670078171724,0.23598310898951352,1.3721683552753807,-5.576326328967595e-06
sub-035,0.5779321200358947,0.5400247784582529,0.49325743527186205,0.23511582795164113,1.1063355743797159,-5.233250396617598e-06
sub-035,0.6156758503815997,0.4700036292457356,0.49325743527186205,0.16507320833986902,2.038649034372578,-5.566820455088082e-06
sub-035,0.6378525176420436,0.5223864461670668,0.5754670078171724,0.24386124702215278,1.4584412973977268,1.5332263614985718e-07
sub-035,0.5918835192978454,0.35723975615369113,0.32883829018124133,0.18367925750119668,1.4660089034467498,-2.973762230845773e-06
sub-035,0.6260005737986377,0.27514833630452434,0.5754670078171724,0.25471059937100404,1.2534296524648794,-1.9111341147978845e-05
sub-035,0.5906662085300246,0.3285040669720361,0.32883829018124133,0.10165314399558212,2.9007834410114324,5.7024020734776345e-05
sub-035,0.6161850360717424,0.4216504325291818,0.4110478627265517,0.124999279478369,2.5760584087116243,-1.4482584566407019e-05
sub-032,0.5828176720602659,0.36503153852967374,0.32883829018124133,0.14650953946911507,1.829701448157656,3.1083014273723944e-06
sub-032,0.5252786301824007,0.4906229164484712,0.49325743527186205,0.18757797242665192,1.328103844196328,3.272316577006481e-06
sub-032,0.5878174413030132,0.4862264647526229,0.49325743527186205,0.24942116776628454,1.118250392380449,1.114853449142963e-05
sub-032,0.6110433292371705,0.46357273891544515,0.49325743527186205,0.19849299673477747,1.4864520816052669,-1.1622786618212025e-06
sub-032,0.4486211737748711,0.4787373092144902,0.4110478627265517,0.13366847649702968,1.391387080056262,-2.5573102706663907e-06
sub-032,0.5068737234358001,0.3886579897917832,0.4110478627265517,0.15252604417585203,1.2923919857844388,2.1859417592386064e-05
sub-032,0.4559889920033248,0.26346781433118627,0.4110478627265517,0.10530682491446738,1.478773542913612,6.305821444968888e-06
sub-032,0.5918835192978454,0.44407994423594394,0.32883829018124133,0.1626536275149646,1.889815765175274,7.383961485042857e-06
sub-032,0.634589942818343,0.23225226751245004,0.24662871763593103,0.09926428361722711,3.2643917439666152,-3.1554660856320587e-06
sub-032,0.43058840408604787,0.27565349658617383,0.4110478627265517,0.14136744549399813,1.3054662102417476,-1.5353852263476104e-06
sub-032,0.490661848355847,0.4006918293555066,0.4110478627265517,0.15053591431355545,1.1437369782698528,1.0530016081816242e-05
sub-032,0.4647597101860063,0.40024316412701266,0.32883829018124133,0.12985599176411322,1.7871957926185982,3.98033116199665e-06
sub-032,0.5340782978848966,0.22621575035117997,0.32883829018124133,0.12147886828606472,1.3442033791480648,2.2979901899223688e-05
sub-032,0.5545261050778031,0.5370414658968837,0.49325743527186205,0.18304648759652595,1.363296838074741,9.256200729698406e-06
sub-032,0.5563089818174047,0.2137129409786015,0.4110478627265517,0.12179586537726764,1.6728839721303015,5.560570107366333e-06
sub-032,0.5117193122120364,0.4480247225269604,0.49325743527186205,0.14099969061523482,1.7319466823271017,1.1777947396491464e-05
sub-032,0.5140247990436454,0.222138020812191,0.4110478627265517,0.14175346577932815,1.6199427369255317,9.239587884763457e-06
sub-032,0.5185299387581237,0.4656336295746172,0.4110478627265517,0.18783845221868112,1.2663902279253845,8.412674177040056e-06
sub-032,0.47893055890846176,0.4008247285516622,0.49325743527186205,0.12600751871046323,1.3207915684332883,6.709535983162629e-06
sub-032,0.5541825240632978,0.5328045304847658,0.739886152907793,0.22280783228114603,1.3924334215637137,-8.092035979808388e-07
sub-032,0.5384620265792534,0.39068131192392747,0.5754670078171724,0.2152054021867981,0.9843714941687856,7.239126601117923e-06
sub-032,0.583142911627735,0.1982581490567672,0.5754670078171724,0.1500407683321149,1.8493549596297314,2.006963658424507e-06
sub-032,0.5473604773001101,0.3282162557741938,0.49325743527186205,0.2002263599942222,1.4559384631850811,-8.682061284870198e-06
sub-032,0.5117193122120364,0.5195784148755854,0.49325743527186205,0.18477315546493514,1.4166495047566336,-3.3227674383150882e-06
sub-032,0.4988085710698822,0.3689075123743667,0.4110478627265517,0.1533665419316645,1.452395572546681,7.581367463289534e-06
sub-032,0.5723621907836566,0.30748469974796055,0.4110478627265517,0.14358184452422418,1.6950337953811383,5.2826576884872355e-06
sub-032,0.47893055890846176,0.30985592994610295,0.49325743527186205,0.12150802585564473,1.2602165475477762,5.156941062632916e-06
sub-032,0.5380246539573047,0.32814686032419427,0.4110478627265517,0.1210033084369742,1.5302007326804457,1.6787467204096947e-05
sub-032,0.5384620265792534,0.30318625898774615,0.49325743527186205,0.17625960292419646,0.9875267322869374,8.297317681534608e-06
sub-032,0.5240601892302358,0.44713780450873236,0.49325743527186205,0.15981029215224063,1.3830784886683607,1.7057812616896292e-05
sub-032,0.5818784761083029,0.08318519030483852,0.4110478627265517,0.10919399284948193,1.414627618617909,3.012163313307289e-06
sub-032,0.5476046531546888,0.15526612891112396,0.4110478627265517,0.11730146655340219,1.5899762969295421,1.962091496944951e-06
sub-032,0.454124302581232,0.3195754362277347,0.4110478627265517,0.13794186927340246,1.6089709417927593,5.638740695913754e-06
sub-032,0.4902368043636884,0.29266961396281993,0.49325743527186205,0.14503953785294005,1.2892394873323973,9.56292630669458e-06
sub-032,0.5896272954264788,0.32775612378084806,0.4110478627265517,0.17198532656337226,1.5625917308238002,2.2105372778393314e-05
sub-032,0.534515670506845,0.49549125976588404,0.5754670078171724,0.17525945211848257,1.2054154287026058,8.627152994050924e-06
sub-032,0.5798913781331713,0.3390506652091574,0.4110478627265517,0.1601157254066192,1.5552739283374755,7.090051347663857e-06
sub-032,0.47594573873741725,0.2917062227515064,0.32883829018124133,0.08777125681164089,2.48193578539251,1.047039272537845e-05
sub-032,0.5718220282306016,0.3161669704604674,0.4110478627265517,0.14552232428357925,1.4079760510923414,8.346328139196578e-06
sub-004,0.5671440611465248,0.4862264647526229,0.4110478627265517,0.16862884618854512,1.6856608227492427,-3.5523463466143386e-06
sub-004,0.5752254580774614,0.5761755039744411,0.5754670078171724,0.24720399689473047,1.2296270222462766,3.707590042471015e-06
sub-004,0.5401242677287856,0.587786664902119,0.4110478627265517,0.2128274559882363,1.4510495851899978,6.3957570283307674e-06
sub-004,0.5878174413030132,0.4992838633258192,0.4110478627265517,0.19925360857242133,1.3429690810855461,6.032208211763448e-07
sub-004,0.5750934866165163,0.4807481685287127,0.5754670078171724,0.2369776205119036,1.2912589357061006,-6.478709022420511e-06
sub-004,0.4645797838578412,0.12814582269193006,0.4110478627265517,0.15738240103736664,1.1810558208387316,3.812506801221453e-08
sub-004,0.5691524128025661,0.5596157879354228,0.6576765803624827,0.21395591827812324,1.187940319560785,5.885380185942352e-07
sub-004,0.6339061615696354,0.5596157879354228,0.6576765803624827,0.2715200506671752,1.2522596505197185,4.697677389487859e-06
sub-004,0.5707108191664222,0.33806713329102883,0.24662871763593103,0.10239066722593572,2.665025281781911,1.6625267535413918e-05
sub-004,0.5835647632213297,0.578077850775158,0.5754670078171724,0.27435173601247725,1.1283319038569513,8.548159991420742e-06
sub-004,0.6110433292371705,0.45198512374305727,0.49325743527186205,0.19638831390562905,1.461710910563527,4.462095715302168e-07
sub-004,0.5423309181959558,0.4363230964680696,0.49325743527186205,0.1499057353951742,2.194816363024744,5.737527763328107e-06
sub-004,0.6068711618376479,0.269444484902,0.49325743527186205,0.1867848102272404,1.471190272939042,-4.365219469372185e-06
sub-004,0.586764028132674,0.5986563371390228,0.5754670078171724,0.2408925092131416,1.2500023879878175,2.2727549767111598e-06
sub-004,0.5818784761083029,0.5084973340063996,0.4110478627265517,0.18667793211837605,1.4816593435890502,2.5941092309143607e-06
sub-004,0.5717902858090338,0.4213805634140638,0.4110478627265517,0.16847008141370293,1.42819061882008,1.7215268172382364e-06
sub-004,0.5918835192978454,0.5505330733611035,0.49325743527186205,0.2297324175448837,1.1979951967640508,1.3934004611642329e-06
sub-004,0.4928178290580529,0.2332307528476107,0.4110478627265517,0.07438702979342277,2.9231184465970967,7.853429360393406e-06
sub-004,0.5396804675314182,0.4100840539644589,0.49325743527186205,0.20423154879597952,1.1703390749549556,-1.1575261313499463e-05
sub-004,0.5773619600264039,0.4173842003453747,0.5754670078171724,0.22737714685418797,1.1962934756640258,7.465188728471193e-06
sub-004,0.6082923239269258,0.3098231983289944,0.4110478627265517,0.11874150644438249,2.6559485300604666,-1.1988898033915076e-05
sub-004,0.5340771952970603,0.41670118137509027,0.4110478627265517,0.16191573018682284,1.5350275652486085,1.2994369140601868e-05
sub-004,0.572487982373566,0.49855553117417634,0.49325743527186205,0.24821601410793398,1.1815496896628082,-1.3707174874283966e-05
sub-004,0.5707493649720848,0.3835823968586568,0.49325743527186205,0.17572750895247205,1.7587239201732667,5.094967027524089e-06
sub-004,0.5007558765056858,0.5236463121950522,0.5754670078171724,0.19593021348594047,1.0764960527418346,-6.975037940301565e-06
sub-004,0.6161850360717424,0.4986303506721723,0.739886152907793,0.25541186178513176,1.271933832282577,5.540227823481045e-06
sub-004,0.5855489678931254,0.4307829160924542,0.5754670078171724,0.22161357613593488,1.303124451060712,-2.209059976100962e-06
sub-004,0.559615394340099,0.40546510810816444,0.32883829018124133,0.1445726379613944,1.9931866579451998,1.1506913210727788e-06
sub-004,0.6138446705023917,0.38088286470282845,0.49325743527186205,0.16629730726213834,1.5468628575532406,1.7316474422063345e-08
sub-004,0.5380246539573047,0.28875445861353366,0.32883829018124133,0.12760194163959532,1.4428053706255743,-5.030146734917818e-07
sub-004,0.5671440611465248,0.4620354595965587,0.4110478627265517,0.15604515389535928,1.7278506169009022,-5.889323966550289e-06
sub-004,0.5707108191664222,0.3483066942682157,0.49325743527186205,0.19661676282181997,1.309757124361585,-4.4735289170351275e-06
sub-004,0.5081564877288705,0.4029556965027386,0.5754670078171724,0.16449321137499046,1.3818232528676833,-9.524657018510026e-06
sub-004,0.5952740735185239,0.22877736903246582,0.4110478627265517,0.13701566166286738,2.1184518112936517,1.1681326239577125e-05
sub-004,0.5185299387581237,0.31054021052783104,0.4110478627265517,0.13390732287398513,1.8507181884332815,-6.9919284481229695e-06
sub-004,0.570852834822203,0.36034467282769483,0.4110478627265517,0.13891380894806016,2.0128803857666075,-2.6010491629688418e-06
sub-004,0.6098983144299835,0.5695332245927687,0.49325743527186205,0.21436478828017536,1.5395161011128695,2.4310706874740026e-06
sub-004,0.6378525176420436,0.5366573183795148,0.6576765803624827,0.22617888540522124,1.6101899352546312,-2.93991147812881e-06
sub-004,0.5547505754535487,0.5174154334450461,0.4110478627265517,0.16460905542182305,1.515481131156474,2.70878003857209e-06
sub-004,0.48814864157583765,0.3105171815227982,0.32883829018124133,0.10523923283822846,1.899646689414942,4.191160682537234e-06
sub-004,0.5244838471383011,0.15510899326906988,0.32883829018124133,0.12627364389335763,1.4143757759369606,6.986301630868988e-06
sub-004,0.6177910265747998,0.35387773931767125,0.5754670078171724,0.1843526846129544,1.5066051553994109,5.974419167249857e-06
sub-003,0.454124302581232,0.16303962724450435,0.32883829018124133,0.11730146497256834,1.9114707327396918,7.552414409937169e-06
sub-003,0.5752254580774614,0.3513978868378886,0.32883829018124133,0.15283763965572855,1.9100364865075183,-9.522087348733713e-06
sub-003,0.534515670506845,0.41109892582642044,0.49325743527186205,0.20614853660266122,1.4486214354779365,2.842670101808312e-06
sub-003,0.5917637973754213,0.5159407244327611,0.5754670078171724,0.2074321641199117,1.3348186864768203,-6.454771329351104e-06
sub-003,0.5242627601580012,0.3513978868378886,0.32883829018124133,0.1575879067590557,1.388516167216112,-1.5997074173611867e-06
sub-003,0.572487982373566,0.4795730802618862,0.5754670078171724,0.19361409058142642,1.4586861652505196,-2.4117879272375867e-06
sub-003,0.47594573873741725,0.3108913053621514,0.4110478627265517,0.10451080656991224,1.475065337558241,5.73869162522334e-07
sub-003,0.572487982373566,0.2794708826213861,0.49325743527186205,0.1269626544661725,1.6022345436264356,2.7117899017741466e-07
sub-003,0.5401242677287856,0.3644976696199414,0.49325743527186205,0.12615049480193868,1.995005491641591,1.4968065711053828e-05
sub-003,0.5691524128025661,0.4392032477400145,0.49325743527186205,0.1614545939612036,1.563876853733012,5.069886124142155e-06
sub-003,0.592333957384912,0.3775887385799095,0.24662871763593103,0.12175052707710786,2.062732358485114,-1.6965396133406311e-06
sub-003,0.5035693177670362,0.3337731796520479,0.4110478627265517,0.12945562173059189,1.546190783493617,-1.257065628235782e-06
sub-003,0.5894953239655337,0.2898920181025837,0.4110478627265517,0.16289442862785206,1.463017480634393,-1.4195069125212968e-05
sub-003,0.572487982373566,0.44692182178651046,0.5754670078171724,0.21849926049229776,1.2076680251894885,-1.0280841887014877e-06
sub-003,0.5249096607162105,0.4144337780909248,0.4110478627265517,0.15602161276026086,1.1084494248848575,6.706120229765597e-06
sub-003,0.47254566013576904,0.41689380393178715,0.4110478627265517,0.15041895618173046,1.478491194742907,4.465985397810892e-06
sub-003,0.6180517531966755,0.3456466128972542,0.5754670078171724,0.15375398502337093,2.012214382721277,-1.0153819153658227e-05
sub-003,0.634589942818343,0.5408064559779265,0.5754670078171724,0.22117482424888799,1.5717335738082314,4.221308654512627e-06
sub-003,0.5140247990436453,0.2181310094906654,0.24662871763593103,0.08645576819566118,2.500956962823038,-1.4269490657143262e-07
sub-003,0.5256666561903609,0.3862337461802767,0.32883829018124133,0.158118789373536,1.558651134286616,3.0471563191957072e-06
sub-003,0.5828176720602658,0.6270570687309552,0.32883829018124133,0.17812986833368394,1.4398393470413888,-2.2760405828492546e-06
sub-003,0.577481681948828,0.5363047090669756,0.6576765803624827,0.17754446770869148,1.6532547538871845,4.9404954674473614e-06
sub-003,0.5691524128025661,0.4388015283757561,0.4110478627265517,0.16407659676329958,1.6344246074517785,4.870735393831333e-06
sub-003,0.4621049470801048,0.3541718137206139,0.4110478627265517,0.11686270187323161,1.69328922931578,5.106663152662336e-06
sub-003,0.5476046531546888,0.4638371143300716,0.5754670078171724,0.20282152939955378,1.1593494179289283,6.9704923912570834e-06
sub-078,0.611577171083243,0.4262682357379276,0.6576765803624827,0.21189898792445522,1.4197374099800848,-4.960252991825509e-06
sub-078,0.534515670506845,0.4871431391224315,0.4110478627265517,0.15239606389164537,1.4512294589932977,-3.4718136542999243e-06
sub-078,0.5671440611465248,0.6654956492294354,0.49325743527186205,0.2455412241461587,1.1757964851255533,-5.005676944385379e-06
sub-078,0.48814864157583765,0.3009860380781438,0.32883829018124133,0.11294520805225138,2.011506107905758,2.6656600465518583e-06
sub-078,0.6117294943091915,0.4241572411203169,0.49325743527186205,0.20956096315936168,1.6281393958299384,1.534955221376628e-05
sub-078,0.5917637973754214,0.42620100658734256,0.5754670078171724,0.16657132329238128,1.8820347929847094,-1.127286702399717e-06
sub-078,0.5583790794098652,0.3322617040848694,0.5754670078171724,0.15753851645204897,1.8715320344734243,2.6461323499566944e-06
sub-078,0.47503526513445044,0.4133082855691902,0.4110478627265517,0.15090716455957848,1.600293725658595,-6.559742666432975e-06
sub-078,0.628790843622694,0.5745414381520983,0.739886152907793,0.27666901413481704,1.206410720509919,1.720264316575089e-05
sub-078,0.5357941194893544,0.3343162889661447,0.4110478627265517,0.1458314844484094,1.6422138652058433,6.234480805220391e-06
sub-078,0.593573651498887,0.15415067982725836,0.32883829018124133,0.14111475883823857,1.8036390005513006,8.732892592850446e-06
sub-078,0.6110433292371705,0.4349409262411179,0.49325743527186205,0.20114084182147987,1.4747226477748208,-5.452280044412111e-06
sub-078,0.5828176720602659,0.4754236967150748,0.5754670078171724,0.22579406942869676,1.4092621852368783,-3.4548495251206513e-06
sub-078,0.572487982373566,0.479182684004732,0.32883829018124133,0.13867795025733984,1.661358466295438,1.7133406437176702e-06
sub-078,0.5135099826693201,0.2662030407746567,0.4110478627265517,0.15239648753641596,1.7100121547992224,-2.3430497186613176e-06
sub-078,0.5935736514988871,0.357345859763966,0.49325743527186205,0.21334915076488808,1.31144211734112,8.998754915510886e-06
sub-078,0.5878174413030132,0.3968813644167729,0.4110478627265517,0.16822216112191218,1.6818298019154176,2.223926708829338e-06
sub-078,0.5835647632213297,0.3154188274233806,0.4110478627265517,0.11545122025652924,2.426872483357331,7.841590983667783e-07
sub-078,0.5318877431210838,0.44769787173143727,0.5754670078171724,0.21592168966499165,1.0880157440483407,-6.057727319906225e-06
sub-078,0.5396804675314182,0.31389791458267396,0.4110478627265517,0.1461965561065428,1.6664875895604612,7.161274244217094e-06
sub-078,0.5068737234358001,0.19908011138257453,0.32883829018124133,0.11006978240502423,1.4515078714385965,6.9141028816583e-06
sub-078,0.5140283658616919,0.5133540701193493,0.4110478627265517,0.19423509949709317,1.4100503782034794,-1.3876782404279148e-06
sub-078,0.6110433292371705,0.48215772889641884,0.5754670078171724,0.2243987332381618,1.4511610606115406,3.97172372090154e-06
sub-078,0.6260005737986378,0.22543976357456,0.49325743527186205,0.1166827582301889,2.435268918493274,2.207684438479667e-06
sub-078,0.577481681948828,0.6325225587435105,0.6576765803624827,0.26249586457085045,1.0202873644691326,2.6075370871216343e-06
sub-078,0.6082923239269259,0.6309048716827244,0.49325743527186205,0.23905418577981308,1.2596167258954085,3.2054739428000486e-07
sub-078,0.5727098389396168,0.41964974310012076,0.4110478627265517,0.13160894940918774,2.193360681713991,-2.731342153062624e-06
sub-078,0.6117294943091915,0.5450169885142699,0.5754670078171724,0.26258912522344025,1.2066457194260232,1.028444272951098e-05
sub-078,0.5894953239655337,0.38117241553911985,0.4110478627265517,0.1614863852077406,1.7420766258348168,-1.846282993686595e-06
sub-078,0.6036844589384266,0.4776275543563949,0.5754670078171724,0.2106257609439909,1.4227250337938995,4.390706607485781e-06
sub-078,0.5646821810149647,0.4445464581506356,0.5754670078171724,0.1683973659392252,1.3896792892725176,9.229660363492302e-06
sub-078,0.594928194242335,0.6799019538099246,0.5754670078171724,0.31435912424987444,1.0635821673400976,1.2821439483145463e-06
sub-078,0.5626538006681111,0.33270575382573614,0.4110478627265517,0.17147033064946643,1.6671220562316282,2.1488041327207893e-06
sub-078,0.5563089818174047,0.453474327294525,0.6576765803624827,0.20699111145492757,1.2574193436901926,5.523921576749468e-06
sub-078,0.5917637973754213,0.6088060321261943,0.5754670078171724,0.2506562466208029,1.2128221676722184,7.484612967228236e-06
sub-078,0.6118857613992571,0.37240424584727627,0.6576765803624827,0.19677302496796734,1.2909649139354364,4.020759107658789e-06
sub-078,0.619622206454008,0.7047080029610213,0.6576765803624827,0.2725536582086655,1.162972268232351,-2.2723510608619517e-06
sub-078,0.6156758503815998,0.6673946844575306,0.6576765803624827,0.25916806087778355,1.2776853905496808,2.9363989909984828e-06
sub-078,0.5423309181959558,0.20886892352161665,0.32883829018124133,0.10358794727921268,2.1921278140015183,2.0373520759940568e-06
sub-078,0.5502803436659472,0.2713551791643521,0.32883829018124133,0.10844171043007411,2.0625559922489325,2.96625110899671e-06
sub-078,0.6122386799993341,0.5404703403509875,0.49325743527186205,0.19889422493645462,1.2378019106596376,1.5289327844153984e-05
sub-078,0.5646821810149647,0.4343764516025845,0.49325743527186205,0.2026566417946007,1.2006070419396255,-1.8994250565099554e-06
sub-047,0.6156758503815998,0.2825669717850105,0.4110478627265517,0.1749096217425735,1.6178713576675918,3.350309262709304e-06
sub-047,0.4712325583477264,0.20359895524123955,0.32883829018124133,0.10543540222187818,1.809324445751547,-2.079095183501104e-06
sub-047,0.5935736514988871,0.5819215454497209,0.5754670078171724,0.2398966776582203,1.2856953467634538,5.782196217953446e-06
sub-047,0.6198507879750239,0.4634523657585138,0.4110478627265517,0.17057096397037674,1.7398044764092802,5.22294714213124e-06
sub-047,0.5762445963111834,0.36407989194531,0.5754670078171724,0.15175535135143428,2.2313657381101932,1.6391265424359032e-05
sub-047,0.6339061615696354,0.29015426159717006,0.32883829018124133,0.16477106152465745,1.7226873350653953,-1.4108303453288318e-05
sub-047,0.5140247990436454,0.1823215567939546,0.32883829018124133,0.14054604456618283,1.688592526652581,-7.609418536092024e-06
sub-047,0.5980250788287685,0.17702586921924418,0.4110478627265517,0.13352740031390664,2.5887735138469363,-8.444848141581796e-06
sub-047,0.6159044319026156,0.35158587443126105,0.5754670078171724,0.1593617384227984,1.818300871142877,-6.0000647665251094e-06
sub-047,0.5896272954264788,0.3541718137206139,0.49325743527186205,0.12503445538072686,1.7425787393676926,2.7238119678254823e-06
sub-047,0.6189360413819871,0.5301498965923935,0.49325743527186205,0.1811166114666734,1.7002080097705603,-2.5559704032733257e-06
sub-047,0.6119580758302074,0.45198512374305727,0.49325743527186205,0.19404424324884723,1.5793676259945426,-1.0471297903397042e-06
sub-047,0.6322728911891321,0.3741681013862495,0.49325743527186205,0.20240133622047282,1.5219846784740965,9.460742375903155e-06
sub-047,0.5796184071489213,0.4274440148269396,0.4110478627265517,0.19537904179249038,1.5809222120200364,8.346378057297462e-06
sub-047,0.586764028132674,0.30715417586460125,0.5754670078171724,0.2244088902099379,1.3237064946513428,2.2395622698603114e-06
sub-047,0.593573651498887,0.5904930264998619,0.6576765803624827,0.18407885934537974,1.7283775221985147,1.7078588990150792e-06
sub-047,0.5796184071489213,0.5212969236332861,0.4110478627265517,0.19254758720932935,1.4385365289587544,9.537747859117641e-06
sub-047,0.577481681948828,0.49247648509779407,0.49325743527186205,0.19218433149140518,1.3468323615891098,-4.26139729376759e-07
sub-047,0.5917637973754213,0.5187937934151675,0.5754670078171724,0.26701989450209734,1.1041806544591501,1.6891666902510946e-05
sub-047,0.6149896853095789,0.4889668299534916,0.49325743527186205,0.1905820673275808,1.5967063480053567,8.39930019865979e-06
sub-047,0.6283265351167239,0.6460004021342433,0.739886152907793,0.2512913162114606,1.2934494713205098,6.462545300035427e-06
sub-047,0.5896272954264788,0.5650260806636702,0.5754670078171724,0.22680170394072274,1.381759815101114,-5.599799481752345e-06
sub-047,0.6082923239269259,0.5270203096859712,0.5754670078171724,0.18019533573776245,1.7399061264881466,-7.299179374613678e-06
sub-047,0.5707108191664222,0.3966544784260094,0.5754670078171724,0.18736935224590928,1.4429582223513744,-9.613757979794301e-06
sub-047,0.5918835192978454,0.20981469737415331,0.24662871763593103,0.08588135887805332,3.029362596686251,2.3585588860803258e-07
sub-047,0.5913277174461157,0.23298093673872403,0.49325743527186205,0.2235112048034325,1.4513799441999504,1.1102389698573507e-05
sub-047,0.6011019149368102,0.29434432227719726,0.49325743527186205,0.26638038027648375,1.263568888603067,9.952155349052397e-06
sub-047,0.5828176720602658,0.5531011069142291,0.49325743527186205,0.19840241388020816,1.5462859492323382,-2.7633475185053997e-06
sub-047,0.6138446705023917,0.7270487322356266,0.6576765803624827,0.26535713309948755,1.1493887238017508,-3.6071207713225398e-06
sub-047,0.6149896853095789,0.48550781578170077,0.49325743527186205,0.2106958051570878,1.4933512170420544,-1.1073773499130817e-06
sub-047,0.5684158347112485,0.3140553577066707,0.49325743527186205,0.17372088333502347,1.647537348838672,-6.914176184139762e-06
sub-047,0.6339061615696354,0.6851790109107684,0.5754670078171724,0.20399764731400422,1.6334907855856478,-9.298180116853492e-07
sub-047,0.6576984926533899,0.1895902496855792,0.5754670078171724,0.19522096972390293,1.6305978532474494,9.684578165326158e-06
sub-047,0.5615431847117457,0.19497267434751345,0.5754670078171724,0.14430912002203372,1.7436191856509273,5.864039061985802e-07
sub-047,0.5583790794098652,0.4265185173059967,0.5754670078171724,0.1698051949480706,1.5101328807023333,-2.669600594816623e-06
sub-047,0.5646821810149647,0.4617048264310404,0.49325743527186205,0.19686427631450007,1.1850437278325299,1.6338681066341753e-06
sub-047,0.6141150601944303,0.48928377999123585,0.5754670078171724,0.2535529472711468,1.3043199108062562,1.2623849382801877e-05
sub-047,0.6110433292371705,0.380055392582796,0.49325743527186205,0.1711535369872796,1.760878045904367,5.9815941419654925e-06
sub-047,0.5318877431210838,0.3948267099031086,0.49325743527186205,0.20527642880367394,1.2382852083868794,-5.558576867344287e-07
sub-047,0.5929337079491732,0.46262352194811296,0.4110478627265517,0.2112879691353634,1.408071790379408,-4.646545650942737e-06
sub-047,0.570852834822203,0.528844129268669,0.6576765803624827,0.2625803895433681,1.2700529684216906,2.8425187124274883e-05
sub-047,0.5968800640215814,0.47193475311590605,0.49325743527186205,0.1417446074280428,2.0359859877584223,4.53933175910729e-06
sub-040,0.5909818381699268,0.4382549309311553,0.49325743527186205,0.20843178763205653,1.298070177914531,-1.8546523126754552e-06
sub-040,0.5726626889456685,0.1951947597301607,0.32883829018124133,0.10922462306462122,1.6575264056960302,2.47731766709822e-06
sub-040,0.6138446705023917,0.5890778206657389,0.49325743527186205,0.18401244009467163,1.5950786734913778,1.385779508208707e-05
sub-040,0.472545660135769,0.2350383389663589,0.4110478627265517,0.08680412110480447,2.3814481877557774,-1.5958730856394026e-06
sub-040,0.5707108191664222,0.27670501382063,0.49325743527186205,0.1151751775200814,2.2207758628453873,-1.448137669219468e-06
sub-040,0.5563089818174048,0.2287353645799876,0.4110478627265517,0.14197013795337304,2.248451821767158,3.819327129007064e-06
sub-040,0.5949934693493971,0.531879032963823,0.6576765803624827,0.20747696500996454,1.5515130601880467,3.8698709114018265e-06
sub-040,0.5918835192978454,0.2529965144638909,0.49325743527186205,0.16545458968775187,1.52480115741874,4.359281581726934e-07
sub-040,0.592333957384912,0.32709604099265766,0.49325743527186205,0.1339289522572889,1.9755596557021815,8.149443666499063e-06
sub-040,0.5855489678931255,0.23519188983038425,0.49325743527186205,0.11871255787834419,2.0409853058409566,-2.0859384884377992e-06
sub-040,0.5717902858090338,0.15093524297328387,0.24662871763593103,0.07909142789456364,2.666521075943427,1.6980279898235328e-08
sub-040,0.49030039522907654,0.15822400521489416,0.32883829018124133,0.09857741535523391,2.3171339230432877,1.39647871087842e-05
sub-040,0.5583790794098652,0.46871413841586373,0.49325743527186205,0.16381506501743817,1.8109578496840937,1.1505078119823425e-05
sub-040,0.6062223480496138,0.32742240110129506,0.32883829018124133,0.11120353821372884,2.3071937393594664,5.907322436386793e-06
sub-040,0.5357941194893544,0.3802054413489266,0.4110478627265517,0.17322822577294014,1.5064952992901506,5.253679928804989e-06
sub-040,0.6076308150108348,0.3729796529636761,0.5754670078171724,0.1961759209500971,1.5167616403571331,3.705150330324664e-07
sub-040,0.5056217857086768,0.258629749857279,0.4110478627265517,0.08972650472917215,3.050339115878804,8.384513723543248e-06
sub-040,0.490661848355847,0.29511705093929896,0.32883829018124133,0.09927380123024027,1.819542707827148,-1.3556322065360363e-06
sub-040,0.5146696954954989,0.131113011760241,0.4110478627265517,0.09307084891910351,1.6119744548282946,1.0994048455954738e-05
sub-040,0.5684158347112483,0.3733238988963675,0.4110478627265517,0.18001573170090798,1.276455375849094,5.931403418154094e-07
sub-040,0.5987112439007894,0.3329386640399018,0.4110478627265517,0.20299443380534116,1.4652623494371153,-4.712745207933161e-06
sub-040,0.5476046531546888,0.32742240110129506,0.32883829018124133,0.10008107170384423,2.086826833480503,1.6826225704391e-06
sub-040,0.5707108191664222,0.28950522701329595,0.5754670078171724,0.11676314960719424,1.9216920291232136,4.698477139414217e-06
sub-040,0.511211357782295,0.29867119402737613,0.32883829018124133,0.08678625022281491,2.2270178477912617,2.120346052560922e-06
sub-040,0.5722669778146772,0.18019615748164114,0.4110478627265517,0.07225290906172738,4.287407981483762,8.077569783300637e-06
sub-040,0.478807800083868,0.1475061371085897,0.32883829018124133,0.1060812638907825,2.1752835466718397,-4.710650896827078e-06
sub-040,0.48814864157583765,0.23494577637083766,0.49325743527186205,0.1443007587392195,1.2619922315697498,4.523264400947404e-06
sub-040,0.6076308150108348,0.1592397493347296,0.32883829018124133,0.0810226625361694,3.6272666534263327,4.948820108960331e-06
sub-040,0.575945022060763,0.2620649080814806,0.32883829018124133,0.10690776672751132,2.3570038719868225,9.909560115316088e-06
sub-040,0.6322505512397315,0.47386783499256496,0.5754670078171724,0.21405786113261735,1.2288517033552855,1.4858823147484737e-05
sub-040,0.4988085710698822,0.33238225136968785,0.49325743527186205,0.11591680933420236,1.8381794840724026,6.115414959231655e-07
sub-049,0.5752254580774614,0.4646127806108591,0.4110478627265517,0.18706768076358019,1.5733261133149608,-6.5197264961034735e-06
sub-049,0.5962803134573204,0.36157091455093915,0.5754670078171724,0.16117443136332438,1.7243287621488226,1.4304883186581961e-06
sub-049,0.5940787227563603,0.45198512374305727,0.4110478627265517,0.15579050310066853,1.7529195350389013,5.4268418157905215e-06
sub-049,0.5261211495610538,0.4337956147343904,0.4110478627265517,0.16951672230117823,1.498203902447673,-7.933959582472584e-07
sub-049,0.5318754369193467,0.48117692984386073,0.5754670078171724,0.207550417809464,1.154353687980852,-7.233776733026587e-06
sub-049,0.5646821810149647,0.3559500435807838,0.4110478627265517,0.16982189985828122,1.34650810090771,3.978124170119186e-06
sub-049,0.5580861450245486,0.21357410029805904,0.4110478627265517,0.2088439969775539,1.4107259106819254,-9.14675939791321e-07
sub-049,0.5112143629645954,0.16133128090211885,0.32883829018124133,0.10398072906833618,1.9927711313276213,7.566382930353532e-06
sub-049,0.5583080015905993,0.4081282255276481,0.32883829018124133,0.14383568364754465,1.9855256815668954,1.1967095888022451e-05
sub-049,0.5896272954264788,0.38963364289148367,0.5754670078171724,0.17304741398444273,1.3782653399613394,-4.282346629174337e-06
sub-049,0.5855489678931255,0.45802743819901987,0.49325743527186205,0.22116643187924018,1.3272183346416728,1.598341686849371e-05
sub-049,0.5958298753702537,0.4982468415591305,0.49325743527186205,0.1699189776658045,1.6886426170428088,-1.265993304852271e-05
sub-049,0.5765800008209093,0.32417036571491775,0.49325743527186205,0.16993117482799974,1.5448068203518013,5.988425235378582e-06
sub-049,0.5148231489057915,0.357345859763966,0.49325743527186205,0.1932200768899844,1.2718721394181172,3.105007632798816e-06
sub-049,0.5033517976047828,0.3794896217049037,0.4110478627265517,0.17685440258310772,1.3021336652871143,8.339400839155409e-06
sub-049,0.5718220282306016,0.5577092096648412,0.49325743527186205,0.2470362823066952,1.1591487102370714,-7.996363792304713e-06
sub-049,0.5828176720602658,0.23457224713783253,0.49325743527186205,0.16793038199793345,1.4629238325413991,-7.530001427018509e-06
sub-049,0.5962803134573204,0.28961071335818644,0.49325743527186205,0.13611282419572762,1.799040954465938,2.6454494202822367e-06
sub-049,0.5684158347112485,0.41917736997214633,0.4110478627265517,0.12300871432829324,2.368644752657453,-1.6967853648708492e-06
sub-049,0.5958298753702537,0.41678293304082603,0.5754670078171724,0.13457503520562303,2.0353538644594136,5.128167670714869e-06
sub-049,0.5566903138216279,0.39780223536259535,0.32883829018124133,0.1237864892850125,2.4986076367085053,-6.148850011512119e-06
sub-049,0.6011307058722275,0.3423719587484012,0.49325743527186205,0.18300668907698786,1.6651252127383669,5.387734569319102e-06
sub-049,0.5671440611465248,0.42456527948158373,0.5754670078171724,0.19427628987891182,1.475781854905388,-8.363999146082745e-06
sub-049,0.5380246539573047,0.3240924361476212,0.32883829018124133,0.13299792675064023,2.1304562214856007,6.744077864507246e-06
sub-049,0.5718220282306016,0.4203685136107393,0.5754670078171724,0.166427667660872,1.596880182113558,6.722600798541812e-06
sub-049,0.5878174413030132,0.562412992556484,0.4110478627265517,0.1601087616386185,1.7338752526550718,3.3251320558010476e-06
sub-049,0.529224986254809,0.4617048264310404,0.5754670078171724,0.21339484451636617,1.303494997907228,1.724378604833694e-05
sub-049,0.5357941194893544,0.24469188752041274,0.49325743527186205,0.14329191676643466,1.8533485833907246,-2.598466718696216e-06
sub-049,0.6138446705023917,0.5736735274256544,0.6576765803624827,0.21193714168356517,1.4748243047763034,9.421236263525352e-06
sub-049,0.5445326765736695,0.35937400090789745,0.4110478627265517,0.1479387598322892,1.8612050521194363,1.1151560356056067e-05
sub-049,0.5462895804701012,0.3184537311185346,0.4110478627265517,0.13298722910288757,1.65426031459532,-1.2357673510624845e-06
sub-049,0.5527422237975074,0.505684224265572,0.5754670078171724,0.17354983698710344,1.5050985532861936,7.502543997916882e-06
sub-049,0.6149896853095789,0.5886344818244585,0.739886152907793,0.24061419625988975,1.2972852289012333,-4.900024624656835e-06
sub-049,0.5547505754535487,0.5209012757547322,0.5754670078171724,0.22321825626040676,1.1047638546475413,8.979700979209277e-06
sub-049,0.5671457950982371,0.30173382590743125,0.4110478627265517,0.2080134554186169,1.473828856814069,-5.196262283089902e-07
sub-049,0.5753693509041018,0.3208224649540852,0.49325743527186205,0.17117766000744702,1.6788614118091763,6.174753995073065e-07
sub-049,0.5197195336231006,0.47907692545141034,0.49325743527186205,0.1803965926404131,1.2833563125256584,-5.7281975175684555e-06
sub-049,0.5707108191664222,0.4630349599296422,0.6576765803624827,0.27129942300627125,1.0164251532610789,9.201561087301675e-06
sub-049,0.48168454945612676,0.08568775005912142,0.24662871763593103,0.0820709329849173,2.861043101602278,-1.6995434815831143e-05
sub-049,0.6036844589384265,0.5256094199502277,0.5754670078171724,0.2162445657797516,1.3743687433992464,-1.4233958450658741e-05
sub-049,0.5225583250778879,0.3301027883357331,0.49325743527186205,0.10725001006829313,2.2789070642670692,3.4319039464084573e-06
sub-049,0.6155450925220285,0.47725880012690736,0.6576765803624827,0.27034272311681457,1.1552033095986258,-1.5047957337554586e-05
sub-076,0.5867198524576164,0.3205656643216781,0.24662871763593103,0.11857306885112838,2.538756701437496,1.1523300400302847e-06
sub-076,0.5828176720602658,0.3373817410040535,0.49325743527186205,0.18841025780184384,1.1762160266225479,-1.3058467185424252e-05
sub-076,0.5962803134573204,0.23197146543777514,0.4110478627265517,0.16018425110460627,1.6581785323258416,-9.442604355504945e-06
sub-076,0.6071303096007553,0.48550781578170077,0.5754670078171724,0.2297053804074865,1.4643533704959217,-1.6979565346205374e-05
sub-076,0.6518970096344273,0.44895022004790314,0.5754670078171724,0.21471829843112009,1.6554246080561414,2.535431227372073e-05
sub-076,0.6348356603209249,0.668755727435786,0.739886152907793,0.24944631678789372,1.4026774496035128,-1.429092850815345e-05
sub-076,0.5762445963111834,0.2917062227515064,0.32883829018124133,0.1186038795679612,2.3235291257288244,2.658087395702043e-06
sub-076,0.5926864801413072,0.23511974236092548,0.4110478627265517,0.10366730510532444,2.719167690559912,-3.2076723097221333e-06
sub-076,0.5878174413030132,0.28152820687740265,0.5754670078171724,0.1673779484491606,1.5849302687917624,6.78035546240919e-06
sub-076,0.5617623146491274,0.362184599749702,0.49325743527186205,0.13377643135903095,2.062215921386177,-1.3646033521995873e-05
sub-076,0.5658530655794557,0.42050298547270487,0.5754670078171724,0.18483343328374938,1.561784861401304,3.2144844258901783e-06
sub-076,0.5671440611465248,0.2790240097086664,0.32883829018124133,0.13627164680611759,1.9167286116030324,-5.131989443109853e-06
sub-076,0.5340771952970603,0.47566936678141286,0.49325743527186205,0.15979276868640352,1.4519416097723263,-1.8378001311337038e-05
sub-076,0.5658530655794557,0.40112670650956617,0.4110478627265517,0.17528705993911922,1.7203484686882957,7.515330595988008e-07
sub-076,0.4669096610450037,0.3660233760568677,0.32883829018124133,0.1541472615139846,1.327276889754019,1.4698425621246423e-06
sub-076,0.5583790794098652,0.49491016846009117,0.4110478627265517,0.17744351459112598,1.513398353252365,-4.036889309230805e-06
sub-076,0.5878174413030132,0.5209012757547322,0.5754670078171724,0.28942235545097356,0.9245451128926931,1.6504626628461657e-05
sub-076,0.572487982373566,0.6123858239154869,0.5754670078171724,0.25445637187339454,1.2408527241534355,2.0557237563630863e-05
sub-076,0.5949281942423349,0.5221893824163059,0.5754670078171724,0.25178868485677164,1.2054297832299243,3.3909822730790402e-06
sub-076,0.5989398254218053,0.6757554378480761,0.49325743527186205,0.22431100292834294,1.4308315457845882,2.5206209980746575e-05
sub-076,0.5489175078558625,0.6561059088795962,0.49325743527186205,0.2538938928118294,1.0258036521852003,4.315629578424902e-06
sub-076,0.5878174413030132,0.42830460007798715,0.49325743527186205,0.1933050004719805,1.6017356861898064,1.7646882107229116e-05
sub-076,0.6122386799993341,0.5256094199502277,0.49325743527186205,0.2652042774598462,1.2751111058926639,2.6049840033590485e-06
sub-076,0.5436843076755311,0.41676466336209783,0.49325743527186205,0.1775702177959822,1.703330016723767,-4.132954960332157e-06
sub-076,0.535834099193492,0.2690892393751651,0.49325743527186205,0.12789859851056448,1.7867884927123938,-1.0100172113559898e-05
sub-076,0.5909818381699268,0.5792029212107276,0.5754670078171724,0.20555966182937882,1.5151269808195067,-1.7287575901315703e-05
sub-076,0.5726626889456685,0.44845529303953263,0.5754670078171724,0.1372134226582167,2.0344054451611715,3.349131900065265e-05
sub-076,0.6352999688268951,0.5764229062518039,0.4110478627265517,0.23047998246365328,1.444350925992221,-5.327829981532521e-06
sub-076,0.6098983144299835,0.4008884410807526,0.5754670078171724,0.17600925219103958,1.847414798545667,-2.5153204092640914e-06
sub-076,0.5855489678931255,0.4632846789969906,0.5754670078171724,0.18226871789417995,1.6164317373656594,5.880570650555015e-06
sub-076,0.5112143629645954,0.3138517901851657,0.4110478627265517,0.1310930134177051,1.4077389823307545,-1.2676685873119037e-05
sub-076,0.5646821810149647,0.2780942712966274,0.32883829018124133,0.1550321858036068,1.6020916500210574,-1.0094850811589537e-05
sub-076,0.6518970096344274,0.3461485309517449,0.5754670078171724,0.16542550117808283,1.844755514796494,2.0449052847034332e-05
sub-076,0.5980250788287685,0.3682861048664103,0.49325743527186205,0.1938562086778897,1.4143557254318613,1.161493649972154e-05
sub-076,0.490661848355847,0.3859930046953441,0.4110478627265517,0.12198594052131247,1.365398965391516,2.4462985347101896e-05
sub-076,0.6325096990028387,0.4591178216004845,0.49325743527186205,0.1827666643132521,1.683394474234509,-1.1272927497865767e-05
sub-076,0.5971843497998193,0.5108256237659907,0.49325743527186205,0.1685361828587614,1.9131222011682278,-2.0021034176503546e-05
sub-076,0.5962803134573204,0.6418538861723948,0.5754670078171724,0.2824384788941571,1.2296246040772423,5.509897761378906e-07
sub-076,0.5583080015905993,0.5690945318899665,0.49325743527186205,0.19237109935803884,1.368463087262664,7.766635630725329e-06
sub-076,0.4607735869029083,0.335567668490786,0.49325743527186205,0.13367259556617717,1.7810270006253908,-7.440801464777806e-06
sub-082,0.4647597101860063,0.38711596943996784,0.4110478627265517,0.15931362509785038,1.2519890646081482,9.210276075463414e-06
sub-082,0.5489175078558625,0.39086630868701167,0.4110478627265517,0.15489759781624637,1.811280758940102,-4.321136809397376e-06
sub-082,0.536576630837663,0.3723129007912639,0.32883829018124133,0.12304393197604142,1.6610606122432725,2.0367469283024487e-06
sub-082,0.45679696596695507,0.37554342824311515,0.32883829018124133,0.12451530181611817,1.7786947709691754,-7.292551018437296e-06
sub-082,0.5691629258723121,0.3737937642705131,0.5754670078171724,0.1548759925976534,1.5343802390948218,5.039185264955621e-06
sub-082,0.4910950261887184,0.4255518666749017,0.4110478627265517,0.13935581047942494,1.8478692751499923,5.8231906123948595e-06
sub-082,0.488108196952862,0.3349349573023265,0.32883829018124133,0.11724524582410402,1.3737539083181618,1.9659642957374288e-05
sub-082,0.5080458620091366,0.23033077598031518,0.32883829018124133,0.08634211234174735,2.894856670479327,2.2397394511241894e-05
sub-082,0.5380246539573047,0.2742590521196403,0.5754670078171724,0.1274447075419122,1.6215712416989403,2.2387876112661742e-05
sub-082,0.5718220282306016,0.6024928122918145,0.49325743527186205,0.16520005466364698,1.533424610115267,4.798281488002197e-06
sub-082,0.5445785782309354,0.22156750685874402,0.32883829018124133,0.13874915427229997,1.621139651753012,1.502783233938288e-05
sub-082,0.6198507879750239,0.22102115929005908,0.5754670078171724,0.22182641144507825,1.1788332242360262,1.0033117503250353e-05
sub-082,0.5332028158056713,0.3195754362277347,0.4110478627265517,0.13921281777761912,1.7240453245367782,5.797382340937099e-06
sub-082,0.4463414846903458,0.342202911330198,0.4110478627265517,0.13730904376966752,1.222408446272621,8.127310540705157e-06
sub-082,0.5214322618444746,0.45366720992604215,0.4110478627265517,0.15754398253424645,1.4981704606197757,1.307902117100428e-05
sub-082,0.5580861450245486,0.5578058326901832,0.5754670078171724,0.18855849476010839,1.3018882128994835,5.327523596018398e-06
sub-082,0.5918835192978454,0.4606058667869643,0.49325743527186205,0.18107868481640446,1.4245827158416435,3.303257349867052e-06
sub-082,0.47521519146261565,0.25489224962879004,0.49325743527186205,0.13300297979762546,1.5052850202666972,5.653853679755152e-06
sub-082,0.529224986254809,0.2173655740343212,0.4110478627265517,0.14023369777512537,1.4093132893877272,3.722638999459482e-06
sub-082,0.5926864801413072,0.4604239923889219,0.4110478627265517,0.16686879631399765,1.6098085309804593,-1.0232465898883452e-05
sub-082,0.47893055890846176,0.3579399662453191,0.4110478627265517,0.10924559365339434,1.212337849694081,2.7073183865262682e-05
sub-082,0.5396804675314182,0.31389791458267396,0.32883829018124133,0.12639671381577364,1.8578251663819816,1.6734350052194834e-05
sub-082,0.5144947837199537,0.391394524211222,0.4110478627265517,0.14238630985751718,1.5735609563132158,3.822259703858762e-06
sub-082,0.5917637973754214,0.5565716455541946,0.49325743527186205,0.21636589589635416,1.3528433336775214,3.2228517606210903e-06
sub-082,0.5501959568383719,0.4783718789162522,0.32883829018124133,0.15329316815185054,1.5198796074996146,1.6515934550178066e-05
sub-082,0.6518970096344273,0.2531417471996048,0.32883829018124133,0.1507661649979671,2.0846668097159484,2.0267332508135206e-05
sub-082,0.5144541794396013,0.48550781578170077,0.5754670078171724,0.19478584142662472,1.1342310858083857,2.181627288479098e-05
sub-082,0.5145835826857156,0.34955747616986843,0.4110478627265517,0.15354036997961912,1.307774116128311,1.2216141103102799e-05
sub-082,0.490661848355847,0.36034467282769483,0.32883829018124133,0.1385769851642105,1.2346734135045905,1.5829045160860186e-05
sub-082,0.5198482001055423,0.2156579770615464,0.4110478627265517,0.11671067150136669,1.863422057582392,2.707398868771819e-05
sub-082,0.48814864157583765,0.40546510810816444,0.4110478627265517,0.12006007126153141,1.1583900702613248,1.5405419269479123e-05
sub-082,0.47893055890846176,0.31329464830850723,0.4110478627265517,0.144013852176962,1.0620323943035037,5.260826374095423e-07
sub-082,0.47254566013576904,0.42159449003804794,0.4110478627265517,0.15444526561222996,1.2504812979822317,1.113604491582944e-05
sub-071,0.5757366418814421,0.3513978868378886,0.49325743527186205,0.19082801952718778,1.4483852770362071,7.4661522386812715e-06
sub-071,0.5583790794098652,0.41085595674304076,0.49325743527186205,0.15027847664427313,1.7311735617345625,-3.9853659310938234e-07
sub-071,0.5615431847117456,0.43915895389463705,0.5754670078171724,0.19150324192827806,1.5357690257247116,3.3912184517515024e-06
sub-071,0.5545261050778031,0.48835276791393206,0.5754670078171724,0.22418983488963462,1.1209540193580616,1.1235919959301184e-06
sub-071,0.5918835192978454,0.6505875661411494,0.6576765803624827,0.29588928451785895,1.0812714129956067,7.710014582114554e-06
sub-071,0.5249809320480568,0.34923996545121433,0.4110478627265517,0.11032824762647968,2.405061891272897,3.0853275259558696e-06
sub-071,0.6122386799993341,0.49571198595594246,0.49325743527186205,0.22420471739139863,1.3968501714251218,9.374256174884454e-06
sub-071,0.5033517976047828,0.17256538184858994,0.4110478627265517,0.10860692040632099,2.2724696895886574,-5.078827222750589e-06
sub-071,0.5805263568933177,0.46608972992459924,0.5754670078171724,0.26486928825180533,1.132204620995468,7.490270715903532e-08
sub-071,0.5436843076755311,0.45198512374305727,0.5754670078171724,0.212624035557446,1.1870754939684476,1.032766873749897e-05
sub-071,0.5032733103346622,0.45866914417162896,0.32883829018124133,0.1355755271157655,1.6677870724955945,7.940006895698075e-06
sub-071,0.5340771952970603,0.4159915210951518,0.4110478627265517,0.13129818002051616,1.475858192335429,1.3353558983128136e-06
sub-071,0.548480135233914,0.41085595674304076,0.49325743527186205,0.12745359561159547,1.485044434823301,-5.137784367314918e-06
sub-071,0.5605170754680177,0.2142808640563644,0.24662871763593103,0.08554302141529177,2.9967779208034075,-1.0669082412797822e-07
sub-071,0.5671440611465248,0.4772090129670057,0.49325743527186205,0.1789159026293558,1.522514746610532,2.2420686930190323e-06
sub-071,0.572487982373566,0.34531118528841737,0.5754670078171724,0.18237648865378397,1.1202299188160132,-4.0238321425365406e-06
sub-071,0.5138072788813919,0.3648178013340082,0.4110478627265517,0.1274639958892229,1.621062366551845,1.064890535850283e-06
sub-071,0.5718220282306016,0.34656483700843715,0.4110478627265517,0.16372731292053005,1.399083052805118,8.071875943621268e-06
sub-071,0.6141150601944303,0.493020999132484,0.739886152907793,0.26207624667395574,1.0896846433982483,2.2168452532895394e-07
sub-071,0.5828176720602659,0.30847284212085463,0.5754670078171724,0.1525092255640763,1.6739802539079562,4.671634643896576e-06
sub-071,0.4564826234955896,0.2917720577033061,0.4110478627265517,0.11209873872111449,1.5403703895047078,1.2951073076662641e-05
sub-071,0.5249096607162105,0.3078266385442483,0.32883829018124133,0.13559316428227897,1.5890377256051567,1.7513803229246208e-05
sub-071,0.5138072788813919,0.49247648509779407,0.4110478627265517,0.14056417708200508,1.6909804512884088,-1.9580888898251873e-06
sub-025,0.5396804675314182,0.2037090570855566,0.32883829018124133,0.143934172760394,1.862904610122698,-4.402945387472324e-06
sub-025,0.606222348049614,0.5440040224633094,0.6576765803624827,0.1978780300242448,1.7275864188339638,1.4784927336689786e-05
sub-025,0.586764028132674,0.5223864461670668,0.6576765803624827,0.19703313422117408,1.6001842032219984,7.753194222203858e-06
sub-025,0.619622206454008,0.4462871026284195,0.6576765803624827,0.19311185601141015,1.4160335521213863,4.4242924644380676e-06
sub-025,0.6283265351167238,0.47110921255348526,0.4110478627265517,0.17523202539975646,1.810080908254972,7.545728511929107e-06
sub-025,0.6099205794248116,0.6321112899735762,0.6576765803624827,0.22164627358967337,1.5982811103312111,-5.32780448920797e-06
sub-025,0.6348356603209249,0.5228739622821652,0.6576765803624827,0.2101676736510057,1.714897606990244,2.7982075805412106e-06
sub-025,0.5837091580792495,0.299045831102096,0.32883829018124133,0.16653809890308818,1.5047189473780558,1.0567463446891856e-05
sub-025,0.5617623146491274,0.4125322753312568,0.49325743527186205,0.2099567941609715,1.3548235224612422,1.652595552406915e-05
sub-025,0.536576630837663,0.4824261492442928,0.32883829018124133,0.17681178315570997,1.3717604865039255,1.604945354134089e-05
sub-025,0.5855489678931254,0.47314993493510044,0.49325743527186205,0.25363489409512857,1.2322172399372524,-5.8046220378633134e-06
sub-025,0.6149896853095789,0.253836497713616,0.5754670078171724,0.1321306482369291,2.0808709831125913,1.0599842016581061e-05
sub-025,0.5876555141516577,0.41021571086676223,0.6576765803624827,0.26340317985466805,1.2980597715228068,3.4303457910043997e-06
sub-022,0.5932092027919937,0.3322146463685716,0.5754670078171724,0.10884234807518885,2.8449385245316217,1.065182719342731e-05
sub-022,0.5929337079491732,0.40339256850619204,0.4110478627265517,0.13823136267521086,2.159859914913165,-4.200913757582931e-06
sub-022,0.6322505512397315,0.5730028687178821,0.49325743527186205,0.18729246177935713,1.7993004221903344,-1.422301402717714e-05
sub-022,0.5583790794098652,0.35667494393873245,0.32883829018124133,0.14478450715015007,1.7885674678367236,-1.327821699574908e-06
sub-022,0.5935736514988871,0.2087548138621101,0.5754670078171724,0.18464831432785403,1.492111680853515,8.972264221424469e-06
sub-022,0.5547505754535487,0.2660205756706016,0.4110478627265517,0.17565192748869396,1.5524905263651356,1.896618842164236e-05
sub-022,0.572487982373566,0.2508415032307107,0.32883829018124133,0.10053031385330295,2.700800725744084,7.883674118935306e-06
sub-022,0.5033517976047828,0.4959791156489963,0.4110478627265517,0.14593272896716197,1.681145664383475,-6.110522370761895e-06
sub-022,0.5261211495610538,0.322773392263051,0.49325743527186205,0.10579674949664143,1.9463587686756134,1.1253697280418625e-05
sub-022,0.5917637973754213,0.5330263337461832,0.5754670078171724,0.17758498581156054,1.6720564911120597,8.682862588105979e-07
sub-022,0.5502803436659474,0.36624439495488303,0.32883829018124133,0.12328527910995059,1.776355386236693,8.092417075265702e-06
sub-022,0.5918835192978454,0.5320278314165937,0.49325743527186205,0.21932756511017396,1.2590662540784465,3.4691436526459028e-06
sub-022,0.572487982373566,0.3856624808119846,0.4110478627265517,0.2029843722365354,1.2783703470887353,9.708879394643672e-06
sub-022,0.575945022060763,0.2076393647782445,0.49325743527186205,0.23894685017257733,1.3167339439812678,1.239535892140441e-05
sub-022,0.6110433292371705,0.29783444391579894,0.49325743527186205,0.1911754603703091,1.5084627435634246,6.072171044140181e-06
sub-022,0.5380246539573047,0.27412910604707746,0.32883829018124133,0.10407083928614204,2.0720267864167656,7.56718723400925e-06
sub-022,0.5671440611465248,0.5299955398737108,0.49325743527186205,0.17812239563540905,1.4466403641384127,4.769625264631282e-06
sub-022,0.6392463248993032,0.4027948795522855,0.49325743527186205,0.18607436052745147,1.5241657474611159,5.261301228029306e-06
sub-022,0.5185299387581237,0.24157725300304783,0.4110478627265517,0.1303130967523612,1.8313347832419893,5.0645542541076e-06
sub-022,0.6156758503815998,0.3063742054639334,0.49325743527186205,0.13112228566648615,2.1606363699626643,7.113488935740796e-06
sub-022,0.5759450220607629,0.38092399919204684,0.5754670078171724,0.17287078216626534,1.6463281799836784,-3.437336190919696e-07
sub-022,0.6511893674491889,0.2440294422940441,0.4110478627265517,0.28082691379764624,1.146496388862443,1.790298940639393e-07
sub-022,0.6149896853095789,0.4482523833133733,0.49325743527186205,0.16829937850419105,1.784681083625863,4.779478396823917e-06
sub-022,0.5962803134573204,0.5579724021916928,0.6576765803624827,0.2658264081606792,1.2501893956635657,7.671143958809137e-07
sub-022,0.5068737234358001,0.44118319071024364,0.4110478627265517,0.16003761342044953,1.4619897915939108,4.448096256395185e-06
sub-022,0.48406848280926934,0.18168278321745987,0.24662871763593103,0.07257952831886973,3.6064227792587826,1.6013450830250143e-05
sub-022,0.5855489678931255,0.4337956147343904,0.5754670078171724,0.19110126556708212,1.4568457992956563,2.513574225685379e-06
sub-022,0.5574201908815842,0.39403641228454156,0.32883829018124133,0.128079579073935,2.0374062049065578,1.7208520481213923e-05
sub-022,0.5574201908815842,0.13692237586708086,0.4110478627265517,0.14150220733438734,1.5621364120596561,-9.21873939890212e-06
sub-022,0.6339061615696354,0.5108256237659907,0.6576765803624827,0.2497667686802571,1.3692032106408614,1.1598134159371188e-05
sub-022,0.5947648878283813,0.6514744841593773,0.6576765803624827,0.2924862183162054,1.1340425513392784,8.302858485373094e-06
sub-022,0.5580861450245486,0.3087354816496133,0.4110478627265517,0.11018341593783623,2.121836945126234,9.634843850433873e-06
sub-022,0.5476000244038068,0.24285324612577264,0.4110478627265517,0.17525180960779985,1.737922128948977,1.6960200636979436e-05
sub-022,0.6189360413819871,0.6409614273893751,0.5754670078171724,0.2484764985115078,1.3173151363528688,3.940180381608323e-06
sub-014,0.5652165697999039,0.48285177172358457,0.4110478627265517,0.1926252818261535,1.4704429383954483,1.669627237407743e-07
sub-014,0.5502803436659472,0.6931471805599453,0.49325743527186205,0.2618526846767122,1.0932819864670715,3.131187249806996e-06
sub-014,0.5691524128025661,0.37421256460406,0.4110478627265517,0.1251687974980068,2.248536381468329,-8.494035514117457e-06
sub-014,0.5583790794098652,0.3970262394622997,0.6576765803624827,0.16774670431219924,1.4831137854773537,4.866791758629068e-06
sub-014,0.6159044319026156,0.39603107587480585,0.49325743527186205,0.15442301709779413,1.9337988142358222,2.9835638255386503e-06
sub-014,0.4507451863543176,0.3519016651860747,0.49325743527186205,0.14137794017713612,2.083076768330413,8.057479028525596e-07
sub-014,0.5261211495610538,0.3817110221000572,0.5754670078171724,0.14936513969890533,1.370038184667398,7.903633243131991e-07
sub-014,0.5926864801413072,0.29063628434921235,0.5754670078171724,0.16291337287961194,1.5607952291770584,-4.797279489217636e-06
sub-014,0.5473604773001101,0.3141965939952158,0.4110478627265517,0.10242959041290384,2.263454523219945,8.865257488286898e-06
sub-014,0.6119580758302074,0.5162164724008671,0.4110478627265517,0.1914949917193254,1.4736894721474165,1.1698799598982844e-06
sub-014,0.586764028132674,0.37573892784296364,0.5754670078171724,0.15267769593220964,1.9365214667002568,3.839873170417861e-06
sub-014,0.5752254580774614,0.49765516057624565,0.49325743527186205,0.1901024703117962,1.3645918424093888,-3.91308077291298e-06
sub-014,0.5453800414705745,0.26460767539156876,0.49325743527186205,0.09379342788226624,3.0785737694337585,-2.44453866585098e-06
sub-014,0.5855489678931255,0.24384822467590092,0.49325743527186205,0.16295092794628646,1.692373070046424,-2.4169524019085385e-06
sub-014,0.5583080015905993,0.19143214486441343,0.49325743527186205,0.13166070553031906,1.7881856174684365,8.797882548089529e-07
sub-014,0.5547505754535487,0.34542306714129756,0.4110478627265517,0.1539906622776141,1.7477896992511872,-3.1575398364042388e-06
sub-014,0.5138072788813919,0.3458730109059187,0.4110478627265517,0.1609731086904926,1.3325553586302197,-7.268971019892269e-07
sub-014,0.5671440611465248,0.32158362412746233,0.49325743527186205,0.14911441203111728,1.7544223676351005,4.256867464346941e-06
sub-014,0.5476046531546888,0.38046380590274714,0.4110478627265517,0.1235923435421421,1.6895432743810315,1.0426271365369972e-05
sub-014,0.5707108191664222,0.41481097052640203,0.49325743527186205,0.155941796224734,1.1536106732573075,1.2158879976281711e-06
sub-014,0.5909818381699268,0.5266094914672526,0.5754670078171724,0.1834565804057649,1.6458667692184252,3.7012519096548784e-06
sub-014,0.619622206454008,0.4700036292457356,0.49325743527186205,0.17502023713750617,1.5825935285542703,-1.123992476532651e-06
sub-014,0.5068737234358001,0.31263412206527064,0.4110478627265517,0.12903831927419962,1.5921198639864733,4.556355471835817e-06
sub-014,0.5453800414705745,0.3817110221000572,0.4110478627265517,0.1837274407553557,1.381344398707294,-3.621081729714802e-06
sub-014,0.6117294943091915,0.4466231806016719,0.4110478627265517,0.2000080422331759,1.4993877090915866,6.111175428850438e-06
sub-014,0.4975903807325274,0.43969827975040654,0.49325743527186205,0.16499256898253317,1.3943386609823327,-3.445777622263702e-06
sub-014,0.6036844589384266,0.34699864960820037,0.5754670078171724,0.25743231316152837,1.2232945865233282,6.273458455706616e-06
sub-014,0.5691524128025661,0.6026331730191135,0.5754670078171724,0.26267759167824084,1.2168893782170775,-8.111759317806286e-06
sub-014,0.6098983144299835,0.41700686854833585,0.4110478627265517,0.17833660393128906,1.6118515139951688,-7.14177108471035e-06
sub-014,0.5718220282306016,0.43324467221524016,0.5754670078171724,0.1833524934470267,1.441472391434398,-3.267186607485602e-06
sub-014,0.6387820163933331,0.3334117904681067,0.49325743527186205,0.14300865898075701,2.46210244179551,-1.0040039332304089e-06
sub-014,0.5527439577492197,0.25985956685248174,0.32883829018124133,0.12145736789069024,2.285953310192616,5.178264766034637e-06
sub-014,0.5332028158056714,0.46262352194811296,0.49325743527186205,0.2442595773463574,1.0728022283698904,9.138400185225784e-06
sub-014,0.6122386799993341,0.5901992113075029,0.6576765803624827,0.2356178046703093,1.5040195624459902,-6.104329654750161e-07
sub-014,0.5929337079491732,0.3263965846324714,0.49325743527186205,0.14572787334821533,1.6517298072873607,2.2936604797396505e-07
sub-014,0.6198507879750239,0.25279976089709777,0.32883829018124133,0.14517739231251706,1.9159247294812798,-3.827992730539115e-06
sub-014,0.5987112439007894,0.5210297939402324,0.6576765803624827,0.22081958542404062,1.4400490457912312,-8.116727915683994e-06
sub-014,0.5244838471383011,0.2032282416132683,0.24662871763593103,0.0926978738482399,2.414921695290011,1.1237428627650125e-05
sub-014,0.47978132308707916,0.34043263783730987,0.32883829018124133,0.11373153996022912,1.7678445917752186,6.481115780661892e-06
sub-014,0.5658530655794557,0.7243997240640497,0.49325743527186205,0.2067127718044398,1.3871738955632036,2.9567914246033615e-06
sub-014,0.5855489678931255,0.5863792051342391,0.49325743527186205,0.24075992900700297,1.0785139419851155,5.429622733583398e-07
sub-014,0.5923339573849121,0.4895482253187058,0.49325743527186205,0.21057592191818336,1.43187718620851,3.4511092090729437e-06
sub-013,0.5791718141498697,0.5436154465889815,0.49325743527186205,0.18928034444110367,1.5166218834581862,2.774648844101416e-06
sub-013,0.5318877431210838,0.3550342544812724,0.4110478627265517,0.13372944977990847,1.782277375187513,-3.41191061348167e-06
sub-013,0.4142919403862452,0.27780196385207384,0.4110478627265517,0.129429957809884,1.7176812397707082,3.818899687105181e-06
sub-013,0.5574201908815841,0.3751243910554921,0.49325743527186205,0.1195904583331126,2.2857293153083407,-9.533343088508428e-07
sub-013,0.5489175078558625,0.49247648509779407,0.49325743527186205,0.19906945322417663,1.1056627010578561,5.136502933107687e-06
sub-013,0.5340782978848966,0.49469624183610705,0.5754670078171724,0.17656328153169407,1.1737283275672825,7.225939784840292e-07
sub-013,0.572487982373566,0.49561620510246185,0.5754670078171724,0.1569495390308738,1.8249401888270234,4.331070413818254e-06
sub-013,0.5718220282306016,0.48145101508608634,0.5754670078171724,0.16211350099324878,1.6436732785672625,1.0677759305896968e-05
sub-013,0.5580861450245486,0.40972950689462195,0.5754670078171724,0.14529450385824716,1.834827335685704,-2.0443677358967934e-06
sub-013,0.5620018617528242,0.29191040856130207,0.4110478627265517,0.09609784367322419,2.4112846602177824,1.4228258941466723e-05
sub-013,0.5401242677287857,0.38193461069797024,0.32883829018124133,0.14501559457091256,1.9219522132449203,4.021712766311759e-06
sub-013,0.5318754369193467,0.44667537675482727,0.5754670078171724,0.16250777920066659,1.6104168577163087,2.1350945495356494e-06
sub-013,0.5718220282306016,0.37586463833187367,0.4110478627265517,0.13350562457680587,2.1998181097610683,-3.7965296666445817e-06
sub-013,0.5917637973754213,0.38027485927960586,0.4110478627265517,0.1315160217869194,2.109358530784731,5.364004392132697e-06
sub-013,0.5958298753702537,0.4736029132753824,0.5754670078171724,0.17891404833442104,1.4815342149073434,-3.3752508113829657e-06
sub-013,0.5068737234358001,0.3067302674224755,0.4110478627265517,0.1367419405971251,1.6015543152910512,5.233884212350169e-06
sub-013,0.6122386799993341,0.44123233196679545,0.4110478627265517,0.18858441524994793,1.5813314039675577,1.444731819819721e-06
sub-013,0.634589942818343,0.4700036292457356,0.49325743527186205,0.205895767604934,1.5953296932866856,-4.205066938389183e-06
sub-013,0.6156758503815998,0.36593426935152906,0.32883829018124133,0.16116404192402062,1.6730483482092748,1.7419733419161938e-06
sub-013,0.5574201908815842,0.4778556045284209,0.49325743527186205,0.18032979388404546,1.4773451504112214,-2.747539246915331e-06
sub-013,0.5514512282304381,0.2876820724517809,0.4110478627265517,0.15792784720715958,1.6622817794468936,-2.2941613057474847e-06
sub-013,0.536576630837663,0.28039416929418964,0.32883829018124133,0.17275449149390698,1.264955661452429,1.9612289877759703e-05
sub-013,0.5707108191664222,0.4312176042105791,0.4110478627265517,0.19201084302141813,1.584155626828736,1.522398668163287e-05
sub-013,0.5913277174461157,0.30681602703832495,0.32883829018124133,0.09010956200944772,3.569042579279113,7.009927330167985e-07
sub-013,0.5545261050778031,0.3929257588554291,0.4110478627265517,0.1031821338131255,2.4634815102053196,6.026816050191681e-07
sub-013,0.5022724519051495,0.15093524297328387,0.32883829018124133,0.10022747969502631,1.9767636338909778,7.3133397899865504e-06
sub-013,0.4970176400348177,0.4769240720903093,0.49325743527186205,0.1912133461806214,1.1391125868766365,-7.782779261846604e-06
sub-013,0.6062223480496138,0.324119468654212,0.6576765803624827,0.21878787959648155,1.2858503995437798,1.2630097904591746e-05
sub-013,0.5462895804701012,0.3894647667617233,0.32883829018124133,0.14588652223359136,1.7677044515919922,1.5110109007022878e-05
sub-013,0.477365142321613,0.2109482782203915,0.32883829018124133,0.0901860321211256,2.518793626875379,2.2005552212223316e-06
sub-013,0.5042142142188898,0.29792356650397794,0.4110478627265517,0.1302717264768969,1.568267831759838,6.292457157041892e-07
sub-013,0.5828176720602658,0.23227603487748227,0.4110478627265517,0.15399784571301506,1.7458351264466325,1.165731460994593e-05
sub-013,0.611577171083243,0.38265043034199303,0.5754670078171724,0.17386979825812413,1.6291882984225512,2.9722530098079763e-06
sub-013,0.5473604773001101,0.433015059876395,0.49325743527186205,0.16562932872066133,1.7416251032720491,3.367501416458395e-06
sub-013,0.5081564877288705,0.3823693933135151,0.4110478627265517,0.1367135887804791,1.4090200046473604,3.648506206574958e-06
sub-013,0.5256666561903609,0.35607235277858795,0.4110478627265517,0.12451213429901163,2.1931843254433967,8.623239245625969e-06
sub-070,0.5671440611465248,0.4590212125771265,0.4110478627265517,0.16516925946424899,1.561627618669868,-7.147011577829339e-07
sub-070,0.6161850360717424,0.29776619151840705,0.49325743527186205,0.196271560934606,1.4251620166440673,-6.1823103138321435e-06
sub-070,0.5244838471383011,0.22808997524953534,0.4110478627265517,0.1442546729189151,1.4400404695706344,1.4826854795097745e-06
sub-070,0.606222348049614,0.2673768062910354,0.5754670078171724,0.15226422445685434,1.9238430077724602,-2.0007166897135465e-06
sub-070,0.5962803134573204,0.5020919437972361,0.49325743527186205,0.2112220119752809,1.3165620649927763,4.396530469673905e-06
sub-070,0.5279118200183376,0.2221674653411543,0.49325743527186205,0.15290643762005612,1.8682899517095273,-1.8484960774797781e-06
sub-070,0.5462895804701012,0.35057905362939396,0.49325743527186205,0.13812550060845194,1.839746141090148,-1.0200439030397329e-05
sub-070,0.6159044319026156,0.4700036292457356,0.32883829018124133,0.1754340992182034,1.5422207038339741,-9.618909557638239e-06
sub-070,0.5918835192978454,0.46173601356946714,0.5754670078171724,0.1502804153050974,1.7387059365763202,6.613584036829482e-06
sub-070,0.5502803436659472,0.4320243811805192,0.49325743527186205,0.15104608900635608,1.5435641303938548,-1.3524421891335837e-06
sub-070,0.5127279331817586,0.3690974639372896,0.49325743527186205,0.184361232369352,1.0746819390609512,-7.765981290397554e-06
sub-070,0.5221747934886456,0.2876820724517809,0.32883829018124133,0.1179413345783234,2.0810485151542784,7.765374552820973e-07
sub-070,0.6036844589384266,0.1865859555804122,0.4110478627265517,0.14544812362620563,1.681848644508618,-8.631852779695224e-06
sub-070,0.5227473345290622,0.3513978868378886,0.4110478627265517,0.13880160542409026,1.4790713415847483,4.265481248627244e-06
sub-070,0.586764028132674,0.25131442828090605,0.4110478627265517,0.14802481354067107,1.4127389194798268,2.6036508362070505e-06
sub-070,0.48640122001402647,0.22994960578320928,0.4110478627265517,0.11229508668350632,1.1815079883417938,-6.330523877642063e-07
sub-070,0.5197195336231006,0.3639653772014116,0.49325743527186205,0.1437302169765805,1.1408699929048365,4.6476240151246247e-07
sub-070,0.48640122001402647,0.4077613203685146,0.4110478627265517,0.1334137061307206,1.2706020779655782,-4.995652608807061e-06
sub-070,0.5574201908815841,0.5428649775106075,0.4110478627265517,0.170146575224363,1.4592830838931319,-1.6342009161400051e-06
sub-070,0.5583080015905993,0.25467577598361085,0.32883829018124133,0.12712280958540795,1.5143970619459928,5.2953185197575455e-06
sub-070,0.577361960026404,0.3419168961694447,0.32883829018124133,0.11835866503849662,2.4993383482934606,6.793428901328705e-06
sub-070,0.5502803436659474,0.2657031657330056,0.4110478627265517,0.15221466182561824,1.592504532802654,2.9961209255312336e-06
sub-070,0.48640122001402647,0.2876820724517809,0.4110478627265517,0.14145211707584862,1.3704800894753955,2.2991246623184107e-06
sub-070,0.548480135233914,0.4353180712578455,0.49325743527186205,0.15749261327267938,1.4301522513584952,-6.781788715780374e-06
sub-070,0.5580861450245486,0.2823201293103956,0.4110478627265517,0.12445971288559815,1.5424409562602468,5.9493592208378435e-06
sub-070,0.5489175078558625,0.5547887471871067,0.5754670078171724,0.16598478564430813,1.4679100930266507,6.948468991256556e-06
sub-070,0.5236228166082872,0.3797973613595865,0.4110478627265517,0.15465112923747426,1.2453191328533026,-5.7973136104533214e-06
sub-070,0.5249096607162105,0.2272503332668632,0.49325743527186205,0.11214409191324613,1.9439010023875078,5.569424429539298e-06
sub-070,0.45100382976860304,0.26933293378358447,0.49325743527186205,0.15727952156288336,1.2150285554973208,4.197048843470458e-06
sub-070,0.5042142142188898,0.4181075015233409,0.4110478627265517,0.13433820498474416,1.5614702302049763,4.101972680794837e-06
sub-070,0.49030039522907654,0.3184537311185346,0.4110478627265517,0.15534493326891965,1.5089479348887214,-2.5249021831849146e-06
sub-070,0.4935838211667353,0.2239662580656733,0.4110478627265517,0.11749231923892436,1.228662535720902,3.6999729310247926e-06
sub-070,0.5580861450245486,0.5196362534481457,0.4110478627265517,0.1949515183582637,1.0431437970850608,3.0478376303774694e-06
sub-070,0.5040393024433445,0.29310213992112005,0.49325743527186205,0.16451666300505527,1.2263398049499525,-9.20311659990145e-06
sub-070,0.5340771952970603,0.18933912945260123,0.32883829018124133,0.08664784313660066,2.1191955147106984,-8.09620973007442e-06
sub-070,0.5423309181959558,0.240564149474711,0.32883829018124133,0.11286260704970111,1.6402914795114536,-5.887876567170648e-06
sub-070,0.476693188839701,0.4095219088037787,0.6576765803624827,0.1370803267520553,2.158631797366316,-4.613447474070283e-06
sub-070,0.548480135233914,0.3613697882429401,0.49325743527186205,0.1962481771391552,1.0079172300890062,-2.7989341861257816e-06
sub-070,0.4038364591096361,0.28195139774279593,0.4110478627265517,0.13979366351489658,1.304379875700427,1.4074984909391484e-05
sub-070,0.5340782978848966,0.2784936463973747,0.4110478627265517,0.12394243861471058,1.6202104987691386,-1.3984303369709052e-05
sub-070,0.5828176720602659,0.21256144198367288,0.6576765803624827,0.13725381076008958,1.5866290709641107,6.605852721355214e-06
sub-070,0.5225583250778879,0.40546510810816444,0.4110478627265517,0.17765849966970088,1.2666185882332908,-5.2143055666535235e-06
sub-048,0.5671440611465248,0.31237468504215243,0.6576765803624827,0.2596193927574999,1.065812179649774,-3.816235737206216e-06
sub-048,0.47978132308707916,0.3999856423435389,0.4110478627265517,0.13147899662217902,1.5377092767883946,-9.575911341694718e-07
sub-048,0.5798913781331713,0.342202911330198,0.6576765803624827,0.22232136251968765,1.3832525744576916,3.553446964498323e-06
sub-048,0.5384620265792534,0.5153099362133192,0.49325743527186205,0.21287599750408384,1.0369116478080915,-4.163604569341302e-06
sub-048,0.5707108191664222,0.48866405196313817,0.5754670078171724,0.2177178643560694,1.2660828597943377,-4.003206218362214e-06
sub-048,0.5400684935393784,0.20633643299782845,0.4110478627265517,0.07440972535486971,3.3137664975517254,9.486465713976029e-06
sub-048,0.5814280380212362,0.5036571342873781,0.6576765803624827,0.2217521186128869,1.4311758228742926,-1.7984237068364506e-06
sub-048,0.5685843614123153,0.3437715391028245,0.49325743527186205,0.12814604015584427,1.9080044643739773,-2.9695708145899814e-06
sub-048,0.5750934866165163,0.5815072094172758,0.6576765803624827,0.2176749324307876,1.3671115257666504,-1.0852751535392555e-05
sub-048,0.565216569799904,0.40546510810816444,0.4110478627265517,0.16417374850671426,1.5818030680605173,1.8685486982716928e-06
sub-048,0.636456055075247,0.3364722366212129,0.5754670078171724,0.27964410215669866,1.1342353446126234,4.018112478333333e-06
sub-048,0.5918835192978454,0.622051258876215,0.49325743527186205,0.23989420822506746,1.336158274516748,-4.35767286504351e-06
sub-048,0.5617623146491274,0.30294954458256934,0.49325743527186205,0.11874501099110286,2.097165635876604,-1.1169019557084147e-05
sub-048,0.5252786301824007,0.38299225225610584,0.5754670078171724,0.1359759615542707,1.9441383385109228,-1.0433323016122703e-05
sub-048,0.5439772420608477,0.25826818724548767,0.5754670078171724,0.14663409934237137,1.9359411208192767,-5.608866730039445e-07
sub-048,0.5646821810149647,0.324861075693535,0.4110478627265517,0.10452523014878089,2.5104253648991364,-3.2340735283861617e-06
sub-048,0.4922355317187209,0.2889312918522128,0.49325743527186205,0.10071309140165587,2.857095620388342,7.441888034402973e-06
sub-048,0.4964182421591909,0.3642221495741152,0.4110478627265517,0.09584196099940205,2.1811595258195973,-7.705164034832148e-06
sub-048,0.5527422237975074,0.3746934494414107,0.5754670078171724,0.19746712729332505,1.2293616612205218,-5.982782958727045e-06
sub-048,0.535834099193492,0.4330384350122641,0.4110478627265517,0.15481859375639728,1.4890962634011724,-2.843537737206622e-06
sub-048,0.5574201908815841,0.3935743615866428,0.4110478627265517,0.13258663908094423,1.9235825877350488,-6.889124946357601e-06
sub-048,0.6229241383788359,0.282781817633941,0.5754670078171724,0.13154413548178248,2.434715622431386,-4.622713906136868e-06
sub-048,0.5620018617528242,0.24371894903066488,0.49325743527186205,0.11487286364605484,2.9002215080503184,3.725776844096052e-06
sub-048,0.5896272954264788,0.39326983501434615,0.49325743527186205,0.18027106611389868,1.6098973649727883,-3.716128941888349e-06
sub-048,0.5805263568933176,0.386344066661386,0.49325743527186205,0.15653483762536488,1.782904094512034,-5.552383388183545e-06
sub-048,0.5646821810149647,0.2607262624632527,0.4110478627265517,0.16494600823129374,1.3352956938832747,3.706844740642295e-06
sub-048,0.5835647632213297,0.612517446159836,0.49325743527186205,0.23235526018911784,1.2674001006526947,-1.1309064340209258e-06
sub-048,0.5752254580774614,0.2231435513142097,0.49325743527186205,0.1066909463442218,2.513931737149593,-4.439144401257962e-06
sub-048,0.6183948866034582,0.4969802169439377,0.739886152907793,0.15727970921337264,2.1315133072308954,-5.259405684100366e-06
sub-048,0.572487982373566,0.34148477844475716,0.49325743527186205,0.11798724596201135,1.8597940062880005,-3.3602405298008624e-06
sub-048,0.5256666561903609,0.36083295408739613,0.5754670078171724,0.15035294765678922,2.1254883288703534,-9.693690453843102e-06
sub-048,0.5684158347112485,0.21747781377853237,0.32883829018124133,0.19057846576072057,1.4395461955819178,-5.451831657016794e-06
sub-048,0.5962803134573204,0.48117692984386073,0.5754670078171724,0.24070004655249985,1.2652597505872973,-2.7897136276865893e-07
sub-048,0.5759450220607629,0.3290234126082224,0.5754670078171724,0.24722756492720702,1.3348895201638276,-4.9852589749259756e-06
sub-048,0.5361844165921598,0.3275466710157087,0.4110478627265517,0.12023643263865728,2.1736635039852974,-6.261394082971197e-06
sub-048,0.5501959568383719,0.40804575470165605,0.49325743527186205,0.15388498437051182,1.5826187310763933,-6.846819085696334e-06
sub-048,0.6387820163933331,0.6711682738411702,0.5754670078171724,0.262949667530036,1.282181542361836,-4.064756453944663e-06
sub-048,0.6036844589384265,0.26368964570855963,0.4110478627265517,0.10051009299426934,3.066250905869526,-1.6798706884016666e-06
sub-048,0.5691524128025661,0.4623407565001665,0.32883829018124133,0.1603219163867513,1.5125847437214521,-1.2073283470052773e-06
sub-048,0.5828176720602658,0.23043398457688907,0.4110478627265517,0.1263250429520524,2.018207005387465,8.988025694208936e-07
sub-048,0.5574201908815841,0.31623397438022166,0.24662871763593103,0.12919749710421582,1.8494613893302005,-2.3805422393177543e-07
sub-048,0.5439061642415818,0.3025411868555307,0.4110478627265517,0.1581646675360313,1.5416313195670248,-4.370324296676685e-06
sub-083,0.5357678020423351,0.23604695615011767,0.49325743527186205,0.14452203770078229,2.1465012234219287,-9.0953596771872e-07
sub-083,0.5796184071489213,0.535826925971408,0.5754670078171724,0.23208944486530914,1.3646455947986873,3.884742213592703e-06
sub-083,0.6122386799993341,0.5270203096859712,0.5754670078171724,0.20696078137665258,1.3965136695535303,4.524779460547234e-06
sub-083,0.6325096990028387,0.7133498878774648,0.739886152907793,0.3012150884476483,1.0793134335567174,-2.762405712564846e-07
sub-083,0.6138446705023917,0.3387135524642268,0.5754670078171724,0.14613820311091183,2.0044574627716014,8.4603976014629e-07
sub-083,0.5734156039539958,0.6931471805599453,0.6576765803624827,0.301904185823978,1.1141532721873146,-1.0856544218325407e-05
sub-083,0.478807800083868,0.2810109336347585,0.24662871763593103,0.10900444505684216,2.7620425206473156,-3.576380649608561e-06
sub-083,0.5186119690054797,0.48058573857627246,0.49325743527186205,0.1823467140921232,1.315099777136536,2.2053664874058852e-06
sub-083,0.5796184071489213,0.5232481437645479,0.49325743527186205,0.19898845804894746,1.5689863761735574,6.2548856788556235e-06
sub-083,0.5958298753702537,0.4468503242710187,0.4110478627265517,0.18794687390145645,1.5315258871621396,-4.687932433579434e-06
sub-083,0.5646821810149647,0.38476822633700947,0.5754670078171724,0.1790122693559849,1.4805874055416195,5.307330564229405e-06
sub-083,0.5727098389396168,0.2526630461521996,0.32883829018124133,0.11951820192840949,1.7678900337701062,9.136938798788218e-06
sub-083,0.634589942818343,0.5085759040319753,0.49325743527186205,0.24287789920950173,1.3041682214146852,9.25978581534678e-06
sub-083,0.5127279331817586,0.2501857599895318,0.32883829018124133,0.1383906924862916,1.6575784535521976,4.602164342084992e-07
sub-083,0.5958298753702537,0.4092458309480705,0.6576765803624827,0.20685188720437955,1.4061691404003618,-3.6265221135036212e-06
sub-083,0.5445326765736695,0.43915895389463705,0.49325743527186205,0.17483747391063964,1.4744921558393442,7.93155906958391e-06
sub-083,0.5396804675314182,0.4190707601639429,0.49325743527186205,0.1626218006984372,1.3674341562763621,5.8743497489265036e-06
sub-083,0.6257414260355304,0.26644035706753394,0.32883829018124133,0.16267820083208506,1.8353451766063906,8.389829809675913e-06
sub-083,0.6036844589384266,0.4241572411203169,0.4110478627265517,0.12503129720060294,2.4533800555992435,7.006295105416654e-06
sub-083,0.5697552459768062,0.27477866761587305,0.24662871763593103,0.10493549829901272,2.331686748185851,5.184027508237117e-06
sub-083,0.5791718141498697,0.46877738752249115,0.5754670078171724,0.21471466690848617,1.4313207661544167,-3.1429282631232612e-06
sub-083,0.5371491718780796,0.4656336295746172,0.5754670078171724,0.19820308842738626,1.29753987924148,6.647341986168167e-06
sub-083,0.535834099193492,0.4361020775700542,0.32883829018124133,0.1335026068483083,1.556615619847936,8.77695365560027e-06
sub-083,0.5671440611465248,0.4213805634140638,0.5754670078171724,0.15080897178017588,1.7521585788869414,-2.053583997156981e-06
sub-083,0.577481681948828,0.556287997842748,0.6576765803624827,0.25996948966119415,1.1161727842409195,-5.325989631040091e-06
sub-083,0.5691524128025661,0.48916412698481126,0.6576765803624827,0.2188667202115353,1.2793710898620851,2.995957784464455e-06
sub-083,0.5855489678931255,0.25131442828090605,0.32883829018124133,0.15796971515963135,1.795142283684426,2.971264879154729e-06
sub-083,0.572487982373566,0.5920510636885765,0.49325743527186205,0.24622938462404273,1.0769962931466714,3.0507086722129813e-06
sub-083,0.5671440611465248,0.45455471830468797,0.6576765803624827,0.17572420718990236,1.49060009889883,4.911076370914811e-06
sub-083,0.5707108191664222,0.4255865113075855,0.49325743527186205,0.18724699450523202,1.3485196345326607,1.2754584035421565e-05
sub-083,0.5671440611465248,0.3915952602440139,0.49325743527186205,0.18055897194473047,1.5976677074862233,2.6983614917781794e-07
sub-083,0.5749189128170351,0.587786664902119,0.5754670078171724,0.20505904102683062,1.4409818589325352,-4.856034216310002e-06
sub-083,0.4712325583477264,0.3496737484797488,0.4110478627265517,0.12688510847569062,1.3553240912444273,-5.6679992504442995e-06
sub-077,0.5878174413030132,0.5264917405103902,0.6576765803624827,0.1780110416187684,1.5230565868080608,5.786847431145388e-06
sub-077,0.6156758503815998,0.20359895524123955,0.4110478627265517,0.1250974846208561,2.043992385917805,5.25307765316817e-06
sub-077,0.4802063670792377,0.3942163955722936,0.4110478627265517,0.13731558348105213,1.0543727918194892,5.89866787544373e-06
sub-077,0.5384620265792534,0.33393309010253663,0.32883829018124133,0.14393429364586724,1.3751986408043935,7.985266160977558e-06
sub-077,0.46085004905813765,0.24231346742193,0.4110478627265517,0.1199433858522182,1.2521779574785337,-2.766014978651729e-06
sub-077,0.4274582094828194,0.08843730051656282,0.4110478627265517,0.09583799350546097,2.2668788754150886,3.264562489578385e-06
sub-077,0.5646821810149647,0.33504976127466995,0.32883829018124133,0.11326875291219836,1.9999761844236998,5.253627178864486e-06
sub-077,0.4325203835051362,0.35446255365579166,0.4110478627265517,0.13433206888534518,1.9820460062318868,4.140193617366437e-06
sub-077,0.5620018617528243,0.2473382799012667,0.24662871763593103,0.14449463542643468,2.089762849240054,5.819862890681933e-07
sub-077,0.478807800083868,0.3479118275306074,0.4110478627265517,0.11476123781764669,2.4320549955858817,1.6586328033328274e-06
sub-077,0.48938604018507104,0.3235479856402776,0.32883829018124133,0.10901479208164866,1.8153460910750063,1.735176348484561e-06
sub-077,0.5117193122120364,0.38039147055604844,0.32883829018124133,0.15788336830847235,1.4185903122843326,3.3253167304372796e-06
sub-077,0.5894953239655337,0.2832864609787429,0.32883829018124133,0.14018448005598896,1.9075990563611283,2.3007670886668535e-06
sub-077,0.48814864157583765,0.34366938883969866,0.32883829018124133,0.12143685943187596,1.6211808984735547,8.649035048581241e-06
sub-077,0.5371491718780796,0.34913485166544445,0.49325743527186205,0.1264212601762586,1.7375095682293813,1.6554337863176092e-06
sub-077,0.5007558765056858,0.20618903820059806,0.5754670078171724,0.12741150199939522,1.448794074293982,9.090396035125043e-06
sub-079,0.6082923239269258,0.1743533871447778,0.5754670078171724,0.13999003604878063,2.1046132758198426,4.044890507833861e-06
sub-079,0.6071698550609236,0.34710549292258164,0.4110478627265517,0.187064381471342,1.5102164034130883,3.9251164167923665e-06
sub-079,0.5214322618444747,0.34745381575169826,0.49325743527186205,0.1427714148320765,1.6122524145489259,1.1224738502688696e-05
sub-079,0.5439772420608477,0.3030133831985698,0.4110478627265517,0.17819544236991772,1.5681690979501,8.680004089995429e-06
sub-079,0.592333957384912,0.2548392821243416,0.739886152907793,0.22078321898410314,1.2125496679969545,2.264813224423272e-05
sub-079,0.619622206454008,0.6554068525770982,0.5754670078171724,0.25405565535762825,1.2469866105397671,-1.385856588210897e-05
sub-079,0.5918835192978454,0.3896545020815222,0.49325743527186205,0.1770126582005653,1.5432425460324077,6.093817703435232e-06
sub-079,0.5197195336231006,0.4951697266934377,0.49325743527186205,0.1723393884377703,1.2535518419690859,-7.818512922859382e-06
sub-079,0.478807800083868,0.3746934494414107,0.49325743527186205,0.15970161887610765,1.7114808827157595,1.7388025582182249e-06
sub-079,0.6223412426758663,0.4769240720903093,0.49325743527186205,0.17103407674238674,2.0580681493588133,1.2696495434078586e-05
sub-079,0.5685843614123153,0.4353180712578455,0.5754670078171724,0.22372417962160476,1.2484221338124097,6.903978428305324e-06
sub-079,0.4902368043636884,0.4653632496892333,0.49325743527186205,0.17095301108741062,1.0814413121238322,-1.2336520447020002e-06
sub-079,0.5257224303797682,0.363264753617788,0.4110478627265517,0.19145827517098016,1.2319488750525123,-5.001391441877939e-07
sub-079,0.548480135233914,0.46871413841586373,0.49325743527186205,0.2105651437034132,1.4022646297559487,-3.56797718082127e-06
sub-079,0.6387820163933331,0.7537718023763802,0.6576765803624827,0.2891351382772176,1.222523207948689,9.194396805856848e-06
sub-079,0.604620120632468,0.48550781578170077,0.6576765803624827,0.18568509723219945,1.7300960145932243,-2.9233337977429437e-06
sub-079,0.592333957384912,0.46002409235859876,0.49325743527186205,0.16191999525771059,1.4428837628534108,3.5501569400326425e-06
sub-079,0.4342583445720311,0.31709595765807425,0.4110478627265517,0.14315430872728338,1.4839095468488566,-2.1352821943170117e-08
sub-079,0.572487982373566,0.2799600263578706,0.4110478627265517,0.13750461255087607,1.5857892715546875,1.2140311743344124e-06
sub-079,0.5909818381699268,0.53785429615391,0.4110478627265517,0.24124068652142153,1.3330510540577962,-6.953082742110198e-06
sub-079,0.4865621587582085,0.41494385206270823,0.5754670078171724,0.16148677284615162,1.1815779256931482,-4.768296474954689e-06
sub-079,0.6339061615696354,0.6155889462140709,0.6576765803624827,0.24147909312703486,1.3283192706649274,2.6268735327658777e-07
sub-079,0.6110433292371705,0.4499168706789983,0.32883829018124133,0.16361017310721743,1.8602114732957626,-6.46296588964771e-06
sub-079,0.5574201908815841,0.3110129292144763,0.49325743527186205,0.20149898107136105,1.2731769585421355,9.275134476245591e-06
sub-079,0.5580861450245486,0.34366938883969866,0.49325743527186205,0.14333195976780602,1.3971761079224403,3.7295398598951444e-07
sub-079,0.5371491718780796,0.43286408229627876,0.5754670078171724,0.15972006126784682,1.6027153296629213,1.9057831487105837e-06
sub-079,0.572487982373566,0.3993860620317821,0.4110478627265517,0.1454029955839725,1.4293828606945864,-8.393505977573491e-06
sub-079,0.572487982373566,0.45866914417162896,0.4110478627265517,0.17383097416942295,1.3461136238225146,7.900472254530016e-06
sub-079,0.534515670506845,0.30318625898774615,0.49325743527186205,0.14020075436642174,1.590656140926508,1.557408671843367e-06
sub-079,0.5753693509041018,0.5710444837590454,0.4110478627265517,0.20203248942410665,1.44854117889266,1.2172909604544664e-06
sub-079,0.5659482178252324,0.3313571359544425,0.4110478627265517,0.11194606210975089,2.547531621912508,-8.19811595182064e-06
sub-079,0.6548609618218476,0.3794896217049037,0.32883829018124133,0.17196905268831114,1.8702916082459178,-5.2026556174908476e-06
sub-079,0.5574201908815841,0.3915952602440139,0.32883829018124133,0.16684080452873795,1.6469361663293944,4.04244783614229e-06
sub-079,0.6117294943091915,0.6012096852342597,0.6576765803624827,0.2357672347691289,1.3020291824970969,4.870885424342769e-06
sub-079,0.5962803134573204,0.5168226432383651,0.5754670078171724,0.22336569742113604,1.2394544914656997,5.161927719947947e-06
sub-079,0.529224986254809,0.3970968584376477,0.49325743527186205,0.21862577938055164,1.2114158733698446,6.4942020648600725e-06
sub-079,0.6149896853095789,0.5834482633035207,0.6576765803624827,0.2445913138450771,1.2537382363778153,3.226222513902408e-06
sub-079,0.597155558864402,0.4724758183911246,0.49325743527186205,0.18985062980125883,1.7781029509722788,-6.992986202873887e-06
sub-079,0.5892577415688037,0.4700036292457356,0.5754670078171724,0.16015711128321897,1.8429332182813687,8.671631890896899e-06
sub-079,0.5617623146491274,0.600365447108979,0.6576765803624827,0.20586034208343063,1.3864360626884549,4.48833694362538e-08
sub-046,0.6085664767048762,0.17165885104991446,0.49325743527186205,0.14184053499549346,2.2631885080434992,-2.8633183960205067e-06
sub-046,0.529224986254809,0.3951023210726177,0.49325743527186205,0.20881016690343224,1.1590254617769618,5.712252375642819e-06
sub-046,0.503998698162992,0.30245338977209346,0.4110478627265517,0.12907933470537009,1.4980379759167926,9.021233056903736e-06
sub-046,0.5042142142188898,0.1725580545261034,0.49325743527186205,0.17179402035259672,1.3291662752393971,1.2216974561792446e-06
sub-046,0.533013806354497,0.39147886613342453,0.49325743527186205,0.10742616007066348,2.0933013114380916,3.0647929029086717e-06
sub-046,0.5340771952970603,0.15958843112738733,0.32883829018124133,0.10045750067328531,1.888070027649368,9.839899398618961e-06
sub-046,0.5007558765056858,0.29832047065683664,0.4110478627265517,0.13656878486123397,1.4628044216131644,-2.873676057173278e-06
sub-046,0.5718220282306016,0.29849298855599654,0.32883829018124133,0.14624024111791986,1.5634969330965083,-6.022933870622575e-06
sub-046,0.5195003171847205,0.2338963430904715,0.49325743527186205,0.1981735686405408,1.2974677962437728,-3.0684505849555284e-06
sub-046,0.5727098389396168,0.5760906251389277,0.4110478627265517,0.18183405811384698,1.5043054765147743,-6.5766155501514306e-06
sub-046,0.5489175078558625,0.5001303346492427,0.4110478627265517,0.16794665848846121,1.1110338706964713,-4.991379494112225e-07
sub-046,0.4559889920033248,0.2726441950872404,0.32883829018124133,0.09885065596835543,1.6539231217314752,-1.6495833830571274e-05
sub-046,0.5958298753702537,0.5065612249795332,0.5754670078171724,0.19402902675995856,1.410708326169818,4.579877292731929e-06
sub-046,0.5947648878283813,0.3812081304626044,0.49325743527186205,0.2017986123619259,1.6230982045599136,1.1350121059963235e-05
sub-046,0.6119580758302074,0.5514966634969185,0.4110478627265517,0.171160929508439,1.827030663489327,-7.724302194989634e-06
sub-046,0.5340771952970603,0.3673133421437882,0.49325743527186205,0.1635601044149618,1.2941016872680267,-1.0129800440113814e-05
sub-046,0.5439772420608477,0.39824486013467736,0.49325743527186205,0.21980354496430896,1.0439331063390573,-3.5979705399785565e-06
sub-046,0.4669096610450037,0.38776553100876343,0.4110478627265517,0.14649515760696452,1.5331015204409166,-3.7702150409076427e-06
sub-012,0.5563089818174047,0.49561620510246185,0.5754670078171724,0.22217014208094713,1.3009811465818553,4.900421626367341e-06
sub-012,0.5547505754535487,0.7985076962177716,0.5754670078171724,0.28811220030885704,1.0599386395190018,-7.308978685787858e-06
sub-012,0.5547505754535487,0.5827991233910799,0.6576765803624827,0.26014387439773545,1.144107962384758,-9.75218379848963e-06
sub-012,0.575945022060763,0.27551153683152574,0.4110478627265517,0.1849349492569171,1.6421643737686937,1.0526442289685445e-05
sub-012,0.5580861450245486,0.4093790074293007,0.5754670078171724,0.21502983360101702,1.1767979553800754,-3.021317283057239e-06
sub-012,0.5691524128025661,0.4003237086077458,0.32883829018124133,0.15802229857691552,1.7879347856817775,-1.6133215985175122e-06
sub-012,0.5894953239655337,0.5699145401359973,0.5754670078171724,0.21644909695084832,1.4686894699213042,4.108870254258757e-06
sub-012,0.5750934866165163,0.5236463121950522,0.49325743527186205,0.22990555844792346,1.3143401655129343,1.3329709197728545e-06
sub-012,0.5918835192978454,0.6649763035932491,0.49325743527186205,0.23894317963413933,1.134810964098969,3.1968967519827048e-06
sub-012,0.5691524128025661,0.4019501660007199,0.5754670078171724,0.22948560599917667,1.309425494564188,-8.831032108837729e-07
sub-012,0.572487982373566,0.5256681968039195,0.49325743527186205,0.17313477471507094,1.3848434161117276,2.0873864356229577e-06
sub-012,0.5962803134573204,0.5861750610077776,0.5754670078171724,0.23069759868951073,1.2682191569263386,-4.7566286316955205e-06
sub-012,0.528985420034733,0.5168679382219533,0.5754670078171724,0.21750378260557612,1.2706115715256212,8.647760673777456e-06
sub-012,0.6098983144299835,0.3736570009119388,0.4110478627265517,0.13424672065755108,2.256160514810482,-6.778014809469475e-06
sub-012,0.48814864157583765,0.38915153261664054,0.5754670078171724,0.1704080410287992,1.2357235489971794,-8.004085416912668e-06
sub-012,0.5040393024433445,0.40546510810816444,0.49325743527186205,0.22895432354921233,1.0054370853703931,5.095969473353274e-06
sub-012,0.5489175078558625,0.3441942827151232,0.49325743527186205,0.15445547816135488,1.4104144724399337,8.161712468645178e-07
sub-012,0.5216698442412047,0.4090429294560484,0.5754670078171724,0.19006054653666332,1.3799166983907918,1.1382143838823637e-06
sub-012,0.5502803436659474,0.3658353133373966,0.4110478627265517,0.12061419280114392,2.0152635617439167,7.001886534163749e-08
sub-012,0.477365142321613,0.28642500126172976,0.4110478627265517,0.1523052774164348,1.5852504153648501,-3.5338856494223223e-06
sub-012,0.6082923239269259,0.7079622663450859,0.8220957254531034,0.25527782892196277,1.2246031233033148,6.469888094025356e-06
sub-012,0.5779321200358947,0.6754476034605444,0.5754670078171724,0.2417239733350078,1.28824194568384,-3.809429322900176e-06
sub-012,0.5765800008209093,0.3872827890249739,0.4110478627265517,0.14862264436236877,1.8154532152071983,-1.4100910682781888e-06
sub-012,0.5090448359081111,0.38971675114002524,0.4110478627265517,0.12550151288431377,1.9287083430634777,3.698802928572389e-06
sub-012,0.5563089818174047,0.4511351449413528,0.4110478627265517,0.17315395599754077,1.5867385118695287,-5.6333527774367465e-06
sub-012,0.5835647632213297,0.3968813644167729,0.49325743527186205,0.2093312517422656,1.2430875970724549,5.494367097957163e-06
sub-012,0.6122386799993341,0.1269027060169317,0.49325743527186205,0.08890799189521681,2.7755180703973137,-3.0280892553818e-06
sub-012,0.5796184071489213,0.5108256237659907,0.5754670078171724,0.2509788638941575,1.3178059435236087,-1.8679918568186834e-07
sub-012,0.5896272954264788,0.45488999143568737,0.24662871763593103,0.15494515476056925,1.8259696175103204,-1.8130866505548878e-06
sub-012,0.5878174413030132,0.5002435144354537,0.5754670078171724,0.21432693151981277,1.272251844388973,-1.1665825161631761e-06
sub-012,0.594928194242335,0.5596157879354228,0.5754670078171724,0.2394101523575133,1.183999308324253,-9.009911829241266e-07
sub-012,0.5563089818174047,0.3629054936893685,0.32883829018124133,0.12196961938044577,1.970933636855519,-8.324011802624487e-06
sub-012,0.589627295426479,0.5240708505160114,0.49325743527186205,0.21842482718900963,1.4049429181383377,-5.904630552512187e-06
sub-012,0.6149896853095789,0.4468503242710187,0.49325743527186205,0.16446095240095845,1.9179282896273881,-4.763584763253415e-06
sub-012,0.5749189128170351,0.38505623647695725,0.4110478627265517,0.18848252558665415,1.543067352712301,-1.9801128533285802e-07
sub-012,0.5932040976412118,0.4788228926798169,0.5754670078171724,0.21628107055141096,1.5732670214294875,-3.9177127153717456e-07
sub-012,0.5717755175880888,0.3910467326838926,0.4110478627265517,0.17116175659951727,1.7390013046185786,-5.424744476773376e-06
sub-012,0.5563089818174047,0.5031035776720805,0.5754670078171724,0.17154578557102623,1.3580612349941839,-5.331137268988163e-06
sub-012,0.572487982373566,0.365113812584597,0.49325743527186205,0.19234376696065056,1.2759098825729198,-1.524884829828761e-07
sub-012,0.5380246539573047,0.28517894223366247,0.32883829018124133,0.13093810791622798,1.8219783872338746,1.1949098760546682e-06
sub-012,0.5489175078558625,0.3042799638608188,0.49325743527186205,0.09632446332542159,2.022291198932846,-1.7751825446112672e-06
sub-012,0.5318754369193467,0.5251554493208157,0.5754670078171724,0.19583019159635576,1.4922644548561972,-3.5416802854493267e-06
sub-015,0.6322728911891321,0.5892475855417939,0.5754670078171724,0.28611778036287566,1.0521427631047426,-8.707028019942621e-06
sub-015,0.5671440611465248,0.25185365719664105,0.32883829018124133,0.12142447111243447,1.9443230496488388,-8.292639276888896e-06
sub-015,0.5646821810149647,0.38155958725461003,0.49325743527186205,0.19165923173971874,1.0947145561941154,-2.2524690589981512e-07
sub-015,0.5401242677287856,0.42574230054731516,0.49325743527186205,0.13920649151464773,1.6676652724445897,-7.789142555557698e-06
sub-015,0.5617623146491274,0.3364722366212129,0.49325743527186205,0.1754741690154294,1.337595267215659,-4.171118439051914e-06
sub-015,0.5615431847117457,0.43003636883866964,0.5754670078171724,0.11964615381847955,2.0279386391829033,-4.637012263638523e-06
sub-015,0.5358785063169299,0.3664629503048952,0.49325743527186205,0.19266335975805823,1.0841986789066378,-1.3501231468275363e-05
sub-015,0.6156758503815998,0.6114691495456782,0.6576765803624827,0.3029139345441366,1.0955199066795855,-3.794552565100909e-07
sub-015,0.5117193122120364,0.47608267532211773,0.49325743527186205,0.19896696624952173,1.3502514780772907,-1.0727314163506962e-05
sub-015,0.5929337079491732,0.5420406431139152,0.49325743527186205,0.29408251789210677,1.014987548762462,-7.977152225248938e-06
sub-015,0.5458918946012753,0.4026600571805558,0.49325743527186205,0.208769741451634,1.2514981076671472,2.1801968814537644e-06
sub-015,0.4891674804180187,0.32877248731991,0.4110478627265517,0.13567616149588532,1.6979065130240933,-7.934245834033779e-06
sub-015,0.5261211495610538,0.22404001036124688,0.4110478627265517,0.13270609625242796,1.7655187983311427,-1.5176237584255494e-05
sub-015,0.5752254580774614,0.5139457511022344,0.4110478627265517,0.15722029869533355,1.8520925074967174,-2.582712553647316e-06
sub-015,0.5718220282306016,0.2966776353603588,0.49325743527186205,0.11183208961588567,2.4766891103349113,-2.162083739751876e-06
sub-015,0.5384620265792534,0.3746934494414107,0.6576765803624827,0.16869325388469206,1.4076356035971886,-3.2699754746193545e-06
sub-015,0.6387820163933331,0.5843443207111462,0.739886152907793,0.20860523083970117,1.5985123594816373,-6.513482219380228e-06
sub-015,0.5242627601580012,0.2183473790507167,0.4110478627265517,0.12241618660291108,1.4323825775775658,-2.3433306916679297e-06
sub-015,0.5583790794098652,0.1799292111553348,0.24662871763593103,0.06257320943354684,4.335177268645838,1.4818333473985223e-06
sub-015,0.5749189128170351,0.3536400402435783,0.5754670078171724,0.21947346761538877,1.251772775859125,-1.1371181521258347e-06
sub-015,0.5726626889456685,0.3798882663185147,0.6576765803624827,0.23066035364278722,0.9340928281764305,-1.3386336784645048e-05
sub-015,0.5757366418814421,0.42781240680016097,0.4110478627265517,0.18804471466226147,1.6569235861840346,-2.0241987967828354e-06
sub-023,0.5671440611465248,0.36545977349446523,0.49325743527186205,0.10294118773575435,2.437178396426484,4.267012662284928e-06
sub-023,0.5691524128025661,0.5831462853456169,0.5754670078171724,0.22935170811029795,1.180615876580509,-9.796657167370938e-06
sub-023,0.6364560550752469,0.4879861317961679,0.6576765803624827,0.19085403500342343,1.7597529707763657,-5.7860462525994704e-06
sub-023,0.5384620265792534,0.34032580593720285,0.24662871763593103,0.10537990757875083,1.9562230916477312,5.056834891677695e-06
sub-023,0.5798913781331712,0.5078801135362337,0.49325743527186205,0.2583852215178036,1.3433799011249365,-5.75263475864173e-06
sub-023,0.5691524128025661,0.5357550068085161,0.4110478627265517,0.19969603815455386,1.2569443383111951,-4.729414787516556e-06
sub-023,0.5563089818174048,0.3448404862917295,0.4110478627265517,0.16070496408701862,1.5034689143037263,-2.6060745782241116e-06
sub-023,0.5923339573849121,0.6546808997321492,0.5754670078171724,0.2851745302634469,1.0878843008300763,1.2528914901920897e-05
sub-023,0.498604122852447,0.3948829987776275,0.32883829018124133,0.17085715857106265,1.279386756715814,-7.22125094470376e-06
sub-023,0.5727098389396168,0.3364722366212129,0.49325743527186205,0.15450741172149987,1.368514108072353,-3.1055614527967072e-06
sub-023,0.5589804155799528,0.3689075123743667,0.4110478627265517,0.19172629222451484,1.5377887642082957,-5.701479771768388e-07
sub-023,0.5918835192978454,0.5939405304764972,0.6576765803624827,0.21995706330413894,1.2748446670325224,-1.0329642275740933e-06
sub-023,0.5918835192978454,0.450279123897957,0.4110478627265517,0.17353510742861178,1.6177485233024076,-3.2341224992536183e-06
sub-023,0.559615394340099,0.5596157879354228,0.5754670078171724,0.20864652815161497,1.416450880766818,-6.300124389921645e-06
sub-023,0.5909818381699268,0.30560558864068565,0.4110478627265517,0.17955464267216997,1.239315809629262,6.691384982280126e-06
sub-023,0.5691524128025661,0.5711322299969817,0.49325743527186205,0.2254391318318293,1.1698493261355296,8.962419373270989e-07
sub-023,0.5574201908815841,0.325422400434628,0.49325743527186205,0.20852999217124885,1.2400694494203053,-1.930161531372738e-06
sub-023,0.6378525176420436,0.5108256237659907,0.4110478627265517,0.22531184919667632,1.4508771321548417,-6.550014299295157e-06
sub-023,0.559615394340099,0.5020919437972361,0.6576765803624827,0.19776340633844663,1.3555745975865436,-2.638378061139572e-06
sub-023,0.5617623146491274,0.36928545153066195,0.49325743527186205,0.20202939963073183,1.336593348119479,5.63978312796376e-06
sub-023,0.6052214568025556,0.38145890158511625,0.49325743527186205,0.1051655132454607,3.211790213341702,-6.481332973303907e-06
sub-023,0.5112143629645954,0.4084636111044209,0.49325743527186205,0.1641555352194528,1.443051742818927,-4.643674466691826e-06
sub-023,0.5717902858090338,0.25878760645206594,0.4110478627265517,0.08323032839718623,3.3705834210845014,8.176427043005027e-06
sub-023,0.6122386799993341,0.39136050192662236,0.49325743527186205,0.24613028822489075,1.280015203793995,1.410613821142336e-06
sub-023,0.5040393024433445,0.33821288109899694,0.4110478627265517,0.14929101957448104,1.7198040073529217,-7.812004810005581e-06
sub-023,0.5430183535325669,0.4407332469456223,0.49325743527186205,0.17835645129198546,1.6327745431957927,-2.2858653063440806e-06
sub-023,0.5257224303797682,0.34409616173187224,0.49325743527186205,0.18957807849287833,1.4461126379880769,-5.326119756433805e-06
sub-023,0.5195003171847205,0.2398914086154325,0.4110478627265517,0.1445730587476131,1.4532933440394458,-3.245587598844553e-06
sub-023,0.6149896853095789,0.6035350218702582,0.49325743527186205,0.20153518850422344,1.5618282160293058,6.107432157863093e-06
sub-023,0.5710921511706454,0.5861750610077776,0.5754670078171724,0.2194346337376751,1.5268882372412234,-2.2454027188892385e-06
sub-023,0.5646821810149647,0.6931471805599453,0.5754670078171724,0.255503131386314,1.079191150578302,1.2633615023911453e-07
sub-023,0.6387820163933331,0.47889257666298163,0.49325743527186205,0.2116046018845385,1.4476158639794374,4.7219279884810155e-06
sub-023,0.54736047730011,0.41871033485818493,0.4110478627265517,0.18919293992921626,1.4282967217010885,9.285344984963602e-06
sub-023,0.6348356603209249,0.42146544945460557,0.5754670078171724,0.23895996977936415,1.403861486020991,2.3418709798496527e-06
sub-023,0.5295754047118303,0.325422400434628,0.4110478627265517,0.21121447631896362,1.1668188833791946,-4.596371869778969e-06
sub-023,0.5896272954264788,0.3392157225669638,0.4110478627265517,0.15893573292384008,1.4886408221941314,-7.539144328552005e-06
sub-023,0.5574201908815841,0.5536456209489189,0.5754670078171724,0.1698890206628555,1.3780850537913507,-1.655217861000669e-06
sub-023,0.5617623146491274,0.4000742594732879,0.32883829018124133,0.1449833894599127,1.783013403375945,2.0030940234185105e-06
sub-023,0.5138072788813919,0.42521187104299885,0.49325743527186205,0.14779494492128956,1.3989221546924946,-9.139937403719357e-06
sub-024,0.6122386799993341,0.45198512374305727,0.49325743527186205,0.2033798966704665,1.635769927584952,4.076286914293843e-06
sub-024,0.4199801721373359,0.34710549292258164,0.32883829018124133,0.10666472948350796,1.6747236899775948,4.202180524144278e-06
sub-024,0.5545261050778031,0.3444173849526485,0.4110478627265517,0.12549061841100004,2.207247987365706,-3.331009206739276e-06
sub-024,0.592333957384912,0.537733076685915,0.5754670078171724,0.23764696946472322,1.2221108664135183,4.277214329612126e-06
sub-024,0.5752254580774614,0.3094220590881868,0.49325743527186205,0.14299526471036003,1.5830742979086576,-9.058896809790201e-07
sub-024,0.6098983144299835,0.3685605511727135,0.4110478627265517,0.19941016518316967,1.471335407720455,6.8182657538487535e-06
sub-024,0.5244838471383011,0.33024168687057687,0.24662871763593103,0.09758590659644169,2.355176772135226,-1.4362981701707894e-06
sub-024,0.4802063670792377,0.3751243910554921,0.32883829018124133,0.1274741414029085,1.7111102808542649,2.2182938561103334e-06
sub-024,0.6169415550888252,0.40808634158803864,0.5754670078171724,0.22339127143503512,1.4032718105027613,3.6881360917473173e-06
sub-024,0.5707108191664222,0.37138109132842784,0.32883829018124133,0.13687004504863035,1.7677512413770367,-7.924380213502189e-07
sub-024,0.5878174413030132,0.5955087109960292,0.6576765803624827,0.1843048282129359,1.6284134207994638,6.5391072913441e-06
sub-024,0.5380246539573047,0.4228568508200336,0.32883829018124133,0.13807579654934993,1.4611222849195131,4.702848463283877e-06
sub-024,0.577481681948828,0.4595323293784402,0.5754670078171724,0.18926890401408786,1.5072973996135086,-4.56123540133333e-06
sub-024,0.5439772420608477,0.3907046925250438,0.32883829018124133,0.1482028730148631,1.5611369512767292,-2.408417997559445e-07
sub-024,0.5244838471383011,0.3660511395672877,0.49325743527186205,0.14430090523230985,1.5198559333236188,3.7112816553447225e-06
sub-024,0.5685843614123153,0.24640041347847697,0.6576765803624827,0.14198859505004224,1.6744829354205621,-2.4654025760183465e-06
sub-024,0.5473604773001101,0.38067832912570865,0.4110478627265517,0.13680692834044864,1.910579724485713,8.515622251053293e-06
sub-024,0.5403487381045312,0.4307829160924542,0.32883829018124133,0.11545264128475984,2.135473287686105,9.638474429677703e-06
sub-024,0.4561985199395857,0.31237468504215243,0.4110478627265517,0.13706963508844594,0.9263689042335868,1.697670491228204e-06
sub-024,0.5403487381045312,0.3155701039916164,0.32883829018124133,0.13307976613830358,1.802617265755453,1.3299090712194893e-07
sub-024,0.6110433292371705,0.47889257666298163,0.49325743527186205,0.2622706349292963,1.3249959315680873,8.544248737042558e-06
sub-024,0.5671440611465248,0.4347354904082775,0.49325743527186205,0.18427557906799813,1.5185932631959065,8.088741012539723e-06
sub-024,0.5453800414705745,0.15298856464708088,0.32883829018124133,0.06764500284296224,3.170803312943735,9.767416364841388e-06
sub-024,0.4486211737748711,0.17421496926096613,0.32883829018124133,0.0818889795772379,1.4870069617153614,-6.312304491731905e-06
sub-024,0.529224986254809,0.5184884965115598,0.49325743527186205,0.2084128448433007,1.2052630990298514,2.699752305092582e-06
sub-024,0.5371491718780796,0.49469624183610705,0.5754670078171724,0.20583026609412536,1.0930497667367423,1.3666180482377683e-06
sub-024,0.5671440611465248,0.6539264674066639,0.5754670078171724,0.2473421809145595,1.0704219865427398,-2.5885267175568468e-06
sub-024,0.5318877431210838,0.48393672354965966,0.49325743527186205,0.16757650160773196,1.7093094579502233,1.2150269031341693e-06
sub-024,0.5718220282306016,0.29058483210974234,0.49325743527186205,0.17613154688264165,1.4216422734254641,3.52634035426391e-06
sub-024,0.5380246539573047,0.415827895143711,0.49325743527186205,0.19788212487610188,1.1782941731000378,1.1132996140109188e-05
sub-024,0.5249096607162105,0.35723975615369113,0.32883829018124133,0.1170016342923141,1.903957493968147,-3.7265165753536154e-06
sub-024,0.6169415550888252,0.4744579795951158,0.5754670078171724,0.20895817618778362,1.474280302932247,8.248232637033868e-06
sub-024,0.534515670506845,0.49247648509779407,0.49325743527186205,0.1751777122612402,1.5120759879144559,1.1179416062323656e-05
sub-024,0.5671457950982373,0.31559086056885755,0.32883829018124133,0.14277615125969317,1.9975892587295665,1.552327282038325e-05
sub-024,0.5814280380212363,0.5989599655002442,0.49325743527186205,0.19686637269821727,1.4283052884032341,3.830892132332339e-06
sub-024,0.572487982373566,0.3429447511268303,0.32883829018124133,0.1320754919496203,1.912184878057343,1.4064445059931635e-06
sub-024,0.5236228166082872,0.46864400972969594,0.49325743527186205,0.1692212130828576,1.44079116552558,-1.3679151803034388e-06
sub-024,0.5240601892302358,0.503905180921417,0.49325743527186205,0.2112955416743022,1.209675940638225,1.0172288155255847e-05
sub-117,0.5371491718780796,0.4655690321778698,0.5754670078171724,0.17820901938429393,1.4388481639533388,-5.3785323363363405e-06
sub-117,0.5092640523464914,0.29361680797159545,0.32883829018124133,0.09910867780313191,2.1314060351415978,1.1951784616403383e-05
sub-117,0.6098983144299835,0.456758402495715,0.32883829018124133,0.16564870288882064,1.6654641269615693,3.235260120479064e-06
sub-117,0.5476046531546888,0.27820332849723717,0.32883829018124133,0.11729529300297564,1.9598996774547754,2.7135120687463932e-06
sub-117,0.530978204121557,0.19502924983337055,0.49325743527186205,0.09226570512814151,3.047462161495096,5.301699466949809e-06
sub-117,0.5980250788287685,0.3421702577358507,0.5754670078171724,0.17543318571189687,1.5531003798724434,-4.575071595519554e-06
sub-117,0.5545261050778031,0.4595323293784402,0.4110478627265517,0.15138287487632165,1.7301071166714204,9.014911109414443e-08
sub-117,0.5609675135550845,0.44658335503763713,0.49325743527186205,0.1465463571983471,1.8676770354992172,5.073357646914772e-08
sub-117,0.5257224303797683,0.3417492937220567,0.32883829018124133,0.1086894390430243,2.345598687152197,-3.2154067838420425e-06
sub-117,0.5140283658616919,0.3867729750960119,0.5754670078171724,0.1102116909016191,2.369759752344938,7.832995681683617e-07
sub-117,0.5691524128025661,0.41238555095273816,0.5754670078171724,0.24450490946554915,1.113105070244615,3.198975477262126e-06
sub-117,0.45431082267956513,0.21817253859218927,0.24662871763593103,0.07228302266475863,2.066245520579146,-1.822881489004501e-06
sub-117,0.5750934866165163,0.31666960932503324,0.49325743527186205,0.20276632233708022,1.3726286318096235,7.457704800017434e-06
sub-117,0.530978204121557,0.24652399995827345,0.32883829018124133,0.16117331656381162,1.5612319494753994,2.14908590587858e-06
sub-117,0.5332028158056713,0.38193461069797024,0.49325743527186205,0.16990234873514268,1.3880011255320728,5.478985737505026e-07
sub-117,0.6098983144299835,0.7375989431307791,0.5754670078171724,0.2808514843590188,1.1539888830144118,2.608408603048372e-06
sub-117,0.5445326765736695,0.4326919208083784,0.32883829018124133,0.13765603765424894,1.3416677523159644,7.653625075898923e-06
sub-117,0.5145835826857156,0.578077850775158,0.49325743527186205,0.2187151671060712,1.173578542830261,5.8531736799837695e-06
sub-117,0.5527422237975074,0.40957189006081784,0.32883829018124133,0.12387846186404503,1.8876961922017577,3.877664190096162e-06
sub-117,0.528985420034733,0.3629054936893685,0.49325743527186205,0.15117373178758226,1.6393927399821988,2.073257423442298e-06
sub-117,0.5917637973754214,0.34054556200884867,0.4110478627265517,0.1667758894141514,1.8966354647152728,1.4227855271134438e-06
sub-117,0.490661848355847,0.2852159799565874,0.32883829018124133,0.11623569516748233,1.161643945113328,9.235782856132637e-06
sub-117,0.5691524128025661,0.41871033485818493,0.4110478627265517,0.17657925208104092,1.49817962969415,-1.2155303048345317e-06
sub-117,0.5958298753702537,0.5090541441176086,0.49325743527186205,0.1922812799474824,1.4468873799091306,6.936265940202236e-06
sub-117,0.5805263568933177,0.5133540701193493,0.4110478627265517,0.19358519525627582,1.407124167660866,5.754376238244636e-06
sub-117,0.5987112439007894,0.5084973340063996,0.49325743527186205,0.21756891748964,1.4086257733048828,5.728397624648257e-06
sub-117,0.5757366418814421,0.258181408055083,0.24662871763593103,0.09742255112186587,3.1378127719635804,1.5216954521823711e-05
sub-117,0.5301308392246521,0.38711596943996784,0.49325743527186205,0.13692722051534767,1.7940252874146396,7.977032112901199e-06
sub-117,0.5502803436659474,0.496436886313891,0.6576765803624827,0.21332077299053012,1.2227019804251407,4.744540908139376e-06
sub-117,0.5502803436659472,0.32257744830239665,0.32883829018124133,0.14084677199622533,2.0395659038780334,-4.659867213412221e-06
sub-117,0.5453800414705745,0.26003054112127083,0.4110478627265517,0.144389873972271,1.621001843289816,-7.343085008566654e-07
sub-117,0.5423309181959558,0.3856624808119846,0.49325743527186205,0.12136543213755979,1.6902887138633917,-6.721321419930407e-06
sub-117,0.5210392064167557,0.28141245943818544,0.4110478627265517,0.08069050939016215,3.593485868738418,9.185133455349163e-06
sub-117,0.5257224303797682,0.3964152725882465,0.32883829018124133,0.1320465866308915,2.1759807405629026,5.65035250437612e-06
sub-117,0.5545261050778031,0.4107421652090082,0.4110478627265517,0.19404147821887116,1.4154585396165495,9.804359764092745e-06
sub-117,0.5462895804701012,0.21474334918894308,0.32883829018124133,0.1025265570879911,1.7173010302654095,1.0553008609384246e-05
sub-117,0.5580861450245486,0.2986511038223549,0.24662871763593103,0.1033812711637067,2.690273572992913,3.733477988300786e-06
sub-117,0.5932040976412118,0.587786664902119,0.6576765803624827,0.3217638047226316,0.9852991532989347,-6.168001297436575e-07
sub-117,0.5566903138216279,0.3318318570647107,0.4110478627265517,0.0908940514819225,3.205026794846574,-5.076883838964544e-06
sub-117,0.5707108191664222,0.3768917356641083,0.49325743527186205,0.12186859839200204,2.2157366283568574,-6.533653878022651e-07
sub-119,0.529224986254809,0.19574457712609536,0.5754670078171724,0.19287238270090923,1.0773375737150748,-2.2769658768124556e-06
sub-119,0.5140283658616919,0.26396554583446485,0.24662871763593103,0.09902638364505517,2.6397473478725524,1.4105596774573665e-06
sub-119,0.48938604018507104,0.393700266528578,0.49325743527186205,0.13394005475394327,1.4013386066104505,1.0331466241296076e-05
sub-119,0.5958298753702537,0.35728825275893816,0.4110478627265517,0.13081748759060025,2.0137084403436183,4.034379729249371e-06
sub-119,0.5563089818174047,0.4957877464014501,0.6576765803624827,0.26310893328843854,1.0397705634287755,2.2330748999922398e-06
sub-119,0.5734156039539958,0.2533144289475731,0.49325743527186205,0.16223439476591153,1.4319911753192807,8.031275580544727e-07
sub-119,0.5894953239655337,0.16648129228473704,0.24662871763593103,0.10420286187556062,2.1772342226745973,5.021593375548147e-06
sub-119,0.5580861450245486,0.49758039701597007,0.5754670078171724,0.23584640730810943,1.2264154207058438,-8.816262831888623e-06
sub-119,0.5445326765736695,0.35790369690922524,0.49325743527186205,0.12437442405629852,2.0309200527734794,8.780081489676693e-07
sub-119,0.5909818381699268,0.38496658655982335,0.49325743527186205,0.19384058068349233,1.544549051657977,3.817207901746507e-06
sub-119,0.5707108191664222,0.506052345013333,0.4110478627265517,0.14747281927966568,1.6551673148925763,8.346569103171235e-06
sub-119,0.5489175078558625,0.30053021492963,0.32883829018124133,0.14090988679803595,1.7463379267247336,1.0046330483782335e-05
sub-119,0.5332028158056713,0.3899609215721991,0.4110478627265517,0.14147444351065236,1.8070837691022752,1.1926288247246615e-05
sub-119,0.5671440611465248,0.4372138064227446,0.4110478627265517,0.16380731480123126,1.6314361411783496,2.067853280187286e-06
sub-119,0.5185299387581237,0.3134215706533564,0.4110478627265517,0.12167438645290685,2.178638111202949,-7.685953646394219e-06
sub-119,0.5040393024433445,0.4848018503446855,0.4110478627265517,0.16931438534507418,1.6013630430635737,-1.2163069182801898e-05
sub-119,0.5117193122120364,0.48617648849133654,0.5754670078171724,0.14978005336864697,2.058999503847644,1.0352786099183889e-05
sub-119,0.577481681948828,0.5084130773606067,0.49325743527186205,0.23138016640657022,1.439196970907686,-5.5240819299323336e-06
sub-119,0.5476046531546888,0.2943902911868995,0.32883829018124133,0.10791545947298678,1.7897658813885822,-9.256907016676636e-06
sub-119,0.5112143629645954,0.4402080565520373,0.49325743527186205,0.16522417519829358,1.2797549339958207,-2.075428113089392e-06
sub-119,0.5962803134573204,0.27279914176007064,0.32883829018124133,0.13519611289956757,1.9625772147296716,8.941979487612406e-06
sub-119,0.5231834144583679,0.20679441331268028,0.32883829018124133,0.11336064419515987,2.004380674584247,6.861623671559272e-06
sub-119,0.5835647632213296,0.37240424584727627,0.5754670078171724,0.1691731212243042,1.5194952591141417,9.300375453491255e-06
sub-119,0.5684158347112485,0.42488319396526597,0.49325743527186205,0.19862473779605114,1.4831545281645402,-1.1287857016242025e-06
sub-119,0.5646821810149647,0.469180922494272,0.49325743527186205,0.19399063602569974,1.3753437648058466,2.106428283672699e-07
sub-119,0.54736047730011,0.27806661375233893,0.4110478627265517,0.13486541113558426,1.6033349267504429,1.0016398360178385e-05
sub-119,0.5580861450245486,0.4112960284189576,0.49325743527186205,0.16812273579006498,1.7328986432270432,-1.4965404693953612e-06
sub-119,0.529224986254809,0.4107421652090082,0.49325743527186205,0.1901910381377906,1.3464966554271873,-1.1946704154730771e-06
sub-119,0.572487982373566,0.2827486633338251,0.49325743527186205,0.13735947553110806,1.895616119177697,4.41029053721829e-06
sub-119,0.4413932850972236,0.20562769642734105,0.4110478627265517,0.10666994090425595,1.8274396877457955,-1.0040621038393558e-05
sub-119,0.575945022060763,0.5650260806636702,0.5754670078171724,0.2021648769286055,1.4864486157853276,3.882179065319131e-06
sub-119,0.5547505754535487,0.4769240720903093,0.4110478627265517,0.16773071847633586,1.4691159530600342,-5.28135977947123e-06
sub-119,0.5727098389396168,0.3729796529636761,0.49325743527186205,0.12756957963638063,1.9049544292993459,4.099099895968022e-07
sub-119,0.5213922821403371,0.4307829160924542,0.4110478627265517,0.18695892231348413,1.53912326932636,6.123872524506395e-06
sub-119,0.5894953239655337,0.5612196375173972,0.49325743527186205,0.20913512857345154,1.5769093807818186,-1.3056442289214877e-06
sub-119,0.5174735995703291,0.2776317365982795,0.4110478627265517,0.12702486201555835,1.693821120569676,6.488720185877254e-06
sub-119,0.548480135233914,0.39603107587480585,0.32883829018124133,0.14360611805623452,1.6061058236859733,3.644297318318429e-06
sub-119,0.5401242677287856,0.5050949490570057,0.5754670078171724,0.1988314653547824,1.237866939835908,2.4069389994695884e-08
sub-119,0.5563089818174047,0.4353180712578455,0.4110478627265517,0.1545137912590267,1.669684640127954,7.136660367194635e-07
sub-119,0.5527422237975074,0.5250102587579472,0.5754670078171724,0.18562552496495746,1.523433536612106,6.031078465988124e-06
sub-121,0.5279118200183376,0.2642129379109339,0.24662871763593103,0.10002958874307298,3.125713517115954,5.590110488894691e-06
sub-121,0.5256666561903609,0.35723975615369113,0.49325743527186205,0.11444354722236554,2.378621825492957,-1.522839327000912e-06
sub-121,0.6122386799993341,0.3794896217049037,0.4110478627265517,0.1832046808312077,1.7215804716651872,-4.33205263075026e-06
sub-121,0.5439772420608477,0.3546458597119514,0.4110478627265517,0.1607498078825201,1.3922565881917963,8.464084226560282e-06
sub-121,0.6122386799993341,0.5947071077466928,0.49325743527186205,0.22569104668171627,1.6253675985991398,-6.298357863307566e-07
sub-121,0.635299968826895,0.40835946613452895,0.6576765803624827,0.30154766768791347,1.0899951496930425,-3.305183465185178e-06
sub-121,0.6387820163933331,0.21772348384487053,0.32883829018124133,0.11661737202953974,2.1004203029150292,2.993041899070228e-06
sub-121,0.5574201908815841,0.5248856093342893,0.4110478627265517,0.21045047232964503,1.1812868259177556,1.2185263327625078e-06
sub-121,0.619622206454008,0.2689360296307256,0.5754670078171724,0.17059771143414046,1.5999489833266727,6.14702305739423e-06
sub-121,0.6050770619446357,0.5077439572285826,0.6576765803624827,0.17495643327062324,1.4923852818545822,-8.887034047888934e-07
sub-121,0.5671440611465248,0.24595822908038115,0.4110478627265517,0.1164259728031448,2.3132501173041384,-2.701052347963728e-07
sub-121,0.594928194242335,0.367365261875894,0.32883829018124133,0.11702307018184745,2.3013487819133904,2.351740288591044e-07
sub-121,0.5987112439007894,0.44830526678465676,0.5754670078171724,0.21368304008234598,1.3723359932502537,-1.8506397207879153e-07
sub-121,0.6098983144299835,0.3713321017387059,0.49325743527186205,0.14781098213996663,2.308109240181238,1.133547697715273e-05
sub-121,0.5580861450245486,0.4030641465706263,0.4110478627265517,0.12057696413597205,2.594125570348702,1.1757483239439865e-06
sub-121,0.5958298753702537,0.5618111784988583,0.49325743527186205,0.25127423881530236,1.0843759101134605,1.9986411871422814e-06
sub-121,0.5396804675314182,0.21197025071608455,0.4110478627265517,0.11033791474659856,1.9607516098462592,5.686116260573319e-06
sub-121,0.5773619600264039,0.5783716659675171,0.49325743527186205,0.211850343499154,1.4296636922718482,5.430223782034442e-06
sub-121,0.5968066738812823,0.6372667221654886,0.8220957254531034,0.23259282674768214,1.3854461126506483,1.1011603854914412e-06
sub-121,0.5828176720602659,0.48285177172358457,0.6576765803624827,0.29100259544830803,1.1438896940606604,-2.508669903689306e-06
sub-121,0.5227473345290622,0.46608972992459924,0.4110478627265517,0.19182431808860168,1.3535582759470048,-4.710355425716698e-06
sub-121,0.5583790794098652,0.7025369209097844,0.5754670078171724,0.24750545778233576,1.2043394453366156,-5.953461052894444e-06
sub-121,0.5221747934886456,0.44940281113958463,0.4110478627265517,0.12203589119377123,2.0287253095547597,-5.103940552748003e-06
sub-121,0.5929337079491732,0.752570601030746,0.739886152907793,0.2935271752372283,1.1631114892250212,3.7393093411231063e-06
sub-121,0.6138446705023917,0.501693140202718,0.6576765803624827,0.28336157452116123,1.1746588541020357,-1.947345256918125e-06
sub-121,0.6325096990028387,0.591097926205775,0.5754670078171724,0.25288096703380525,1.2774138284805692,-1.2297623316148442e-06
sub-121,0.5140247990436454,0.2602830982636664,0.24662871763593103,0.08988743031201543,2.5227185429408676,-1.6772309168569696e-06
sub-121,0.5726626889456685,0.5819215454497209,0.6576765803624827,0.25034572128505284,1.2290005671144195,-1.9257247403556793e-06
sub-121,0.5707108191664222,0.38641691313746984,0.49325743527186205,0.20990821457203712,1.0835626565722958,-5.351031619552512e-06
sub-121,0.5802197433190089,0.5043531092603731,0.5754670078171724,0.2134534637410764,1.3120866387090693,-4.336236630937475e-06
sub-121,0.4392244890572509,0.31913702461966714,0.4110478627265517,0.23001448933335525,1.3672868086416408,-9.954287837989652e-06
sub-121,0.6156758503815998,0.5520685823000397,0.4110478627265517,0.18790060381031776,1.8670571580401016,-1.0972185610682682e-07
sub-121,0.6076308150108348,0.5517355265101168,0.49325743527186205,0.24730849346065564,1.3287146330333761,-2.712569995412022e-06
sub-121,0.548480135233914,0.42845462633286313,0.49325743527186205,0.23049253792151284,1.0342889091653484,-4.924782481451031e-06
sub-121,0.5958298753702538,0.3384543978252042,0.4110478627265517,0.14257993115222148,1.8713444527351295,-3.494913053651387e-07
sub-121,0.5798913781331712,0.7334210796978853,0.5754670078171724,0.26519691109813376,1.2443473907401819,-4.783366927699324e-06
sub-121,0.6011307058722274,0.5201933737695908,0.5754670078171724,0.21628629405012703,1.4379518688366595,-5.228574824704364e-07
sub-121,0.5878174413030132,0.4347354904082775,0.5754670078171724,0.18344889412663082,1.6945272513786136,5.5845088706031474e-06
sub-121,0.6122386799993341,0.45107561936021673,0.6576765803624827,0.23968108694820803,1.215563214189151,5.58647327420464e-06
sub-121,0.6434992957340887,0.7114963192281418,0.8220957254531034,0.30685554282065214,1.0981327243281285,7.624992913498547e-06
sub-118,0.5671440611465248,0.2954642128938359,0.5754670078171724,0.14717710119567887,1.685240577396665,4.208809704993437e-06
sub-118,0.505098479835703,0.29783444391579894,0.4110478627265517,0.08958475633765847,2.699024387043432,1.3883926553351862e-06
sub-118,0.530978204121557,0.3986391430377645,0.5754670078171724,0.17949315771235272,1.3912122641863265,-1.389779167183194e-06
sub-118,0.5380246539573047,0.4820983341290803,0.49325743527186205,0.14327266512737954,1.7221948168409027,7.34315263874588e-07
sub-118,0.5357941194893544,0.32734732884421236,0.49325743527186205,0.14374998374939976,1.7936389013289915,1.78288182141946e-06
sub-118,0.6511893674491889,0.4003237086077458,0.49325743527186205,0.1918645664701463,1.629540874344654,3.1629201984479322e-06
sub-118,0.45679696596695507,0.2057518086023406,0.24662871763593103,0.0800420961992215,2.951045341240258,-1.090218113235128e-06
sub-118,0.5419071444683873,0.42995612811646017,0.4110478627265517,0.19325976366503575,1.4599106512111253,2.634778175204382e-06
sub-118,0.5527422237975074,0.4385508326939298,0.4110478627265517,0.19417848450378453,1.4018944240965143,1.1796557677218768e-05
sub-118,0.6052641973438514,0.42407029593919876,0.4110478627265517,0.16399656521323164,1.8590316864426866,2.3458248360655832e-07
sub-118,0.5221747934886455,0.30053021492963,0.4110478627265517,0.15686476965236204,1.3959112783274612,3.268230925116343e-06
sub-118,0.5068737234358001,0.2113090936672069,0.49325743527186205,0.17938206163381296,1.4074219402555175,7.334633346145784e-06
sub-118,0.47893055890846176,0.3483066942682157,0.49325743527186205,0.14378666132512188,1.5775791755435145,6.419527685884266e-06
sub-118,0.5547505754535487,0.4034428627273966,0.5754670078171724,0.16172561966718216,1.7031608582419062,4.235173076030243e-06
sub-118,0.5918835192978454,0.5350579371537587,0.49325743527186205,0.17684279241196174,1.4542502690752037,-2.2560279949094675e-06
sub-118,0.572487982373566,0.3090048419206021,0.4110478627265517,0.16394468809538545,1.5404884080183068,2.8530587407704316e-06
sub-118,0.5251251767721081,0.33148469511017387,0.49325743527186205,0.11977997197593568,1.8974943549083636,6.728517826360423e-06
sub-118,0.5940787227563603,0.4623407565001665,0.49325743527186205,0.2003617393087983,1.4769108986497526,6.038505315377826e-07
sub-118,0.5476046531546888,0.24880028490757358,0.4110478627265517,0.14010458410763554,1.7959117953706143,1.9733644777899864e-06
sub-118,0.5117193122120364,0.42608439531090014,0.4110478627265517,0.12776239270925674,1.689436264534596,4.908183749018226e-06
sub-118,0.5805263568933177,0.38240933180823844,0.49325743527186205,0.1583154847379287,1.7466246007851625,-7.881895117361973e-07
sub-118,0.49464299855909366,0.2855338439134914,0.4110478627265517,0.1700196120763613,1.327471593489869,1.4804001439832287e-06
sub-118,0.4928178290580529,0.40546510810816444,0.32883829018124133,0.1462615503198571,1.5494632424306782,3.025222313765435e-06
sub-118,0.5620018617528243,0.30830135965451655,0.32883829018124133,0.1458165401230138,2.0916301560419286,-4.98406291921486e-07
sub-118,0.5279118200183376,0.28884418763195835,0.4110478627265517,0.12027990763217081,1.936226400816032,-3.355732740304057e-06
sub-118,0.3851641106362375,0.2615709284480951,0.32883829018124133,0.08390406724847774,2.771869518215912,1.9888020981831164e-06
sub-118,0.5340782978848966,0.4795730802618862,0.4110478627265517,0.19557468391607544,1.3052126386675051,2.524343852913413e-06
sub-118,0.47978132308707916,0.32158362412746233,0.49325743527186205,0.1616201131280615,1.2292228814186088,7.133631042030428e-06
sub-118,0.5671440611465248,0.41566927828240613,0.49325743527186205,0.14012553441243325,2.3731597747922573,1.2740178056046218e-06
sub-118,0.5574201908815842,0.21399116665936174,0.49325743527186205,0.0911993783619862,2.3810144094516565,8.063242874502518e-06
sub-118,0.5896272954264788,0.31193905009734096,0.4110478627265517,0.1254737837266302,2.326361789256063,2.199014406073858e-06
sub-118,0.5489175078558625,0.3754842758962285,0.4110478627265517,0.14580990290001672,1.6163965534369176,4.9312156730809415e-06
sub-118,0.47521519146261565,0.43332206261113054,0.4110478627265517,0.1351408441149035,1.0248590297490987,5.421710496014969e-06
sub-118,0.5148231489057915,0.3602828853149315,0.4110478627265517,0.11811770251804343,2.151285938065206,-1.381838372615046e-06
sub-118,0.5684158347112485,0.3476455372193381,0.49325743527186205,0.14952817570520066,1.8544551965186187,1.072129656709116e-06
sub-118,0.5646821810149647,0.4714230758999618,0.4110478627265517,0.18360522166899423,1.5755042637292624,3.108490734878826e-06
sub-118,0.5878174413030132,0.249563114348171,0.32883829018124133,0.12165976342507742,2.1850458361620713,1.571878369419885e-06
sub-111,0.5547505754535487,0.33897536683933144,0.49325743527186205,0.12915468869125288,1.7625965729134514,4.138550008007602e-06
sub-111,0.5244838471383011,0.38064993898844046,0.4110478627265517,0.12913332433442096,1.8485762171461642,-2.9326443422896008e-06
sub-111,0.5383403864484899,0.39465419200394874,0.5754670078171724,0.2287012503125133,1.3256884952941197,-7.861830715442866e-06
sub-111,0.5896272954264788,0.20430046351272993,0.49325743527186205,0.17865435163465482,1.3344137924079937,-1.5455846401583478e-05
sub-111,0.6062223480496138,0.4584576382486748,0.49325743527186205,0.23538326403011378,1.2852283980396428,2.1810419404315697e-06
sub-111,0.6156758503815998,0.4292757568018829,0.49325743527186205,0.14977611082626047,1.8236445307086058,3.638989376478624e-06
sub-111,0.5841660993914172,0.3364722366212129,0.5754670078171724,0.15900048799622582,1.8908925591938088,-3.698242919050811e-06
sub-111,0.5753693509041018,0.29259608725421,0.4110478627265517,0.15167784264117024,1.796129807744049,-5.335184829430642e-06
sub-111,0.6196222064540079,0.3607390723595278,0.49325743527186205,0.21511500615547868,1.1644074809090967,-2.2339151305477325e-06
sub-111,0.5828176720602659,0.391394524211222,0.49325743527186205,0.15916638001504355,1.6404938467595094,-3.345896802726818e-06
sub-111,0.6352999688268951,0.331645195872897,0.4110478627265517,0.19062563966610327,1.4901413388886566,-1.183660256457734e-07
sub-111,0.5828176720602658,0.35728825275893816,0.4110478627265517,0.17945162530327152,1.3395901539092567,-1.7776365665890235e-06
sub-111,0.533013806354497,0.5753641449035618,0.49325743527186205,0.1806758609488378,1.4704058793060026,1.363673433767933e-07
sub-111,0.5140247990436454,0.3112125698619751,0.32883829018124133,0.129078680068845,1.7040220630822789,-6.7834619070243415e-06
sub-111,0.49962652851267436,0.4316674805021884,0.49325743527186205,0.16576666507781013,1.5345384318660746,-9.678783143674365e-06
sub-111,0.5707108191664222,0.4949702519761966,0.5754670078171724,0.19859785564323887,1.4192971265322263,-8.721731639448379e-06
sub-111,0.5958298753702537,0.5255317711556861,0.5754670078171724,0.2308714829582496,1.3218506661992924,-1.1820604834131362e-05
sub-111,0.5462895804701012,0.3419517023858385,0.5754670078171724,0.2245520505612542,1.346897272479682,-4.312077103875423e-06
sub-111,0.5185299387581237,0.3765971241073122,0.32883829018124133,0.10322560376857412,2.2215027503233835,3.464063971573241e-06
sub-111,0.5652624936829285,0.266404674004496,0.49325743527186205,0.21338416521854175,1.4978783002439038,-1.0766927965567186e-05
sub-111,0.6085664767048762,0.3312533207454211,0.4110478627265517,0.17827213582179505,1.6153776883340503,7.66263760538141e-06
sub-111,0.5318754369193467,0.2777810014690693,0.5754670078171724,0.15743176259761826,1.2138720553688331,-6.961939640449741e-06
sub-111,0.6122386799993341,0.5808179955860256,0.49325743527186205,0.2546100537322186,1.1979803858559719,-7.72648416269494e-06
sub-111,0.5371491718780796,0.2640534540583359,0.49325743527186205,0.1460963044642369,1.9017056989832972,-3.7018656021401336e-06
sub-111,0.5195003171847205,0.4009504277536378,0.49325743527186205,0.17227824602818975,1.3924094902182589,1.6757025301837413e-06
sub-111,0.5580861450245486,0.5656338602609858,0.5754670078171724,0.20997920817830087,1.1960569561011771,4.160675835793393e-07
sub-111,0.4975903807325274,0.19908011138257453,0.4110478627265517,0.07111139337537864,3.3506906559372793,-1.1366938684852933e-05
sub-111,0.5136155303336909,0.3035806585195792,0.49325743527186205,0.11620000215632072,2.143929432454938,-2.369960264692571e-06
sub-111,0.4518487663738328,0.3464315765239714,0.4110478627265517,0.13139711214592276,2.3918374530913034,2.028527423430597e-06
sub-111,0.6149896853095789,0.3184537311185346,0.4110478627265517,0.16607118186588482,1.9260060895686246,3.7887688725075275e-06
sub-111,0.609308300423557,0.5375830729355401,0.32883829018124133,0.16194238378746426,1.9013595548016013,4.64155186283424e-06
sub-111,0.536576630837663,0.2724146003209926,0.49325743527186205,0.13477966489100682,1.6944077048911463,-3.6495585712765634e-06
sub-111,0.5545261050778031,0.5184884965115598,0.4110478627265517,0.21564690657020893,1.375833031629353,2.2311752965142304e-06
sub-111,0.5574201908815841,0.45547552868282576,0.49325743527186205,0.18078234454251696,1.5004927299644792,1.010425642718005e-05
sub-111,0.5371491718780796,0.49549125976588404,0.32883829018124133,0.18798207342365975,1.3940888583461737,4.433098232389926e-06
sub-111,0.5805263568933177,0.38067832912570865,0.4110478627265517,0.1788817422247052,1.3347403138493523,1.6921575693324708e-06
sub-111,0.5718220282306016,0.3925617032722565,0.5754670078171724,0.12287754966781501,2.1693762122078692,4.2035949209979955e-06
sub-111,0.5100820097892836,0.27388875031944515,0.4110478627265517,0.15004140681253356,1.7127162718458688,9.65048238150517e-08
sub-111,0.5140247990436454,0.35894509247327155,0.4110478627265517,0.11847605149086357,2.178748068733143,3.9887497841003994e-06
sub-111,0.5753693509041018,0.7215851158804788,0.6576765803624827,0.2700434432069257,1.0499657780393972,1.3166204262538127e-05
sub-111,0.6156758503815998,0.5142679679569635,0.49325743527186205,0.17126206513521217,1.6344040310034562,-8.650457991997785e-06
sub-116,0.572487982373566,0.587786664902119,0.5754670078171724,0.18786410152162963,1.5377305283201215,-9.787388582841494e-08
sub-116,0.5718220282306016,0.41627602421238,0.49325743527186205,0.13461589740483057,1.7102741108325683,-1.8126503250781552e-06
sub-116,0.535834099193492,0.312091037330706,0.49325743527186205,0.18949494120662436,1.1397275571786625,8.398919390540099e-06
sub-116,0.5007558765056858,0.36814734510096914,0.5754670078171724,0.14922770671143573,1.2812870739858584,-4.74515244990547e-06
sub-116,0.5798913781331712,0.20585205420414873,0.32883829018124133,0.1483254907019555,1.8043020627473423,-8.689971820045943e-06
sub-116,0.6124731282399603,0.4740936144972606,0.4110478627265517,0.16754730398406584,1.7709897843393163,7.2015223425850376e-06
sub-116,0.5913277174461157,0.4879861317961679,0.49325743527186205,0.21586721701332925,1.3925089927379772,1.3728995267874484e-06
sub-116,0.5602937319502929,0.4392032477400145,0.4110478627265517,0.13937010659928917,2.4313151472584282,5.2644214927384446e-06
sub-116,0.5896272954264788,0.4986303506721723,0.4110478627265517,0.16473782212316282,1.8390805131491894,8.181319416079358e-06
sub-116,0.4458672852923583,0.1595270368636387,0.32883829018124133,0.06367719539916498,2.8006065812941494,-4.910770087668502e-06
sub-116,0.5918835192978454,0.5370414658968837,0.5754670078171724,0.2049990991095779,1.3692058556969426,1.1997857759563087e-05
sub-116,0.5583790794098652,0.4902063365632549,0.5754670078171724,0.18715494365320942,1.522291887848697,3.114266931963882e-06
sub-116,0.5574201908815842,0.537733076685915,0.49325743527186205,0.20057692635273072,1.2708123691675774,-7.1704523598486346e-06
sub-116,0.48426233886294484,0.41888812844030504,0.32883829018124133,0.09951603419508288,1.808590987413585,-7.577021827529057e-06
sub-116,0.5752254580774614,0.4444944520138996,0.4110478627265517,0.17981114463580206,1.6988943509465926,-1.3260436400711405e-05
sub-116,0.5918835192978454,0.5826053061601215,0.49325743527186205,0.19051735886148358,1.4821593939135564,1.0175480036907536e-05
sub-116,0.586764028132674,0.535826925971408,0.49325743527186205,0.1930456106673621,1.768730198858501,9.752978343448764e-07
sub-116,0.593573651498887,0.5804740180558325,0.5754670078171724,0.2928571147914687,1.0524800664608842,-3.7525553941535163e-06
sub-116,0.5318877431210838,0.37865385065750756,0.49325743527186205,0.15123839025111768,1.8661642657888788,-7.93604897644629e-06
sub-116,0.5805263568933177,0.24860072240930986,0.32883829018124133,0.13492782164915806,1.8300392201583071,1.2757383437839387e-06
sub-039,0.48938604018507104,0.38493050566645653,0.4110478627265517,0.13432776783543468,1.2315137905075622,-4.687778731827186e-06
sub-039,0.5547505754535487,0.2744368457017603,0.4110478627265517,0.11592171837269535,1.9498320194705323,3.134678801837959e-06
sub-039,0.572487982373566,0.30081658963242786,0.4110478627265517,0.14745390823361404,1.5537429416837918,-4.767003425497233e-06
sub-039,0.4349703247722835,0.1673799767957556,0.24662871763593103,0.07820108009683696,2.3434765427190603,1.483761133965912e-06
sub-039,0.47594573873741725,0.411507422564127,0.49325743527186205,0.14394114690799786,1.3005464370549649,-6.638371994311973e-07
sub-039,0.49030039522907654,0.42096929464412963,0.4110478627265517,0.14347936041367143,1.4062380580607365,3.064650813711417e-06
sub-039,0.5419071444683873,0.33778600952749704,0.49325743527186205,0.11631764242253835,2.128530345047167,-4.272249581324479e-06
sub-039,0.4486211737748711,0.4185031024462943,0.4110478627265517,0.12695036564093873,0.9051291309861916,8.132551937536163e-06
sub-039,0.5371491718780796,0.25131442828090605,0.49325743527186205,0.14640259354889593,1.1401347701667823,3.4120051677983217e-06
sub-039,0.5583080015905993,0.24027983355719704,0.4110478627265517,0.13394196180399562,1.4562688311335856,6.651705092638059e-06
sub-039,0.490661848355847,0.37515975861283546,0.49325743527186205,0.1505298491552958,1.2573054106290855,-5.382095043487837e-07
sub-039,0.490661848355847,0.30132484885556743,0.4110478627265517,0.1553983374954132,0.880578708116401,3.3889762716559475e-06
sub-039,0.46821854811136715,0.28216024726747296,0.32883829018124133,0.10921058084299458,1.7296659146670057,1.164376692862095e-05
sub-039,0.5145835826857156,0.350066328718376,0.49325743527186205,0.13302281840264332,1.5090190181559762,3.36488337677464e-06
sub-039,0.5527422237975074,0.2929040164329326,0.32883829018124133,0.12243681535357949,1.9730578659044247,3.875391088247982e-06
sub-039,0.5971555588644019,0.35376373373127395,0.4110478627265517,0.12238095300431058,2.7547983750138245,-3.6148254963252764e-07
sub-039,0.5148231489057915,0.2533144289475731,0.4110478627265517,0.10994030805125746,1.6247356006356826,1.1027207665299514e-05
sub-039,0.4564826234955896,0.2974764700440686,0.49325743527186205,0.16271293701037892,1.1594750799907765,8.315342380072709e-06
sub-039,0.48938604018507104,0.3951023210726177,0.4110478627265517,0.16455147112452667,1.1970871687282858,2.135000083978457e-06
sub-039,0.48938604018507104,0.38088286470282845,0.49325743527186205,0.15320230752330455,1.4556393569820596,5.525794437707185e-06
sub-039,0.48938604018507104,0.2734974374598245,0.4110478627265517,0.10289703798254073,1.508359929075792,8.337772246793353e-06
sub-039,0.4227209366238251,0.25951119548508456,0.4110478627265517,0.13300325972387847,1.447958162011538,6.4306414453214695e-06
sub-039,0.4786740293879764,0.3848458209054287,0.4110478627265517,0.1309299381539941,1.3665232275529549,-4.034257737647262e-06
sub-039,0.3674457267164993,0.2102954088363608,0.4110478627265517,0.11052880243970507,1.4463162653332164,7.84032059831781e-06
sub-039,0.41226545534721587,0.3375144461996567,0.4110478627265517,0.127500406076607,1.2776542630526637,2.098768401719376e-06
sub-039,0.5489175078558625,0.32208349916911333,0.49325743527186205,0.12778752291253315,1.3313382823273145,-1.2883773355233288e-05
sub-039,0.5340771952970603,0.37156355643248296,0.49325743527186205,0.13854500532015368,1.8242929045068483,3.366515671971292e-06
sub-039,0.4902368043636884,0.349051018828073,0.49325743527186205,0.12909303792308208,1.1050007252095992,1.2062551031171634e-06
sub-039,0.5473604773001101,0.20380058847107876,0.49325743527186205,0.1758436644517646,1.0231046033413929,1.0052486837133596e-05
sub-039,0.5841660993914172,0.2742590521196403,0.32883829018124133,0.10761153660186708,2.397147970568505,3.6640162636205747e-06
sub-039,0.43043892899985664,0.3677247801253174,0.4110478627265517,0.1239798723657214,1.214158892072784,-2.8888597306200957e-06
sub-039,0.5340782978848966,0.34347343208019643,0.49325743527186205,0.12195032069104769,1.5371404973369323,7.333312663539101e-06
sub-039,0.5244838471383011,0.2704537684916035,0.49325743527186205,0.13001882597784875,1.8053756800295242,5.295995031135853e-06
sub-039,0.5231834144583679,0.37747619820593153,0.4110478627265517,0.10813627907694652,2.036988206062097,-4.313347584927995e-06
sub-039,0.5573884484600162,0.2850608389719067,0.49325743527186205,0.13986335740795175,1.7129458793425947,3.7692569914188367e-07
sub-039,0.5752254580774614,0.4358625852925354,0.4110478627265517,0.1564921969855705,1.7370494605433802,6.883530494584036e-06
sub-039,0.4902368043636884,0.262364264467491,0.4110478627265517,0.1190568067177675,1.2789648960577609,5.582799793755859e-06
sub-039,0.43043892899985664,0.230404575551257,0.4110478627265517,0.12909642245815647,1.4123398312486444,4.52267659132713e-06
sub-039,0.5835647632213296,0.5166907432183888,0.6576765803624827,0.2157706386015432,1.2096888815224354,-1.1903494958508207e-07
sub-039,0.6257414260355303,0.4330384350122641,0.49325743527186205,0.23201212257763232,1.4391260162768946,1.679122928622707e-05
sub-039,0.4902368043636884,0.2801103759208872,0.4110478627265517,0.1370006774563993,1.3277023371339565,-1.1794020105521712e-06
sub-039,0.4390476004859355,0.3090048419206021,0.32883829018124133,0.08878571036222364,1.7098875996233127,-7.12912223392276e-06
sub-006,0.5148231489057915,0.46608972992459924,0.49325743527186205,0.21236380381819386,1.0481917475756002,3.6174575656404384e-06
sub-006,0.5138072788813919,0.3595946540420671,0.32883829018124133,0.12774171718562513,1.40691791347464,3.49027356741238e-06
sub-006,0.6368874748828036,0.20972053098206903,0.4110478627265517,0.1132835789841078,3.0806334171344583,6.1868773661368e-06
sub-006,0.572487982373566,0.2876820724517809,0.49325743527186205,0.16497327059957947,1.3164673450143523,-8.61920291713073e-07
sub-006,0.5617623146491274,0.16817152806919664,0.4110478627265517,0.12476825371988784,1.4533583967892199,-9.067961299904612e-06
sub-006,0.5878174413030132,0.5406785869156717,0.4110478627265517,0.17458837123758267,1.642061864657792,6.00107644417089e-06
sub-006,0.4227209366238251,0.23671562885975342,0.4110478627265517,0.1384715452584099,1.5106896515851462,7.807776259822481e-07
sub-006,0.6117294943091915,0.42456527948158373,0.49325743527186205,0.21222429883182553,1.3325764288769348,-4.717417915437132e-06
sub-006,0.5127279331817586,0.258629749857279,0.32883829018124133,0.09517302502744265,1.8879094540718484,3.851029907214745e-06
sub-006,0.4786740293879764,0.39561281166515266,0.4110478627265517,0.1270317519251603,1.6158846086862937,4.87328639611124e-06
sub-006,0.5127279331817586,0.1388364448542158,0.4110478627265517,0.11898519973790748,1.2528366343277926,9.004186857430639e-06
sub-006,0.5127279331817586,0.3984475354495178,0.5754670078171724,0.15307647039141098,1.449560216009018,1.0391393062421134e-05
sub-006,0.503998698162992,0.3371792002420329,0.49325743527186205,0.12437069138672294,1.6180018327122139,1.1187226699438394e-05
sub-006,0.5947648878283812,0.23572233352106983,0.4110478627265517,0.09690220596610208,2.4913593590979204,3.1204088309960496e-06
sub-006,0.4274582094828194,0.23464737579569442,0.49325743527186205,0.16863214726137624,1.254660767632238,3.879031021780606e-06
sub-006,0.5691524128025661,0.365355110769999,0.4110478627265517,0.12857260835475973,1.3671004369940987,1.994172028547978e-06
sub-006,0.5962803134573204,0.42121346507630353,0.5754670078171724,0.23571677979219924,1.2224723434387939,-1.8626023940519476e-06
sub-006,0.5707108191664222,0.5187937934151675,0.6576765803624827,0.16551095915288838,1.5013110329475197,5.390940806339291e-06
sub-006,0.5917637973754215,0.42211234154132066,0.32883829018124133,0.13761475956007316,2.068068672602825,8.538370248675652e-06
sub-006,0.5949281942423349,0.42085002694764384,0.49325743527186205,0.2392743437803822,1.2461975747299787,-1.5504633637552023e-06
sub-006,0.5318754369193467,0.4155154439616658,0.6576765803624827,0.2237559396476686,1.0976330755281805,4.5815193798197265e-06
sub-006,0.4349703247722835,0.32433956329579594,0.4110478627265517,0.11961955482126536,1.559416807582346,1.779476272759325e-05
sub-006,0.5583790794098652,0.4617048264310404,0.4110478627265517,0.1996123336221469,1.306096809509911,5.8089066487439575e-06
sub-006,0.5707108191664222,0.4131871542020747,0.5754670078171724,0.16073357538477637,1.4303834084812508,6.099701964250254e-06
sub-006,0.5144541794396013,0.2397381636530607,0.32883829018124133,0.11328360887667036,1.7041974593578653,1.5632543779607126e-05
sub-006,0.5802197433190089,0.24236687623973843,0.49325743527186205,0.1578597683308174,1.8726707677987646,1.4753606906180582e-05
sub-006,0.5949934693493971,0.38299225225610584,0.49325743527186205,0.18368739841505538,1.8646181799764248,3.603726816847774e-06
sub-006,0.4802063670792377,0.3390506652091574,0.32883829018124133,0.09426935890511755,1.706202107569543,2.4091314244822108e-06
sub-001,0.5445326765736695,0.5444639829148206,0.5754670078171724,0.21278652012059052,1.1694183169879315,6.356435608940688e-06
sub-001,0.6119580758302074,0.2636671962479071,0.5754670078171724,0.23586856486890462,1.3140311585158984,-1.557462362325492e-05
sub-001,0.592333957384912,0.5209779952300087,0.6576765803624827,0.2255310838494521,1.1445831063342995,1.5393160387783324e-06
sub-001,0.5007558765056858,0.31969828635073927,0.4110478627265517,0.1869620388547304,1.387857789512242,3.5774660759683483e-06
sub-001,0.5174735995703291,0.37776250555882857,0.49325743527186205,0.16596100113361714,1.2197435730854913,-1.4357742293419216e-05
sub-001,0.5145835826857156,0.40546510810816444,0.49325743527186205,0.1808605645242464,1.2908333438197443,-1.0015753206704076e-05
sub-001,0.5332028158056714,0.3603718058200585,0.4110478627265517,0.14331088024122224,1.7274604745695104,-1.1695075330243463e-05
sub-001,0.5707108191664222,0.3841423386393432,0.24662871763593103,0.11945651143130488,2.0912895574110553,2.2180414558611e-06
sub-001,0.5136155303336909,0.3685215929164801,0.49325743527186205,0.11187769167910241,2.6396158648028396,-4.124407638404392e-06
sub-001,0.6241344615417338,0.365113812584597,0.6576765803624827,0.1671695378081413,1.8207444535716228,-7.904470051453425e-06
sub-001,0.528985420034733,0.4611259552137182,0.5754670078171724,0.2126581676036745,1.2890615565677987,8.97711835747083e-06
sub-001,0.604620120632468,0.48097266061630956,0.5754670078171724,0.16371600264212466,1.865252330849173,-5.2462400545675685e-06
sub-001,0.4621049470801048,0.42488319396526597,0.49325743527186205,0.18434542091518807,1.332533875212722,-8.470027897211386e-06
sub-001,0.5707108191664222,0.3723410606831318,0.49325743527186205,0.20385748738408158,1.2074221337919577,8.12645919903854e-06
sub-001,0.5040393024433445,0.4637340162321402,0.49325743527186205,0.16224276562306805,1.1830596492089898,5.306387005820763e-06
sub-001,0.47978132308707916,0.4458375633985519,0.4110478627265517,0.18668898447331078,1.3197986695875419,6.76978331299821e-06
sub-001,0.6177910265747998,0.11547089589800393,0.24662871763593103,0.12125662943119869,2.197865909480367,-1.3667552933422307e-07
sub-001,0.5090448359081111,0.2818511521409877,0.4110478627265517,0.18660270322990946,1.2681575018903948,4.099740632394941e-06
sub-001,0.5707108191664222,0.5179430915348547,0.49325743527186205,0.18358034788077343,1.4372709120193645,-2.093457100300295e-05
sub-001,0.5718220282306016,0.25699626174833706,0.4110478627265517,0.10883675906911201,1.9255980502238927,-9.280443596446618e-06
sub-001,0.5878174413030132,0.4590745587135453,0.739886152907793,0.23975817216419867,1.2860616528320024,2.2404955180443778e-05
sub-001,0.5727098389396168,0.3549342994609484,0.4110478627265517,0.185814304887273,1.225172185744049,2.4651960694700336e-06
sub-001,0.53834038644849,0.41616039722491244,0.5754670078171724,0.23016784385849662,1.122898145313895,2.837017675951722e-06
sub-001,0.5380246539573047,0.3154616365588566,0.49325743527186205,0.12994254697722385,1.3788554994959137,7.66663052438217e-06
sub-001,0.5726626889456685,0.5223864461670668,0.49325743527186205,0.2108232785673299,1.355436265883709,-2.578538492942969e-06
sub-001,0.5371491718780796,0.347966616046948,0.32883829018124133,0.13034608493514852,2.380099902685207,-7.555825009604673e-06
sub-001,0.5918835192978454,0.503905180921417,0.49325743527186205,0.22337780806194374,1.2123168989315463,-6.700382296664532e-07
sub-001,0.4621049470801048,0.3316989578685553,0.4110478627265517,0.1448833069294896,1.192614298315309,2.27986287496701e-06
sub-001,0.6101687041220221,0.29849298855599654,0.49325743527186205,0.17092022188031097,1.5648902264744504,-3.10928982554746e-06
sub-001,0.5574201908815841,0.5069345682730241,0.49325743527186205,0.18544466051166578,1.3002798832147395,-3.0413988043711e-05
sub-001,0.5040393024433445,0.4376222197426957,0.49325743527186205,0.19063763073595338,1.069276571737887,-1.202617277062179e-06
sub-001,0.534515670506845,0.32099934131796837,0.32883829018124133,0.1492962577188758,1.6029299234848846,-2.4585169026332935e-06
sub-001,0.5671440611465248,0.5004628367304442,0.5754670078171724,0.1774240342906408,1.3859758990428817,5.6337427728841835e-06
sub-001,0.5436843076755311,0.587786664902119,0.6576765803624827,0.23177054418546222,1.133177899236658,-8.949007367471445e-06
sub-001,0.5140247990436454,0.21256144198367288,0.32883829018124133,0.1450215518654387,1.671873447974268,1.2743446286257005e-05
sub-001,0.6330267454365449,0.4070142950949937,0.49325743527186205,0.12731893359491836,2.663836312231472,1.0860368241991375e-05
sub-001,0.6156758503815998,0.5596157879354228,0.5754670078171724,0.2763904142243322,1.198249419583184,3.911623286482001e-06
sub-001,0.5371491718780796,0.49727265736128723,0.49325743527186205,0.22032992869797036,1.0659773400620025,5.999394644458776e-06
sub-001,0.5909818381699268,0.48550781578170077,0.6576765803624827,0.22141398908462254,1.2237260865908264,9.282632318201644e-06
sub-008,0.5987112439007894,0.3546458597119514,0.4110478627265517,0.159656483815609,1.8770123433780932,2.9937844268977407e-06
sub-008,0.6122386799993341,0.3058643915349713,0.49325743527186205,0.24248414036855678,0.914974567077985,8.836458277341566e-06
sub-008,0.6071698550609236,0.2902298445305796,0.4110478627265517,0.14706598064046986,1.92105253237334,5.415395455500647e-06
sub-008,0.5877139714528952,0.2535702379449179,0.5754670078171724,0.11355124078549439,2.9354732482609487,3.101872626418588e-07
sub-008,0.5752254580774614,0.45734994347717606,0.5754670078171724,0.15076853744120033,1.7370662748599919,-8.850485097655411e-06
sub-008,0.6098983144299835,0.5841568968515403,0.6576765803624827,0.24084982933475815,1.3472294532519016,1.7088314521804024e-06
sub-008,0.5318877431210838,0.3420047541909387,0.49325743527186205,0.20582943771667928,1.2963825653108962,1.8971875525321535e-06
sub-008,0.5896272954264788,0.5209012757547322,0.6576765803624827,0.29875290184678255,0.9244861868883337,-3.353514090195725e-06
sub-008,0.53834038644849,0.2986511038223549,0.49325743527186205,0.17374972272220218,1.207553830639548,1.0626384740995753e-07
sub-008,0.533013806354497,0.35563273436028864,0.32883829018124133,0.11551306212100046,2.4153192830398598,-1.2591209592861363e-06
sub-008,0.4975903807325274,0.4366053488438875,0.5754670078171724,0.14305174074232693,2.2050394421516946,-4.045561134546424e-06
sub-008,0.5707108191664222,0.2471215500208701,0.4110478627265517,0.14523936428749215,1.6709074193949607,9.169364971057793e-07
sub-008,0.5718220282306016,0.38968124040690244,0.49325743527186205,0.16639792093482877,1.6784150780671592,4.359699791804251e-06
sub-008,0.6062223480496138,0.38299225225610584,0.4110478627265517,0.15812670425522415,1.8991273765094927,3.7343008246163672e-06
sub-008,0.5727098389396168,0.37037378829689427,0.4110478627265517,0.1911648391839875,1.342696772252885,1.3147374926024739e-05
sub-008,0.5240601892302358,0.3746934494414107,0.4110478627265517,0.168686101905259,1.3201255006341295,3.1619293863261448e-06
sub-008,0.628790843622694,0.5676094356161683,0.6576765803624827,0.30676826020772857,1.0191693167412916,4.517973515730691e-06
sub-008,0.5140283658616919,0.2321122212969702,0.24662871763593103,0.13160721397624883,1.8441401009162688,-7.912183563981286e-06
sub-008,0.5727098389396168,0.4595323293784402,0.5754670078171724,0.1897488665027341,1.4928676307977102,5.289253250272715e-06
sub-008,0.6387820163933331,0.561377902928822,0.5754670078171724,0.27235427990563826,1.2684516007582218,9.86133501837524e-06
sub-008,0.5583790794098652,0.3723410606831318,0.32883829018124133,0.18015109601453996,1.386446419876322,5.982220535532943e-06
sub-008,0.5617623146491274,0.33771911957577627,0.4110478627265517,0.1505109401137729,1.5733875875570928,7.789249751131586e-06
sub-008,0.572487982373566,0.3121884826396035,0.49325743527186205,0.1740649270330596,1.294916105181084,7.112766970292546e-06
sub-008,0.5949281942423349,0.5017962170465965,0.32883829018124133,0.21542943318490432,1.2959924898089774,2.719445767691052e-06
sub-008,0.5033517976047828,0.4679005790489568,0.4110478627265517,0.15633043949910377,1.4937611144441307,3.4854448350147683e-06
sub-008,0.5671457950982373,0.2860884466165029,0.49325743527186205,0.18053852573084472,1.5681247202955615,1.0276823917845843e-06
sub-008,0.5765800008209093,0.4034907738044467,0.4110478627265517,0.1256192385272735,2.4602849492621477,9.440544429831149e-09
sub-008,0.5917637973754214,0.43417521399059583,0.49325743527186205,0.1913107476132801,1.6428826533502359,-7.500262178051859e-07
sub-008,0.5439772420608477,0.34151638350789104,0.4110478627265517,0.11809124339594264,2.5056950646350202,-4.430499006377006e-06
sub-008,0.6189360413819871,0.35937400090789745,0.49325743527186205,0.17875134664906087,1.7042147377683194,-1.0464558158150733e-06
sub-008,0.5740172316891166,0.4373584718841182,0.49325743527186205,0.19894562767088503,1.5019126292781568,4.547577618816117e-06
sub-008,0.5727098389396168,0.27830993262291776,0.49325743527186205,0.15832484698713925,1.5068333249803012,6.411394034557349e-06
sub-008,0.533013806354497,0.18178550746458141,0.32883829018124133,0.12215139377414556,1.8638335217888122,4.459178818014958e-06
sub-008,0.6348356603209249,0.5066933864810801,0.5754670078171724,0.18614693620502784,1.745641980708962,-5.6134507959418593e-08
sub-008,0.5855489678931255,0.4502010019495559,0.5754670078171724,0.17856069565918647,1.4090045699580322,5.915100394697073e-06
sub-008,0.5583790794098652,0.29376111852816306,0.4110478627265517,0.13552367074361207,2.0744275036213,9.673322621818826e-06
sub-008,0.5971843497998193,0.42096929464412963,0.49325743527186205,0.18449078271356553,1.7636858050256217,2.9891932985273484e-07
sub-008,0.5403487381045312,0.4700036292457356,0.49325743527186205,0.18500786142029088,1.3169278077063995,1.2180790513058758e-06
sub-008,0.592333957384912,0.4436863209283621,0.739886152907793,0.21535087909542772,1.1006874133040065,6.857251789737793e-06
sub-008,0.477365142321613,0.2109482782203915,0.4110478627265517,0.13745811315760778,1.8186696359430283,-3.502380252911977e-06
sub-008,0.5867198524576164,0.4376222197426957,0.4110478627265517,0.12131332321047081,2.685182901270775,-7.357480425892414e-07
sub-008,0.4891674804180187,0.38749286570373404,0.32883829018124133,0.13304892032227555,1.99880483772791,-3.3565172421888587e-06
sub-037,0.5691524128025661,0.3396773675701613,0.4110478627265517,0.16772790709267804,1.3164262421916906,-1.886049011205465e-06
sub-037,0.5917637973754214,0.5536456209489189,0.49325743527186205,0.1490486578033414,1.9495510737447361,-4.2109938942802104e-06
sub-037,0.5671440611465248,0.5738004229273791,0.4110478627265517,0.22924232063209243,1.1679430604115524,-7.19448848988389e-07
sub-037,0.535834099193492,0.4274440148269396,0.49325743527186205,0.1478525711320434,1.6593156899788186,-2.7663110180944925e-06
sub-037,0.5197195336231006,0.3448404862917295,0.4110478627265517,0.10195828916511264,2.4598532635131023,-8.594750263237163e-06
sub-037,0.6117294943091915,0.4427365029053959,0.49325743527186205,0.21014862007374344,1.3873978462309366,1.6618119551727847e-05
sub-037,0.628326535116724,0.3011050927839216,0.6576765803624827,0.18318418089758748,1.6182543776340035,5.544826341842865e-06
sub-037,0.5501959568383719,0.3677247801253174,0.5754670078171724,0.18172981924091205,1.5128266214969568,1.994928330707853e-06
sub-037,0.5185299387581237,0.5828906942899122,0.49325743527186205,0.16512950330764667,1.5836405712232866,-2.873955583137864e-06
sub-037,0.5423309181959558,0.3402001067352274,0.32883829018124133,0.18244106326954135,1.394984988581729,-4.860168892379148e-06
sub-037,0.572487982373566,0.3014212483350849,0.6576765803624827,0.1474988708507847,1.608225059985624,6.583170300675321e-06
sub-037,0.4816880396243356,0.3479412639699778,0.4110478627265517,0.13852824081029352,1.3342436465724232,-1.6880651753551374e-06
sub-037,0.48300114141237827,0.21985947611301976,0.32883829018124133,0.12918019041898693,1.5768891455377814,-8.296271964601496e-06
sub-037,0.4486211737748711,0.3622929362429557,0.4110478627265517,0.11954837840421975,1.129166628440107,-3.575249409872363e-06
sub-037,0.548480135233914,0.4340384805522204,0.4110478627265517,0.13907439971803168,1.672164293759771,1.1365164128373654e-06
sub-037,0.6189360413819871,0.4640334622592318,0.49325743527186205,0.21446874666238744,1.3261584464184348,6.941882051854877e-06
sub-037,0.5878174413030132,0.12398597978099125,0.4110478627265517,0.10120520289071151,1.8904987011892727,1.3006897889348563e-05
sub-037,0.5646821810149647,0.29394383367575705,0.32883829018124133,0.12190524784622805,1.8676111813080485,-4.79150462291694e-06
sub-037,0.5563089818174047,0.33224091860145033,0.4110478627265517,0.1833674026900007,1.5158529353704369,2.665379539507946e-06
sub-037,0.6098983144299835,0.50626980723013,0.5754670078171724,0.27298888390037296,1.1310265342724188,1.1489348806125455e-06
sub-037,0.5580861450245486,0.37662955846827706,0.4110478627265517,0.1601262269974195,1.564413032657849,1.2515200409775651e-05
sub-037,0.5185299387581237,0.34989525695335355,0.4110478627265517,0.13596008566489898,1.5883917382011392,-2.4798129640694614e-07
sub-037,0.5140247990436454,0.19207773173931936,0.32883829018124133,0.09293562781472324,2.4426136724078904,-2.745710289360312e-06
sub-037,0.5909818381699269,0.24371894903066488,0.5754670078171724,0.2198372263071053,1.405929601832309,1.1023776565118987e-06
sub-037,0.5717902858090338,0.44407994423594394,0.4110478627265517,0.1605762136062502,1.5458380533972922,7.187881278052406e-06
sub-037,0.6241344615417338,0.29783444391579894,0.4110478627265517,0.19414826024227097,1.491522479791426,1.8346647290297847e-06
sub-037,0.5279290808469383,0.2876820724517809,0.49325743527186205,0.16164869928862594,1.3941856495269949,5.0021124593809695e-06
sub-037,0.5462895804701012,0.3658353133373966,0.4110478627265517,0.11846856220165373,2.1153797409631316,8.638825265985103e-06
sub-037,0.5580861450245486,0.2375979680543695,0.4110478627265517,0.13637912613619124,1.4015245603806366,5.535789260741767e-06
sub-030,0.5563089818174048,0.5626506916305767,0.49325743527186205,0.19363739904154081,1.3517246529566955,5.140032537156633e-06
sub-030,0.5753693509041018,0.3768098523477883,0.49325743527186205,0.21960934637274868,1.3611838462515098,4.977344207603635e-06
sub-030,0.5828176720602659,0.5219989243641159,0.5754670078171724,0.19979821092705763,1.5639463622537972,7.822567884244526e-06
sub-030,0.5068737234358001,0.38407391812684677,0.4110478627265517,0.17227209266360635,1.3078406591318,-1.142257685974791e-05
sub-030,0.4786740293879765,0.2697558561836289,0.4110478627265517,0.10668625461224947,2.2621158120876745,-1.3317836137502726e-06
sub-030,0.5547505754535487,0.7081850579244858,0.49325743527186205,0.20935878063102586,1.2354126519879312,7.400862483031866e-06
sub-030,0.5574201908815841,0.4556738036909107,0.5754670078171724,0.17211157796695195,1.5719628201644593,2.714264985751635e-05
sub-030,0.5707108191664222,0.4949702519761966,0.49325743527186205,0.1633107298364586,1.8502758754296285,1.6639463344815147e-05
sub-030,0.5691524128025661,0.3364722366212129,0.4110478627265517,0.16587361131856568,1.522278428229054,-1.5988172866986184e-06
sub-030,0.5617623146491274,0.4848018503446855,0.49325743527186205,0.17339031401476537,1.683876828518547,-8.673396174442642e-06
sub-030,0.5691524128025661,0.5533852381847867,0.5754670078171724,0.22814612945823542,1.2444856523780967,-4.691938402415905e-06
sub-030,0.5726626889456685,0.5742859776832164,0.5754670078171724,0.27034887910592903,1.2108043732125635,-1.1175154275354568e-05
sub-030,0.636456055075247,0.5837746234121584,0.6576765803624827,0.24640055069091685,1.312765427268469,5.231639892192148e-07
sub-030,0.6011307058722274,0.24236687623973843,0.4110478627265517,0.19173239843725012,1.3973176384675687,1.7583481865225995e-05
sub-030,0.5033517976047828,0.5226202002588276,0.4110478627265517,0.1603702413981855,1.4569818664431629,1.186655615235083e-06
sub-030,0.5615431847117457,0.39117915086068783,0.5754670078171724,0.24917052175699175,1.250805025081057,-5.253117785612784e-07
sub-030,0.5684158347112485,0.5363047090669756,0.49325743527186205,0.24287742074930355,1.1817548619297018,1.1046936493421035e-07
sub-030,0.5855489678931255,0.5897688261061101,0.49325743527186205,0.23430199875119523,1.3507881013427083,2.2448620250385333e-06
sub-030,0.5340771952970603,0.4296793662287591,0.4110478627265517,0.16131685633914516,1.4292350721759657,8.462047198050894e-06
sub-030,0.5909818381699268,0.4648885285789651,0.5754670078171724,0.24283392620103464,1.1887369131654357,1.568382356804685e-05
sub-030,0.5371491718780796,0.34583799260885495,0.49325743527186205,0.16724001548837808,1.4141966618567088,4.727506080496017e-06
sub-030,0.5962803134573204,0.6048545734142671,0.5754670078171724,0.250416728361937,1.0908938878100944,1.5449716817556586e-05
sub-030,0.535834099193492,0.4425688583115416,0.6576765803624827,0.2659495368483616,1.000743438804053,1.3103677396531793e-05
sub-030,0.592333957384912,0.5221893824163059,0.4110478627265517,0.2693137268896347,1.1340990125849135,1.2902885191535968e-05
sub-030,0.5563089818174048,0.46430560813109784,0.49325743527186205,0.2221095508990194,1.2679611802818236,7.60417570888633e-06
sub-030,0.535834099193492,0.368995428326773,0.4110478627265517,0.16398425162857042,1.512109042124641,1.5726596286433737e-05
sub-030,0.5646821810149647,0.3301027883357331,0.5754670078171724,0.15407042389939934,1.5816935412298205,8.854569892612356e-06
sub-030,0.4975903807325274,0.39768296766610944,0.49325743527186205,0.14563635555257204,1.8892075668026929,8.95191365642319e-06
sub-030,0.5583080015905993,0.4266459301876113,0.49325743527186205,0.2603008819672209,0.98932433244159,8.701471993341369e-06
sub-030,0.5753693509041018,0.6451379613735847,0.5754670078171724,0.20978802980639405,1.3366824224670062,-8.519915691155956e-06
sub-030,0.5855489678931255,0.496436886313891,0.49325743527186205,0.20901876529346003,1.3006438311483521,-1.3315436105407458e-05
sub-030,0.5717902858090338,0.14884562759756517,0.5754670078171724,0.15630990663059788,1.5430255801017665,-1.90335746188702e-05
sub-030,0.5987112439007894,0.6087298387473621,0.4110478627265517,0.20620157220160001,1.4882358161141882,3.936053006564112e-06
sub-030,0.6156758503815998,0.5759649259369521,0.5754670078171724,0.21927542410669953,1.5266324452501516,1.2897501551929647e-05
sub-030,0.5056217857086768,0.3234001550538601,0.32883829018124133,0.16190509463873273,1.5402344340584158,-2.2276598220378817e-05
sub-030,0.5894953239655337,0.35667494393873245,0.32883829018124133,0.19425167489072762,1.3433848881657067,2.861453237382756e-05
sub-030,0.5989398254218053,0.5444639829148206,0.5754670078171724,0.27193631606486557,1.2381788346965452,2.085188440552905e-05
sub-030,0.5685843614123153,0.596686914372383,0.5754670078171724,0.1763675503282884,1.647369925861003,1.5130375354493268e-05
sub-030,0.6273970363654345,0.5792029212107276,0.6576765803624827,0.28437061074401765,1.2967502259214259,2.0651289336623463e-05
sub-030,0.6149896853095788,0.49573913073261044,0.6576765803624827,0.18779755827142436,1.5923755508309185,4.0175568706939545e-06
sub-030,0.592333957384912,0.47420826052776743,0.49325743527186205,0.2367169888887353,1.2464442145053625,9.314951667538472e-06
sub-030,0.572487982373566,0.3451219782006959,0.4110478627265517,0.15893724140951934,1.4064116693579205,5.495063521336938e-06
sub-064,0.5329986816207481,0.22412828797674922,0.4110478627265517,0.10612066554882038,3.0365726289279826,2.0172966518149226e-05
sub-064,0.5753693509041018,0.5344572282992678,0.49325743527186205,0.20080128094417893,1.4166766109267492,8.08392466077512e-06
sub-064,0.571147130544108,0.2558143336037585,0.32883829018124133,0.15164740529921833,1.7372499507436796,5.510382504263075e-06
sub-064,0.6322728911891321,0.4629696025883556,0.5754670078171724,0.19747103519752346,1.7010469732345337,1.0403156306115222e-05
sub-064,0.5384620265792534,0.4739850545449205,0.49325743527186205,0.19203064469865458,1.2274244975636075,-1.6386697088128273e-06
sub-064,0.5918835192978454,0.43417521399059583,0.49325743527186205,0.21899342050392606,1.4002293456976667,1.4089158841666457e-05
sub-064,0.5617623146491274,0.45713711865248535,0.49325743527186205,0.17239927382733336,1.73215743923961,1.274512396676456e-05
sub-064,0.4975903807325274,0.15874838907588779,0.5754670078171724,0.07454885423127983,3.0837901919130046,2.881008280921933e-05
sub-064,0.5878174413030132,0.38665577615066815,0.5754670078171724,0.21172738614739972,1.2419166386951,1.4869955305606072e-05
sub-064,0.5318754369193467,0.4382549309311553,0.49325743527186205,0.16375753955433042,1.4677264071179459,2.0265000643455643e-05
sub-064,0.6149896853095789,0.44118319071024364,0.49325743527186205,0.1200368087195952,2.4954725287962254,2.7619214666769262e-05
sub-064,0.5896272954264788,0.4267425065554492,0.32883829018124133,0.18109175086460122,1.6765906744516048,1.5274289587616707e-05
sub-064,0.5371491718780796,0.48643417064183153,0.5754670078171724,0.2103435218704231,1.2168653060969163,1.9767262526853754e-05
sub-064,0.5244838471383011,0.4267425065554492,0.49325743527186205,0.17997461467160644,1.3273656095612147,1.2212670596639346e-05
sub-064,0.5646821810149647,0.46081520319132935,0.49325743527186205,0.22275089746301568,1.1654054363701987,3.0880811550724413e-06
sub-064,0.5718220282306016,0.31268337465719814,0.4110478627265517,0.15847118047254766,1.399777343307172,2.4750476101377027e-05
sub-064,0.5580861450245486,0.5260930958967791,0.5754670078171724,0.26531226202471525,1.037207060548013,2.9584011433522687e-05
sub-064,0.5545261050778031,0.3990342177778739,0.5754670078171724,0.17256678833620917,1.4080394299075454,1.3925058554970539e-05
sub-064,0.5068737234358001,0.29935860211361665,0.4110478627265517,0.16091973061329268,1.4325183989120043,1.3007436915408278e-05
sub-064,0.5707108191664222,0.4353180712578455,0.5754670078171724,0.2218482070383231,1.2017927821662047,2.4620006328926263e-05
sub-064,0.5489175078558625,0.25698308556297433,0.4110478627265517,0.12349402152730875,1.8499693094626515,1.292254448521322e-05
sub-064,0.5439061642415818,0.5355182363563622,0.4110478627265517,0.17468626741728133,1.3539557949992997,6.394107257808107e-06
sub-064,0.5384620265792534,0.3646431135879093,0.4110478627265517,0.17792144791877038,1.4121589683954263,8.949022881001905e-06
sub-064,0.5932040976412118,0.45702291777301446,0.49325743527186205,0.20908665936886117,1.427796031075266,7.99886166728605e-06
sub-064,0.6156758503815998,0.4513447138588581,0.49325743527186205,0.1384178894246006,1.9919560968624457,-2.9195091017047883e-05
sub-064,0.5671440611465248,0.39740054827143395,0.49325743527186205,0.14341241900302087,1.8294766258981785,4.230450148324958e-06
sub-064,0.5646821810149647,0.35667494393873245,0.4110478627265517,0.21099038817520768,1.3270029114943322,3.3272185462215976e-07
sub-064,0.6183353623460848,0.4707056299765653,0.6576765803624827,0.18434877427069474,1.604502142772864,2.1959361333544466e-06
sub-064,0.5340771952970603,0.15572796722050689,0.32883829018124133,0.1659448326395904,1.2491828890934404,2.7524417924486802e-05
sub-064,0.5605170754680178,0.35555071672645144,0.49325743527186205,0.1827119942500005,1.7263599374362548,2.2635272458078992e-06
sub-064,0.5671440611465248,0.3930425881096072,0.5754670078171724,0.15795660661355432,1.5785674921978812,-1.5886838740200712e-06
sub-064,0.5138072788813919,0.19647530423204837,0.4110478627265517,0.11955872262000164,1.477566150357264,7.132189340794412e-06
sub-064,0.5439772420608477,0.6241543090729939,0.4110478627265517,0.21943898807128723,1.2743063880034566,1.2255473208440557e-05
sub-064,0.5894953239655337,0.4595323293784402,0.6576765803624827,0.20767031524903487,1.4570616123231592,7.833499549849e-06
sub-064,0.5357941194893544,0.2817683946617333,0.24662871763593103,0.12492115654215857,2.3028143606793376,-5.377996946107224e-06
sub-064,0.5855489678931255,0.3179674680406332,0.24662871763593103,0.13373418578474644,2.049572746207122,1.4487227732478683e-05
sub-064,0.5958298753702537,0.22664618186541183,0.49325743527186205,0.1218308594397641,1.7479508457990727,1.804353611633567e-05
sub-064,0.5545261050778031,0.3122643158571169,0.24662871763593103,0.09133876738602477,3.1293190201016143,-5.436379212424311e-06
sub-064,0.5462895804701012,0.5242486440981314,0.49325743527186205,0.20875397656864353,1.3351052579403608,2.4628397873710668e-05
sub-064,0.572487982373566,0.43286408229627876,0.49325743527186205,0.18811180867464472,1.446156027376474,1.1527879296284427e-05
sub-064,0.5707108191664222,0.504405055963068,0.5754670078171724,0.14816713710297374,1.4762977557130421,6.239300615776688e-06
sub-064,0.5318754369193467,0.43286408229627876,0.6576765803624827,0.16871083516406496,1.4042930768239887,-3.6493380261550227e-06
sub-063,0.54736047730011,0.3353555419211378,0.49325743527186205,0.16747435959698073,1.6788289448646139,1.0126101183305266e-06
sub-063,0.5117193122120364,0.4700036292457356,0.5754670078171724,0.1645670241332064,1.5410177247958428,1.318978962665845e-06
sub-063,0.5779321200358947,0.5578931346239764,0.4110478627265517,0.17310434604684352,1.5930167729384268,7.04569775975329e-06
sub-063,0.575945022060763,0.21435079936623133,0.24662871763593103,0.0946507096525777,2.9789967448697157,-9.935828817306943e-06
sub-063,0.6387820163933331,0.28675913745317994,0.4110478627265517,0.14699816729831253,1.8254107749938857,2.1289573586638267e-07
sub-063,0.6122386799993341,0.5626506916305767,0.4110478627265517,0.1611392509874553,1.952712340167248,3.989331983273443e-06
sub-063,0.5501959568383719,0.3534087461521113,0.32883829018124133,0.12397749933282362,2.4894779963730023,-9.172476879073122e-06
sub-063,0.5100820097892836,0.265942085815375,0.49325743527186205,0.09585144443338434,2.4211949591931843,8.891605504524414e-06
sub-063,0.5805263568933176,0.44309617632581116,0.49325743527186205,0.19513351380368568,1.254024118214387,5.129735977514664e-06
sub-063,0.5707108191664222,0.4158927312704235,0.32883829018124133,0.1300891587860397,2.0271149607188597,4.7353772242973475e-06
sub-063,0.530978204121557,0.4321333551903257,0.49325743527186205,0.13353973838205493,2.003549883448996,1.0046490032132146e-05
sub-063,0.5617623146491274,0.36883097492838407,0.4110478627265517,0.1666130634942126,1.4705637293474725,-3.2965206627179116e-06
sub-063,0.6118262371418838,0.5647660139117384,0.49325743527186205,0.21692693308032635,1.4816669850589823,9.490034681846576e-06
sub-063,0.6001075181085452,0.3483066942682157,0.49325743527186205,0.16825692642837994,1.971883083139284,1.0810118253802426e-05
sub-063,0.6062223480496138,0.5336403015321621,0.49325743527186205,0.24443806873467477,1.2332061649462873,-8.115220679426838e-06
sub-063,0.5430183535325669,0.46224162391024626,0.49325743527186205,0.19563396788058213,1.4314941149822267,4.112922626631351e-06
sub-063,0.5718220282306016,0.34130316389087856,0.49325743527186205,0.12258257786385143,2.002078167919546,-9.323718737607338e-07
sub-063,0.5216698442412047,0.5145569713788488,0.4110478627265517,0.17110962998625967,1.396257269640551,-5.315078230225388e-06
sub-063,0.5613348045324247,0.36090626195849507,0.5754670078171724,0.11328116350451785,1.930515650912046,-3.410894317982037e-06
sub-063,0.572487982373566,0.34542306714129756,0.4110478627265517,0.12221189153576889,2.117646981949165,1.0412810457551086e-05
sub-063,0.5818784761083029,0.28432072474907616,0.4110478627265517,0.1638301481087165,1.426452520712611,1.2136788725932695e-05
sub-063,0.6141053971242671,0.25951119548508456,0.4110478627265517,0.10515609729404031,2.6279498277645446,-1.1398803371599556e-06
sub-063,0.5384620265792534,0.4109147128757291,0.49325743527186205,0.19785941508364668,1.3009804856794656,-8.767072265406577e-06
sub-063,0.5033517976047828,0.561377902928822,0.4110478627265517,0.22019180112904108,1.1670843326956202,7.803563740298603e-06
sub-063,0.5358785063169299,0.20618903820059806,0.4110478627265517,0.10920877574625007,2.309780775284387,1.0570350698397398e-05
sub-063,0.5244838471383011,0.2407880152939186,0.24662871763593103,0.08692868439666043,2.503201453156017,5.855410320501903e-06
sub-063,0.5489175078558625,0.41616039722491244,0.32883829018124133,0.12950236629352876,1.9170365651894021,-2.9155018172613155e-07
sub-063,0.5671440611465248,0.25384607520268576,0.4110478627265517,0.16391329776757696,1.725818749925809,-3.061377152781622e-06
sub-063,0.5796184071489213,0.49977578757940566,0.49325743527186205,0.2312428958350824,1.0607480645921485,1.0319975531383598e-05
sub-063,0.5225583250778879,0.1918495630456092,0.4110478627265517,0.12074207124107035,1.9736889476604702,7.204175272705302e-07
sub-063,0.54736047730011,0.17029452819861465,0.24662871763593103,0.14868899364437918,1.9349213050679634,2.270059459339192e-06
sub-063,0.5216698442412047,0.3068345046665371,0.32883829018124133,0.11338676965836501,1.9732318046276034,1.0119327729566502e-05
sub-063,0.5752254580774614,0.45198512374305727,0.4110478627265517,0.2349899697044858,1.139510839547307,4.065976924344567e-06
sub-063,0.4458672852923583,0.29965826349849656,0.32883829018124133,0.10204207341167003,1.6987240969741781,1.183487978986924e-05
sub-063,0.4902368043636884,0.23732818630616626,0.32883829018124133,0.11626957016038565,2.0028441888961113,-3.9079309098057855e-06
sub-063,0.5855489678931255,0.3012262975595381,0.32883829018124133,0.14238240356853013,1.6625682861233384,3.277607412827131e-06
sub-063,0.5583790794098652,0.45866914417162896,0.6576765803624827,0.21513168688062514,1.312674591137792,5.299740133599263e-06
sub-063,0.5727098389396168,0.4368156379922405,0.32883829018124133,0.127046648961954,1.7785765606355717,1.5043788350655466e-05
sub-063,0.6101687041220221,0.14960521745558364,0.4110478627265517,0.10159424076682995,2.2761101006210773,4.928541732114707e-06
sub-063,0.5112143629645954,0.3062939196463801,0.49325743527186205,0.10795325611223368,1.4998388805316571,5.1274877044566455e-06
sub-063,0.5727098389396168,0.4367176516122688,0.5754670078171724,0.19867129950450427,1.4285260660068713,8.948175280203724e-07
sub-063,0.5462895804701012,0.3811160790978779,0.5754670078171724,0.1277460491798884,1.6988660616991496,3.2726217426645906e-06
sub-055,0.536576630837663,0.4117347211217598,0.49325743527186205,0.203872538248842,1.4130243511577125,2.9762591053443443e-06
sub-055,0.5583790794098652,0.3579985708692407,0.32883829018124133,0.15370488261189788,1.7664880232803146,4.1450756513730894e-06
sub-055,0.5340771952970603,0.3867729750960119,0.49325743527186205,0.17196301178764697,1.342612356639319,2.314469889514802e-06
sub-055,0.571147130544108,0.35728825275893816,0.5754670078171724,0.1711072522093586,1.788704711932716,-5.2868712474011156e-06
sub-055,0.5917637973754214,0.6123858239154869,0.5754670078171724,0.23525935414862287,1.1704983558650026,3.4973267046530135e-06
sub-055,0.5007588816879862,0.35901961089798656,0.49325743527186205,0.11373636166958563,1.8632430169691447,3.5707568402660716e-06
sub-055,0.5342500374545599,0.38429011097170573,0.49325743527186205,0.13755090527438898,2.0060280842646607,6.865163488649111e-06
sub-055,0.5968800640215814,0.3184537311185346,0.4110478627265517,0.21356402495693472,1.585004907531997,5.376539526674428e-06
sub-055,0.5240601892302358,0.3903704818856794,0.49325743527186205,0.17024450786564846,1.022513560919359,4.467739575371805e-06
sub-055,0.5909818381699268,0.38595229388458274,0.4110478627265517,0.17038595150806082,1.5365114907864634,-9.760854555365102e-07
sub-055,0.533013806354497,0.22923847658170635,0.49325743527186205,0.12642661723054693,2.0218798121489385,2.786123738508954e-06
sub-055,0.5896272954264788,0.5389965007326869,0.5754670078171724,0.20026042072680472,1.3573722405867807,8.003449914481054e-06
sub-055,0.5757366418814421,0.37425008876023996,0.49325743527186205,0.1953778353571508,1.4986444577484548,2.3151922034019227e-06
sub-055,0.4413932850972236,0.31185560898585696,0.5754670078171724,0.09584800257843266,2.3725152916954206,-3.993966546300301e-06
sub-055,0.5563089818174048,0.2717182214627669,0.32883829018124133,0.10185348176173727,2.3088800524239117,-1.780148139604896e-07
sub-052,0.6098983144299835,0.35052399007686336,0.4110478627265517,0.15855569698335711,1.8609728345551582,-3.897879190464855e-06
sub-052,0.6299469298710458,0.4689785138304903,0.49325743527186205,0.14869461340085077,2.3554993968874958,-1.625540045408728e-05
sub-052,0.5796184071489213,0.3966544784260094,0.4110478627265517,0.13220222844011237,2.225250577327234,-5.453259956697309e-06
sub-052,0.533013806354497,0.1965187783975325,0.4110478627265517,0.07947428919882016,2.77499492208588,8.448685310911558e-06
sub-052,0.6062223480496138,0.4095219088037787,0.5754670078171724,0.19668220779527631,1.5403481294588066,1.0478719965024458e-06
sub-052,0.5749189128170351,0.40040180615161763,0.4110478627265517,0.19881169719437086,1.5200975055512205,-2.524521417457397e-06
sub-052,0.5718220282306016,0.48285177172358457,0.6576765803624827,0.206552361281321,1.394311136299465,-5.132495887099982e-06
sub-052,0.5400684935393784,0.5959834321062977,0.5754670078171724,0.2287828385493584,1.4345025481416576,3.6557974817076303e-06
sub-052,0.5244838471383011,0.4655690321778698,0.4110478627265517,0.15923904164117678,1.5195675985418762,-4.7525789284731375e-07
sub-052,0.5384620265792534,0.2812179258318917,0.32883829018124133,0.11167088265744217,2.1909803511385677,1.4518599896918835e-05
sub-052,0.4802063670792377,0.33802382731263175,0.4110478627265517,0.1336569848192065,1.2065801323026737,5.4278498410893796e-06
sub-052,0.5617623146491274,0.37903185104000886,0.4110478627265517,0.16751425575130602,1.7857444986463962,1.5656635199845983e-05
sub-052,0.5765800008209093,0.6077873316087885,0.6576765803624827,0.24445306253628984,1.2622788648280325,1.679077634076021e-06
sub-052,0.5617623146491274,0.2914344220703313,0.49325743527186205,0.09498199719693184,2.3381588527675428,8.498355618266216e-06
sub-052,0.6352999688268951,0.29980343298412576,0.49325743527186205,0.22875764567163795,1.2597874209702402,-2.876861956134721e-06
sub-052,0.6584061348386285,0.3602828853149315,0.5754670078171724,0.15241856253930863,2.0809902797732476,-3.2891929364834855e-06
sub-052,0.6136789802651246,0.3104785005441647,0.4110478627265517,0.1339358271106019,2.374379224236004,-2.8836498840740183e-06
sub-052,0.5962803134573204,0.23787549084504128,0.49325743527186205,0.20041436415880756,0.8982831391736877,6.9163441477554665e-06
sub-052,0.5563089818174047,0.2954642128938359,0.49325743527186205,0.12406530600921076,1.8854476385921666,-1.1185211543225466e-05
sub-052,0.5620018617528243,0.41082705124954977,0.4110478627265517,0.17987363132040218,1.6428968475528511,1.24118866097547e-05
sub-052,0.6260005737986377,0.6671716941566845,0.5754670078171724,0.23833455756111968,1.3964907818588546,-2.8193084976043966e-06
sub-052,0.4621049470801048,0.4222722264245456,0.4110478627265517,0.15970154629426242,1.6779716138123826,1.1988525818870063e-05
sub-052,0.477365142321613,0.4653632496892333,0.49325743527186205,0.20150379294719173,1.1430313690309353,1.5827287654611542e-05
sub-052,0.548480135233914,0.22710918770755667,0.4110478627265517,0.10175066527739295,1.7889160578284558,-6.625148327507086e-07
sub-052,0.47122906817951754,0.3671042402357181,0.4110478627265517,0.1498945896447218,1.5659230660784484,9.226147827757078e-06
sub-052,0.5081564877288705,0.4712164856709448,0.5754670078171724,0.19572318779499726,1.424293187217979,2.3905675929908015e-05
sub-052,0.5752254580774614,0.6061358035703156,0.49325743527186205,0.22297771877645584,1.1884483028263775,-9.156332519046172e-06
sub-052,0.604620120632468,0.21357410029805904,0.32883829018124133,0.15161092921243335,2.2964556096630386,-1.962691344039379e-06
sub-052,0.5140283658616919,0.38688872253522893,0.49325743527186205,0.14406051400530856,1.6290104535630134,-1.3256767449794866e-05
sub-052,0.5878174413030132,0.3817629958013761,0.4110478627265517,0.16822539363900918,1.3696454080413343,-6.3746618271721356e-06
sub-052,0.5987112439007894,0.46676563397196014,0.4110478627265517,0.1691054975504284,1.8648673737768098,5.667528512955681e-06
sub-052,0.5966328362137155,0.4908249570593213,0.49325743527186205,0.17108541217378037,1.9138695552624339,-1.000482187386493e-05
sub-052,0.5909818381699269,0.36407989194531,0.4110478627265517,0.1520667308632102,1.950299540938624,8.27738447211507e-06
sub-052,0.571147130544108,0.3930425881096072,0.49325743527186205,0.152634249165146,1.929538902344199,3.983359724265016e-06
sub-052,0.5773619600264039,0.4347927232026844,0.49325743527186205,0.17323393713291727,1.8161117606377901,2.5653276229241242e-06
sub-052,0.5580861450245486,0.5942072327050416,0.5754670078171724,0.2354629544111354,0.9825154316136051,-5.458445197851416e-07
sub-052,0.5547505754535487,0.5084973340063996,0.6576765803624827,0.21229379506525423,1.3041368156789592,1.8028557055050195e-06
sub-052,0.6456236114151808,0.5090057870490047,0.32883829018124133,0.1830784958085837,1.875852048599121,2.2401575469503614e-05
sub-052,0.6136789802651246,0.5010694488206261,0.32883829018124133,0.16556739932883383,2.017805851928752,-8.569238209510082e-06
sub-052,0.597155558864402,0.3060926342949607,0.4110478627265517,0.21305037116871936,1.4402019338642504,-7.467617149671136e-06
sub-031,0.5198482001055424,0.19222262777666616,0.4110478627265517,0.0839010254035659,2.9661275570233196,3.846394399327587e-06
sub-031,0.5659482178252324,0.42956265968722485,0.49325743527186205,0.16131418895939714,1.9259323976939813,-1.0098310376479694e-05
sub-031,0.5917637973754213,0.29965826349849656,0.4110478627265517,0.1629764018979031,1.6553115289789084,-1.935311509580798e-06
sub-031,0.4928178290580529,0.23750797236124546,0.24662871763593103,0.11924886534962613,1.9069584789837153,1.0907406039331937e-05
sub-031,0.575969101468363,0.48265474679929443,0.49325743527186205,0.2348388900066286,1.288542807966846,-1.3401825251989688e-06
sub-031,0.6149896853095789,0.719122666963206,0.5754670078171724,0.2954307641203323,1.0689173198026651,1.3918661160944432e-06
sub-031,0.5342500374545599,0.3296462715508131,0.4110478627265517,0.1249936291934533,2.6670230099718504,4.0307037008977954e-08
sub-031,0.5340782978848966,0.3235479856402776,0.49325743527186205,0.1143502669203822,1.9520830632104764,-2.4867028315092333e-06
sub-031,0.5909818381699268,0.5242486440981314,0.49325743527186205,0.23813792062991085,1.24565886304761,-4.6116482156942335e-07
sub-031,0.5583790794098652,0.4629696025883556,0.6576765803624827,0.24813520056339025,1.267318921913793,-7.159688517579646e-06
sub-031,0.5332028158056714,0.31730232051349283,0.32883829018124133,0.1341443170840983,1.459038143757576,3.488313647766708e-06
sub-031,0.5949281942423349,0.4241572411203169,0.4110478627265517,0.12830968688418173,2.248316482372305,-1.533661869746317e-06
sub-031,0.6122386799993341,0.46455402447817085,0.5754670078171724,0.2565802331822414,1.2399528571478533,1.2758435481883608e-06
sub-031,0.478807800083868,0.27690997546986984,0.4110478627265517,0.09444433357791823,2.5878031146960514,7.095346479311896e-06
sub-031,0.5958298753702537,0.4528673470027482,0.5754670078171724,0.21325190200357708,1.2250872436101017,-9.873627358640291e-06
sub-031,0.6339061615696354,0.5690945318899665,0.6576765803624827,0.3024844788885012,1.1334180591845155,6.73141662860026e-07
sub-031,0.5342500374545599,0.3120311014620675,0.49325743527186205,0.14246808660438592,1.8493695407151443,-3.816179131022287e-06
sub-031,0.5968800640215814,0.4106870520893161,0.32883829018124133,0.13088189684188858,2.34935765358171,1.559598380936569e-06
sub-031,0.5547505754535487,0.41494385206270823,0.4110478627265517,0.185215925966206,1.490166072945712,2.418039013794893e-07
sub-031,0.5545261050778031,0.4802251833172736,0.49325743527186205,0.15796301149232134,1.7774455470748447,-2.61681835394818e-06
sub-031,0.6076308150108348,0.2674793651342615,0.5754670078171724,0.23612242418959198,1.28608635732909,9.150146523845485e-06
sub-031,0.6113395886865128,0.42172562897994476,0.4110478627265517,0.215379646512417,1.465945725739605,-2.823619394138751e-07
sub-031,0.5909818381699268,0.36545977349446523,0.6576765803624827,0.13752366586964138,2.098616553323467,6.043299088777765e-06
sub-031,0.5548256793282236,0.6210438866586014,0.5754670078171724,0.1933672647751065,1.735782720455015,4.6546530900232953e-07
sub-031,0.5400684935393784,0.2392296890658341,0.4110478627265517,0.09590438750777985,2.6163108457182638,1.244328284829962e-06
sub-031,0.5707108191664222,0.6409614273893751,0.5754670078171724,0.2322300694380855,1.1795044755026418,3.942612589589666e-06
sub-031,0.5707108191664222,0.3726752852851735,0.5754670078171724,0.12359005040938621,1.813909693044362,8.88369449455414e-08
sub-031,0.5090448359081111,0.4034907738044467,0.4110478627265517,0.15679776911453164,1.5880876750758146,3.7753406499298233e-06
sub-031,0.6339061615696354,0.5745414381520983,0.6576765803624827,0.25574202435373394,1.220750279593184,3.4775053499691175e-06
sub-031,0.5617623146491274,0.40319495957362517,0.32883829018124133,0.1471488999948983,1.784796538522265,-1.5004682273810985e-06
sub-031,0.5501959568383719,0.444380524357838,0.49325743527186205,0.1318475608802734,2.1293669406681293,1.2939188139326607e-06
sub-031,0.5580861450245486,0.46806376442790887,0.5754670078171724,0.18853294072477753,1.3125517981944532,7.182439207695858e-06
sub-031,0.5332050329105422,0.3534439233572859,0.49325743527186205,0.14190625353594086,1.8289727487051912,-2.905110539836548e-07
sub-031,0.5671440611465248,0.401440957808439,0.4110478627265517,0.2711783012559931,1.0670556940549156,4.183403133910434e-07
sub-031,0.5659482178252324,0.4563567154045537,0.5754670078171724,0.22584929386202102,1.4516448658091416,3.3491632028696866e-06
sub-031,0.6101687041220221,0.48550781578170077,0.5754670078171724,0.21692247192592487,1.4532278750848964,7.056254110666851e-06
sub-031,0.5318754369193467,0.259957524436926,0.32883829018124133,0.1469170713673707,1.272012867208056,1.484085768699971e-06
sub-031,0.5318754369193467,0.44236966504361536,0.49325743527186205,0.19643839429832516,1.3273940024086905,9.035279553312613e-06
sub-031,0.5080458620091366,0.33913063428782286,0.5754670078171724,0.14173833427988933,2.049199050600771,6.2844194055242155e-06
sub-009,0.575945022060763,0.39086630868701167,0.4110478627265517,0.2161874060705113,1.5420727315619587,1.6210213894633806e-06
sub-009,0.5242627601580012,0.30830135965451655,0.4110478627265517,0.10718712366805443,1.676250329115236,-7.429095903345566e-06
sub-009,0.39060162700172246,0.10686314554236126,0.24662871763593103,0.06907937408894384,4.511781584681659,7.4691539942026765e-06
sub-009,0.5966328362137155,0.31268337465719814,0.32883829018124133,0.09717689348271147,3.0670969813086932,2.9106953636891055e-06
sub-009,0.6101687041220221,0.22247887864101884,0.32883829018124133,0.11577247238211655,2.354700605445839,7.855879191831502e-06
sub-009,0.5691629258723122,0.5205344378929516,0.4110478627265517,0.2077082611563845,1.4022573367268008,1.1451158458863833e-05
sub-009,0.5923339573849121,0.21683438212094508,0.49325743527186205,0.15313458955336973,1.6984812012861776,-2.731518214602332e-07
sub-009,0.5547505754535487,0.5212969236332861,0.5754670078171724,0.2002032156506518,1.2990632948656073,6.73348637894312e-06
sub-009,0.5249096607162105,0.3487297956072967,0.49325743527186205,0.13454366961602263,1.2683271341486564,7.605833217801371e-06
sub-009,0.634589942818343,0.4380086558406358,0.5754670078171724,0.2692420339316031,1.155540173762964,-5.544153461453935e-06
sub-009,0.5489175078558625,0.262364264467491,0.4110478627265517,0.12055211998504617,1.73797684360982,-8.792807064578563e-08
sub-009,0.4469469084342476,0.2557712601707274,0.49325743527186205,0.17585037364424627,1.3889201974685226,1.108895889109555e-05
sub-009,0.5753693509041018,0.5108256237659907,0.6576765803624827,0.2825545848539172,1.0224221751596079,1.2172981895358398e-05
sub-009,0.604620120632468,0.5313919013474677,0.4110478627265517,0.20364639335063284,1.5225436059515,1.6494877526464242e-05
sub-009,0.48406848280926934,0.2579811196390954,0.4110478627265517,0.09399317475289871,2.5312875966080184,8.011796694901689e-06
sub-009,0.5952740735185239,0.5610292157325698,0.4110478627265517,0.18225953322084962,1.6659410958269445,1.6936684466524537e-05
sub-009,0.5249096607162105,0.24285324612577264,0.32883829018124133,0.0898966200429871,1.944143063215153,-1.0586539496214158e-05
sub-009,0.6198507879750239,0.684178510577185,0.49325743527186205,0.1935571827398624,1.7072850778658186,-2.813303805077317e-06
sub-009,0.5896272954264788,0.27698678333503296,0.4110478627265517,0.14409730254467895,1.5743161278056765,1.540327874193138e-05
sub-009,0.5583790794098652,0.42594363945170505,0.49325743527186205,0.1825205054739266,1.769855844477573,5.122752468224681e-06
sub-009,0.5822271001637388,0.17351092711179977,0.24662871763593103,0.11938386782285876,2.3350137505303294,8.462274114595386e-06
sub-009,0.5918835192978454,0.3294792011302423,0.49325743527186205,0.16400848875479287,1.6660609280312733,-1.1940848703729284e-06
sub-009,0.5707108191664222,0.20604911795490968,0.32883829018124133,0.11762085980947987,1.7856365276449762,1.4468260895878168e-05
sub-009,0.5318877431210838,0.33457829666114225,0.4110478627265517,0.1295828288848155,1.6698896521583124,8.568569626915305e-06
sub-009,0.5384620265792534,0.2093170611359663,0.4110478627265517,0.13394030233073037,1.4386033567940024,6.302991656377129e-06
sub-009,0.5877139714528952,0.24994174446893389,0.4110478627265517,0.0855956901094063,3.9546411543243667,9.135580324686234e-06
sub-009,0.54736047730011,0.3595946540420671,0.4110478627265517,0.11876451665655977,2.435208453597981,1.035523261930025e-05
sub-009,0.5007558765056858,0.357345859763966,0.32883829018124133,0.10883975428420792,2.1632262745715485,1.6875083257673844e-05
sub-009,0.5548256793282236,0.28001080195512945,0.4110478627265517,0.10080616986563044,2.8681830898861427,1.62261293333752e-05
sub-009,0.4486211737748711,0.3179674680406332,0.32883829018124133,0.10005177591331961,1.8640602757784202,4.2729769215008565e-06
sub-009,0.5987112439007894,0.5578058326901832,0.739886152907793,0.25468024632933034,1.2624239108342916,3.6084075074061115e-06
sub-009,0.5112143629645954,0.27698678333503296,0.4110478627265517,0.13123506047712433,1.8260045748954303,8.992456249610139e-06
sub-009,0.490661848355847,0.40947312950570314,0.4110478627265517,0.1189881267939093,1.5727094377752702,1.1183884103157621e-05
sub-009,0.5671440611465248,0.3078266385442483,0.32883829018124133,0.10396413699873536,2.272356564593866,-1.2412130404282278e-06
sub-038,0.5566903138216279,0.34802520235924944,0.4110478627265517,0.12247924510491102,2.5705018962260886,-9.174277093734026e-06
sub-038,0.5174735995703291,0.14550758367123828,0.24662871763593103,0.0781141965184305,2.736803000330092,-5.133778317456167e-06
sub-038,0.5878174413030132,0.4277377437172877,0.4110478627265517,0.14649592021333394,1.9164239511247687,-9.328525830299106e-06
sub-038,0.6159044319026156,0.4239596907443288,0.4110478627265517,0.15711092062382218,1.8369444424303896,-6.9808428766064335e-06
sub-038,0.6156758503815998,0.6325225587435105,0.5754670078171724,0.28651793070894505,1.105630462524527,-4.756548013985509e-06
sub-038,0.5734156039539957,0.48635276724726495,0.49325743527186205,0.27238175546951104,1.1422068040971491,-1.0187398653783613e-05
sub-038,0.6159044319026156,0.7099542988763266,0.5754670078171724,0.2775331993280195,1.232795343211194,1.738532566981132e-05
sub-038,0.606222348049614,0.4478443310770259,0.49325743527186205,0.15343238777449494,2.208240480790177,6.282427305102971e-06
sub-038,0.6169415550888252,0.5736020299101626,0.49325743527186205,0.3048519601036744,1.00979900815369,1.0247484281411927e-05
sub-038,0.6287908436226941,0.5450940806008056,0.49325743527186205,0.1878610412719316,1.8141768754429137,-1.1990184574029546e-05
sub-038,0.604620120632468,0.32200253078722224,0.6576765803624827,0.22178949407555637,1.3402056915003653,-4.9784558847531405e-06
sub-038,0.5654895407841538,0.4638371143300716,0.49325743527186205,0.15710021064113788,1.809988368893077,7.161749434135451e-06
sub-038,0.5691524128025661,0.7111656860626236,0.6576765803624827,0.2421774338294744,1.043572731585374,1.3301579611069264e-05
sub-038,0.592333957384912,0.5471156251711913,0.49325743527186205,0.24647600024883048,1.17924391957838,1.3854262385041825e-09
sub-007,0.5835647632213297,0.4256678154256838,0.49325743527186205,0.18601591770786038,1.4038083882288903,-6.557102067713755e-06
sub-007,0.511211357782295,0.3708595789306889,0.32883829018124133,0.13173262959800716,2.0051160964486336,4.732351167648579e-06
sub-007,0.5617623146491274,0.19282427899310386,0.32883829018124133,0.12998391862679992,1.8564956156302073,5.943007820994116e-06
sub-007,0.5684158347112485,0.29881391282062525,0.49325743527186205,0.1210757120192473,2.312786644693348,1.2394608340174812e-06
sub-007,0.5617623146491274,0.3677247801253174,0.49325743527186205,0.17852696638051987,1.3602159550165276,3.5265216890296456e-06
sub-007,0.5541825240632978,0.2788324571747983,0.4110478627265517,0.11146710307580968,2.381434569561324,-9.308662079735254e-06
sub-007,0.6062223480496137,0.4632846789969906,0.5754670078171724,0.17810768214854633,1.8812247174764871,6.9111900561485555e-06
sub-007,0.5987112439007894,0.3221682485229503,0.49325743527186205,0.14037634729972417,2.097996887559573,8.806039930438047e-06
sub-007,0.5835647632213297,0.4008247285516622,0.5754670078171724,0.23879900069133106,1.271706594766151,4.655027123084044e-06
sub-007,0.5718220282306016,0.3053816495511819,0.32883829018124133,0.13221092981560958,2.2313326551426176,-4.677604404805409e-06
sub-007,0.5527422237975074,0.5847378820527603,0.4110478627265517,0.178671726335479,1.6383209994393275,7.391047219775249e-06
sub-007,0.5502803436659474,0.46813621507094016,0.5754670078171724,0.15357822323770523,1.9132143390252911,4.556471270001464e-06
sub-007,0.5140247990436454,0.31278799358285725,0.24662871763593103,0.11870562298888776,2.0357470663285016,-2.887920457449414e-06
sub-007,0.571147130544108,0.34542306714129756,0.4110478627265517,0.15011198389554828,1.7596662479356606,7.3350784995416195e-06
sub-007,0.5423309181959558,0.4739329073856251,0.32883829018124133,0.14658220011017076,1.6895980000837978,-2.263244391183501e-06
sub-007,0.5671440611465248,0.38404267252075763,0.24662871763593103,0.11290261751709806,2.5044895818306285,-1.1246301939340081e-06
sub-007,0.5548256793282236,0.2770488161504121,0.4110478627265517,0.13196358833190186,2.038497140079089,4.931347035881779e-06
sub-007,0.6183353623460848,0.4628579061048171,0.5754670078171724,0.2209317020930883,1.5248756918934647,-1.9280778097008203e-06
sub-007,0.6090359673178275,0.5331106685554255,0.5754670078171724,0.2726598450711968,1.2888251931659902,1.3513399568854336e-06
sub-007,0.5828176720602658,0.4824261492442928,0.49325743527186205,0.1887792247377743,1.3166785400113974,-2.1478426524206104e-06
sub-007,0.575945022060763,0.3656005095442367,0.49325743527186205,0.15833775067521505,1.8663023056753252,6.678132217526731e-06
sub-007,0.5580861450245486,0.43969827975040654,0.4110478627265517,0.16139029633541335,1.7209510248069027,6.126817298824277e-06
sub-007,0.6122386799993341,0.14435495887010377,0.49325743527186205,0.08780060621109616,2.6715790992622157,-1.9955495435423263e-07
sub-007,0.5489175078558625,0.3692620594442038,0.4110478627265517,0.11305387817841707,2.063956074021721,-4.373252398678405e-06
sub-007,0.5617623146491274,0.4749911707567747,0.5754670078171724,0.1958022195178432,1.295259292041623,1.0317226622255382e-06
sub-007,0.5685843614123153,0.322773392263051,0.32883829018124133,0.1140347868961335,2.2896754058322655,7.052554284064694e-06
sub-007,0.6101687041220221,0.3984475354495178,0.4110478627265517,0.15326407145675616,2.0180091354200274,6.234195821810182e-06
sub-007,0.5818784761083029,0.32132043160061075,0.6576765803624827,0.24424804834403338,1.2166646467002304,3.881608826487896e-06
sub-007,0.5707108191664222,0.1791009420939124,0.4110478627265517,0.1021379766436728,1.8765163905843418,-4.781501303602643e-06
sub-007,0.5691524128025661,0.39575629398120343,0.49325743527186205,0.14830743781136374,1.7327140663866485,1.3687228873772629e-05
sub-007,0.6011307058722275,0.37613749301364435,0.4110478627265517,0.17762686731539915,1.5112561040955996,1.0441708128733645e-05
sub-007,0.5671440611465248,0.43286408229627876,0.4110478627265517,0.1303921588468771,1.9668461252400513,8.033389863756403e-07
sub-007,0.5818784761083029,0.31935341628943226,0.4110478627265517,0.15588594361889546,1.7288703600658206,4.221665510505344e-06
sub-053,0.5646821810149647,0.3650555697702878,0.49325743527186205,0.1451111665962371,1.7212123162245376,1.4275064587934658e-06
sub-053,0.4996265285126745,0.3323989112335771,0.4110478627265517,0.08888938543967094,3.0189930943242076,-1.595051936489942e-06
sub-053,0.5718220282306016,0.5890069213073483,0.49325743527186205,0.20473478915140533,1.1827100902121175,-3.0137045963488854e-06
sub-053,0.5251251767721081,0.4495250979021948,0.49325743527186205,0.16764170769785905,1.3844266454126108,4.7479143298026794e-06
sub-053,0.611577171083243,0.34864277224146806,0.6576765803624827,0.20873809513975028,1.5794943122970915,-1.4488992801667238e-05
sub-053,0.5249096607162105,0.41871033485818493,0.4110478627265517,0.16362854161646195,1.3610937795430709,-4.69313921188751e-06
sub-053,0.5757366418814421,0.2691874898156165,0.4110478627265517,0.15562544715464624,1.5293322442233483,-2.832676508657116e-06
sub-053,0.5100820097892836,0.27820332849723717,0.4110478627265517,0.11131510795154023,2.015402807823578,4.756701038161395e-06
sub-053,0.5195003171847205,0.2992428948528569,0.4110478627265517,0.1362064831170351,1.27303370691984,-8.249868625828858e-06
sub-053,0.5563089818174048,0.5045560107523953,0.6576765803624827,0.20813090052573505,1.2894920016998632,-1.8180492270168964e-06
sub-053,0.4712325583477264,0.3409265869705932,0.49325743527186205,0.11099175262700145,1.388260553093625,2.246049166845562e-06
sub-053,0.5962803134573204,0.3925617032722565,0.4110478627265517,0.1521538234522982,1.8299033171436856,1.8808571751552641e-06
sub-053,0.4802063670792377,0.10444266336759739,0.4110478627265517,0.11494117665324326,1.1269116665317591,-2.5674681547878705e-06
sub-053,0.42544529035807227,0.26469255422708216,0.4110478627265517,0.10873179737618453,1.5830463963599852,8.315438713281288e-09
sub-053,0.6110433292371705,0.3223502013976578,0.49325743527186205,0.17555838083540815,1.4785909330371412,-6.698068931394237e-06
sub-053,0.5476046531546888,0.4989911661189879,0.49325743527186205,0.2176670551150474,1.0173713164583755,-3.515713564815081e-06
sub-053,0.4392244890572509,0.30140655487734663,0.4110478627265517,0.11656136056832113,1.777649241889105,2.650176813379712e-06
sub-053,0.5476046531546888,0.40817146970590734,0.4110478627265517,0.17115825985866398,1.2512994607851038,-1.980129606587888e-06
sub-053,0.5583080015905993,0.234234238008368,0.32883829018124133,0.10186620732168448,2.4469337076722604,5.696658343507004e-07
sub-053,0.5225583250778878,0.30421137440299145,0.4110478627265517,0.18647435200661802,1.1848905179344722,4.696431325638189e-06
sub-053,0.5501959568383719,0.3093577979308213,0.4110478627265517,0.10429625556719753,2.908633757774301,5.384022499574478e-07
sub-053,0.4647597101860063,0.2938511234784961,0.4110478627265517,0.09571676321107303,1.9273435890921133,-2.0456491604770557e-06
sub-053,0.5878174413030132,0.20706404593986155,0.32883829018124133,0.09380313969564634,2.5581044497066165,4.501976709048591e-07
sub-053,0.6110433292371705,0.2534489008095387,0.49325743527186205,0.1054645596739638,2.597920184083073,2.8707014825654885e-06
sub-053,0.5855489678931255,0.177760545466392,0.32883829018124133,0.1185019973542003,1.856838618008536,6.963278628874452e-06
sub-053,0.5718220282306016,0.37421256460406,0.49325743527186205,0.18298824119884946,1.3787621383017927,5.786799694223871e-07
sub-053,0.4075922514736186,0.23314919343153087,0.4110478627265517,0.11426400175197084,1.2014033879212707,1.560485315297337e-06
sub-053,0.5547505754535487,0.35667494393873245,0.4110478627265517,0.1503730910608984,1.6805292616685805,6.742258625798581e-06
sub-053,0.48938604018507104,0.44065141723320816,0.49325743527186205,0.1759527028318628,1.1442334038450819,-1.7737428328687873e-06
sub-053,0.49464299855909366,0.38064993898844046,0.4110478627265517,0.16253867136886765,1.38941758410923,-2.506169277489028e-06
sub-053,0.5740172316891166,0.5166907432183888,0.5754670078171724,0.18975144327672128,1.655901006285559,3.626975840897348e-06
sub-053,0.5042142142188898,0.4403118394383325,0.5754670078171724,0.16568646662818068,1.5898626262753903,7.608603039899777e-06
sub-053,0.5646821810149647,0.2782797197733905,0.32883829018124133,0.11459137794644969,1.970544662761411,-3.0484419820593096e-06
sub-053,0.4928178290580529,0.27945157331526543,0.4110478627265517,0.12474115013230912,1.5231175357041031,1.0672037981117725e-06
sub-053,0.5918835192978454,0.19530875232076572,0.4110478627265517,0.13283406755798344,1.9485394984673077,-4.849630401277139e-06
sub-053,0.5340771952970603,0.2759310559162621,0.4110478627265517,0.13500346665082766,1.6695150512087922,2.0938006680012914e-06
sub-053,0.5380246539573047,0.20576494998389427,0.24662871763593103,0.10299833006371586,1.5663400133672853,-2.854369658018174e-06
sub-053,0.5818784761083029,0.3948267099031086,0.49325743527186205,0.17452517559772482,1.631245359575089,1.8744911672706123e-06
sub-054,0.5684158347112485,0.5578931346239764,0.49325743527186205,0.17031273873785802,1.722256317237389,-2.995946858259562e-06
sub-054,0.5909818381699268,0.5027934520687264,0.49325743527186205,0.22807605321018168,1.3401232402078078,1.6912906409443006e-06
sub-054,0.5007588816879862,0.38353003124190876,0.4110478627265517,0.13030039523593542,1.6796348987785228,2.4140101060874232e-06
sub-054,0.5580861450245486,0.5283187812135078,0.49325743527186205,0.18629320122849385,1.4075102421775638,3.235523664069255e-06
sub-054,0.5617623146491274,0.49491016846009117,0.49325743527186205,0.14705383962672272,1.8698185792439537,-7.9149381775221e-06
sub-054,0.5419071444683873,0.3167583365332899,0.32883829018124133,0.1493612011101549,1.5752093759408277,1.5882324293531242e-05
sub-054,0.534515670506845,0.2966622482593652,0.49325743527186205,0.21011096385015346,1.310962646043006,5.366948187171687e-06
sub-054,0.5214322618444747,0.6035350218702582,0.4110478627265517,0.20271479833932846,1.4945605916104723,9.457109204471452e-06
sub-054,0.597155558864402,0.6136830092056985,0.5754670078171724,0.21839516444754076,1.288000990324987,8.983454902524238e-06
sub-054,0.5240601892302358,0.44413424926731854,0.49325743527186205,0.2178080520025584,1.130579740169132,9.825874779851643e-06
sub-054,0.548480135233914,0.4640806109426135,0.49325743527186205,0.1558262829717894,1.4604954397846028,1.6713678993953704e-05
sub-054,0.5749189128170351,0.4663738611951568,0.4110478627265517,0.16437886690148504,1.7783690856020415,1.5021956097412842e-05
sub-054,0.5717902858090338,0.2328523654411707,0.49325743527186205,0.16310038483915615,1.4383882301141,9.021079121790205e-06
sub-054,0.5909818381699268,0.4940185054496094,0.4110478627265517,0.17684726187952707,1.7178063987025975,1.5987753643155103e-05
sub-054,0.5929337079491732,0.455136717905402,0.4110478627265517,0.17329318856171563,1.6029397225186672,3.2429984567111113e-06
sub-054,0.5757366418814421,0.4241572411203169,0.4110478627265517,0.21473621027194356,1.3832269798808972,1.0742575006423657e-05
sub-054,0.5646821810149647,0.4338645826298623,0.4110478627265517,0.16604279511059658,1.476149832389263,1.2374992922708654e-05
sub-054,0.5574201908815841,0.569352963213281,0.49325743527186205,0.22763763734926545,1.0644575370357703,-9.83663894093702e-06
sub-054,0.5750934866165163,0.48550781578170077,0.4110478627265517,0.1934888764191225,1.346712232263805,7.558261189406504e-06
sub-054,0.5563089818174047,0.3159667862903629,0.32883829018124133,0.1303112425902472,1.6559958303540716,1.7164985462008807e-05
sub-054,0.5896272954264788,0.4824261492442928,0.4110478627265517,0.15578728666137673,1.7327056847010414,1.1862352922160806e-05
sub-054,0.536576630837663,0.322773392263051,0.4110478627265517,0.19345784464466478,1.1489995674055427,1.3797988147561845e-05
sub-054,0.5462895804701012,0.43915895389463705,0.49325743527186205,0.2147053004415854,1.0930662084695646,2.6564404090191587e-06
sub-054,0.592333957384912,0.5123629030848772,0.49325743527186205,0.14770492720791795,1.8277895744436519,7.717204660719183e-06
sub-054,0.5430183535325668,0.4584118810819504,0.5754670078171724,0.15616083112036983,1.8214509385504958,1.2157679165030444e-05
sub-054,0.4922355317187209,0.1751451528235118,0.32883829018124133,0.10414458772383217,2.572540488269443,9.218176381744051e-06
sub-054,0.5753693509041018,0.4437613931854449,0.739886152907793,0.22687482745233278,1.2204419449038406,-7.104755549322164e-06
sub-054,0.5757366418814421,0.2711527705005704,0.4110478627265517,0.1189347022501807,2.4734647275817423,1.7904141949031065e-05
sub-054,0.4786740293879764,0.2741987221144939,0.4110478627265517,0.12179901964983214,1.7366789142230297,-1.7182219045289606e-06
sub-054,0.5502803436659474,0.3088382724190926,0.4110478627265517,0.09183870421855686,3.1011022095998144,-3.047390448661795e-06
sub-054,0.529224986254809,0.3827133511247484,0.4110478627265517,0.1258917112738715,1.6396906144804484,2.1361841564959946e-06
sub-054,0.5423309181959558,0.4634029452143835,0.49325743527186205,0.17436041800801547,1.3332870575349316,5.917790735095034e-06
sub-054,0.5707108191664222,0.3330100288927421,0.49325743527186205,0.18396687095222358,1.3180717986315214,1.5186180845638615e-05
sub-054,0.5213922821403371,0.39107637065606476,0.5754670078171724,0.13538652033280643,1.9514557425521872,1.4910806923999844e-05
sub-054,0.5685843614123153,0.1836127125575745,0.4110478627265517,0.1673731470250645,1.3586741595936156,-3.2369044849814446e-07
sub-065,0.5962803134573204,0.5217249142240263,0.49325743527186205,0.2467214837965625,1.2321803597223469,2.3375696562053736e-06
sub-065,0.619622206454008,0.6931471805599453,0.5754670078171724,0.25881019095819946,1.2659637974655398,1.137538423353957e-06
sub-065,0.6156758503815998,0.5579724021916928,0.6576765803624827,0.2629645362001057,1.2166975603321404,7.019003764307598e-06
sub-065,0.5473604773001101,0.47127832667773617,0.4110478627265517,0.19720198161227662,1.4502727478827793,-6.410967780994285e-06
sub-065,0.5685843614123153,0.4940185054496094,0.4110478627265517,0.17139255085463867,1.8331988292182761,1.4201985991013198e-06
sub-065,0.5814280380212363,0.6449450787420676,0.5754670078171724,0.22802148421371007,1.3300069947739628,-2.4616455414675412e-06
sub-065,0.5244838471383011,0.2734300497445795,0.32883829018124133,0.16783026544413654,1.5502151168723963,-8.076981477173684e-07
sub-065,0.5828176720602659,0.5059356384717989,0.5754670078171724,0.20515086984392655,1.5389152021209858,3.753037532242265e-06
sub-065,0.5917637973754214,0.39759105167725844,0.4110478627265517,0.16057899848640228,1.8003096789176047,-2.051110576039423e-06
sub-065,0.5318754369193467,0.259957524436926,0.4110478627265517,0.1732083200800094,1.4356695988376367,2.8073581556119592e-06
sub-065,0.5734156039539957,0.47519844612283957,0.49325743527186205,0.15337065595844,1.7195508283506844,-8.519882522084619e-06
sub-065,0.5917637973754214,0.4382549309311553,0.5754670078171724,0.21091831040123213,1.3285757979597128,8.855171784053082e-06
sub-065,0.5989398254218053,0.567520967442536,0.6576765803624827,0.26698047079593984,1.1127390439616691,-3.2521037775009937e-07
sub-065,0.6392463248993032,0.5860490450035782,0.5754670078171724,0.2993726310280612,1.131013207656392,-1.0061006590342083e-05
sub-065,0.5718220282306016,0.2896332925830427,0.49325743527186205,0.15423644710762155,1.7026345632942974,-6.423726495460612e-06
sub-065,0.5805263568933177,0.4671906878691208,0.6576765803624827,0.1989741606233231,1.738729198523354,2.7690378055481187e-06
sub-065,0.6159044319026156,0.678962545567989,0.49325743527186205,0.22546244078839472,1.478273029160603,-1.9859450328528785e-06
sub-065,0.6511893674491889,0.3325326386171328,0.32883829018124133,0.12379641753145393,2.6318832011891633,-1.8282340026405064e-06
sub-065,0.6149896853095788,0.5352441511141366,0.4110478627265517,0.17100848097962115,1.8239905304277975,-4.526903724585529e-06
sub-065,0.6122386799993341,0.486284514849873,0.49325743527186205,0.20695962656975367,1.4038914808413903,-5.003561119993243e-06
sub-065,0.6159044319026156,0.40804575470165605,0.4110478627265517,0.19818781935693283,1.5294652337359291,-5.763531004154156e-06
sub-065,0.6036844589384265,0.4008884410807526,0.5754670078171724,0.18117172616231855,1.73686337397442,3.4566994762640677e-06
sub-065,0.6327371996951022,0.381014012244,0.24662871763593103,0.1432191692335534,2.21655577406847,-9.721573238777056e-07
sub-065,0.5620018617528242,0.505684224265572,0.5754670078171724,0.18553300204408732,1.7436927192750946,3.2736597829089965e-06
sub-065,0.5318877431210838,0.29423947299793995,0.4110478627265517,0.09715495113534768,2.6719144023626282,-3.7015558871619214e-06
sub-065,0.6117294943091914,0.549714716952711,0.49325743527186205,0.2170967882480106,1.502085180504997,8.417899169914941e-07
sub-065,0.5909818381699268,0.41119578281714947,0.49325743527186205,0.24321024822481432,1.0022409858036794,5.21954517245148e-07
sub-065,0.5923339573849121,0.40215931997366494,0.5754670078171724,0.28067474739507864,0.9953210346174346,1.5047806917618144e-06
sub-065,0.5646821810149647,0.2709614256647026,0.4110478627265517,0.1371315707458895,2.192224366408898,-5.0752575940632815e-06
sub-065,0.586764028132674,0.45742484703887537,0.49325743527186205,0.1947633457791416,1.2609835056598286,4.3231894768363424e-06
sub-065,0.586764028132674,0.4772090129670057,0.49325743527186205,0.22184750033014658,1.2968330939593273,4.308204829823229e-06
sub-065,0.5563089818174047,0.5622098231124693,0.5754670078171724,0.22432078874435923,1.4156594144811014,-7.299085634640717e-06
sub-065,0.6325096990028387,0.4425688583115416,0.739886152907793,0.29200412098954615,1.1487586480844154,3.3625068284958003e-06
sub-065,0.5527422237975074,0.48985250038571176,0.5754670078171724,0.239007837476138,1.3268122591685558,-8.501992777983605e-06
sub-065,0.6138446705023917,0.5770750093071912,0.6576765803624827,0.2308857120243219,1.5420150686013907,1.377870833543912e-06
sub-065,0.6364560550752469,0.5170561735166267,0.49325743527186205,0.2128361707976624,1.7059157090773578,1.1211549511397475e-05
sub-065,0.6156758503815997,0.561087458546879,0.739886152907793,0.22450234543997533,1.354320225417686,-3.1985851802028197e-07
sub-065,0.6156758503815998,0.6267020811517926,0.5754670078171724,0.2474102463089663,1.4519847616613584,-3.2972094119848014e-07
sub-065,0.5723621907836566,0.4026600571805558,0.5754670078171724,0.23455772590968882,1.3262341927617376,-7.902154095966898e-06
sub-065,0.6189360413819871,0.46518434280978666,0.49325743527186205,0.14053444571964438,2.1292614241517276,7.855758453492482e-06
sub-065,0.5671440611465248,0.46770741698538537,0.49325743527186205,0.18161993470454882,1.4713425114142418,-1.054871473591373e-05
sub-065,0.570852834822203,0.3987761199573677,0.5754670078171724,0.18623278843042906,1.8162299560790873,-3.266776809474066e-06
