subject,pe,se,lz,hjorth_mob,hjorth_cplx,p300,dataset
sub-001,0.44683644325885197,0.21406513885445147,0.23593462794463968,0.07896122222575161,1.4970767052992862,1.1702382239015197e-06,primary
sub-001,0.49044594179738504,0.290378218598362,0.2831215535335676,0.1146980492919651,1.0486589684740955,-6.569207387072767e-06,primary
sub-001,0.48484730543391463,0.4616022949281465,0.33030847912249556,0.1260846761806954,1.074454435998267,2.3829629534805975e-07,primary
sub-001,0.505046667040039,0.29266961396281993,0.2831215535335676,0.10209812648868362,1.3337839764490504,7.074830014667115e-07,primary
sub-001,0.4752619447337092,0.15469124960094954,0.23593462794463968,0.061245914649673924,1.8911607073223984,2.223184212523183e-07,primary
sub-001,0.48958695983087336,0.19872838155638844,0.23593462794463968,0.06059581376189271,2.0483663984180605,-2.284848402453157e-06,primary
sub-001,0.4934702929298053,0.2793832696370859,0.18874770235571173,0.0873817380517693,1.3631569792482798,2.48404134661436e-06,primary
sub-001,0.5179898458198989,0.2831821671289285,0.4246823303003514,0.12049421423999726,1.1862652222991716,-1.6210590691773656e-06,primary
sub-001,0.5004695691671727,0.10401733211135862,0.18874770235571173,0.04868111407439682,2.247363909103204,4.325177658770096e-06,primary
sub-001,0.48540164664858326,0.2908739040795571,0.23593462794463968,0.08469853741481631,1.4485503635998729,-2.438748114839157e-06,primary
sub-001,0.47871153371433833,0.276566096511873,0.2831215535335676,0.10122277941676133,1.22040221814608,-5.195600167828275e-06,primary
sub-001,0.46678574894368535,0.3422083900167377,0.23593462794463968,0.09438113494831149,1.3116951614244712,-1.9483891376891394e-06,primary
sub-001,0.4587865448008066,0.2398914086154325,0.2831215535335676,0.07295712298282105,1.493548207322437,6.171159515248979e-06,primary
sub-001,0.4822733655483624,0.09623616171319337,0.2831215535335676,0.05305037971592519,2.444528895636389,-5.699237108507097e-06,primary
sub-001,0.5034102409331138,0.32449604557449724,0.2831215535335676,0.09249094018971801,1.5747368118156362,-3.856600504680997e-06,primary
sub-001,0.4586193868980292,0.23748227188560164,0.2831215535335676,0.0681639806614467,1.2406992078793828,-1.62061141058833e-06,primary
sub-001,0.4022045547576038,0.18165064096872097,0.23593462794463968,0.06452716282337168,1.2744618626781221,7.492964091533215e-06,primary
sub-001,0.47480254393791327,0.24585029794034352,0.23593462794463968,0.09083928021161333,1.200283242826475,-1.0334163575073173e-06,primary
sub-001,0.4545783386695947,0.2113090936672069,0.23593462794463968,0.0669043620729231,1.6913372448101616,-3.22223850066579e-06,primary
sub-001,0.469669694188464,0.13844842773094526,0.23593462794463968,0.0536645431734649,2.6607309645939177,2.5807253082852155e-06,primary
sub-001,0.4721201509846129,0.2933909366721011,0.23593462794463968,0.0830964351016705,1.4011841108505816,-8.232776894208956e-07,primary
sub-001,0.41997389033098087,0.1463795351023716,0.18874770235571173,0.054810399233336735,1.9850291063612668,1.6416985564541845e-06,primary
sub-001,0.484076179928924,0.2304978131418956,0.18874770235571173,0.09156142689480198,1.38365074365019,4.056592293187776e-06,primary
sub-001,0.4714800033901207,0.22222485579713716,0.23593462794463968,0.07587675350359388,1.2848966937186106,3.1223445800726294e-06,primary
sub-001,0.47721031950085685,0.27373130719544836,0.18874770235571173,0.07873810835692728,1.2710844917029391,-7.311753685000729e-06,primary
sub-001,0.5304325019550014,0.1930213045335678,0.23593462794463968,0.07041736104509515,1.7537375138890803,-2.966900131354437e-06,primary
sub-001,0.4558317204154046,0.22273109513183129,0.2831215535335676,0.08603945024487292,1.0772593996532651,-1.8878955494566854e-06,primary
sub-001,0.4978011466794933,0.28993686483887,0.23593462794463968,0.10379265778837723,1.413219501199542,2.536004819071836e-06,primary
sub-001,0.48639556978981857,0.3190571950195347,0.2831215535335676,0.09113521363516508,1.5120661391819359,4.3246514788254495e-06,primary
sub-001,0.5043265968036498,0.34417976608269135,0.2831215535335676,0.09646537681298463,1.4743796921297936,-3.4602570813055826e-06,primary
sub-001,0.3830288171706731,0.2078398794331956,0.23593462794463968,0.06280487714834299,1.5593523433278256,2.9171649983865296e-06,primary
sub-001,0.45432394004311916,0.258041491165487,0.23593462794463968,0.08274804072064595,1.2150124405716456,4.006210554034165e-06,primary
sub-001,0.4822733655483624,0.15048095093829583,0.23593462794463968,0.06747803066767377,1.56937827713338,9.63730347884808e-06,primary
sub-002,0.5076775495685366,0.3754842758962285,0.37749540471142345,0.12112145727260129,1.2242736977495619,8.418581226807917e-06,primary
sub-002,0.518397952681284,0.28907774609075565,0.4246823303003514,0.10011749454085596,1.4509999189504144,2.6925592291660135e-06,primary
sub-002,0.4904085485663873,0.2580333785296511,0.4246823303003514,0.0920639994603512,1.5344160579820876,3.2684466398434434e-06,primary
sub-002,0.45891177942974015,0.23374810456300685,0.33030847912249556,0.09001702545840709,1.5035950127678326,7.0758176876933595e-06,primary
sub-002,0.4448545263436244,0.22596784207597165,0.23593462794463968,0.07449332108267916,1.3822241242930982,-3.6245532846383367e-06,primary
sub-002,0.444986511862903,0.2045721657287744,0.23593462794463968,0.06362713281920121,1.411454308705182,-8.570822379359125e-07,primary
sub-002,0.48540164664858326,0.36542390613196796,0.33030847912249556,0.13818290307080525,0.9731426711997025,1.8962648931900873e-06,primary
sub-002,0.5006661287538834,0.38781759129458615,0.33030847912249556,0.10708276564330688,1.3035985664266434,1.2068024002830545e-05,primary
sub-002,0.4837516932807236,0.39221286009424605,0.2831215535335676,0.11044589708305613,1.1503407745628242,2.11889013048998e-06,primary
sub-002,0.48756216618376685,0.2846488424962383,0.2831215535335676,0.0914981530283611,1.4173368661214905,-4.648918538866969e-06,primary
sub-002,0.47016731668085593,0.27426625545910854,0.33030847912249556,0.08486052313259784,1.117955034656986,5.026572514919961e-06,primary
sub-002,0.46723117208714615,0.31122817766900046,0.33030847912249556,0.08854057618330263,1.250843045615825,2.5960863115978486e-06,primary
sub-002,0.4772055521755715,0.10591111149507344,0.23593462794463968,0.044924076771145544,2.8312485309968904,5.133119776162587e-06,primary
sub-002,0.5012679377760653,0.26871243145949303,0.23593462794463968,0.09626378867801574,1.3430666165943002,1.6315389568892425e-06,primary
sub-002,0.4550083502781006,0.32168243347490694,0.33030847912249556,0.09328769742344657,1.2671491473416356,5.580814717889051e-06,primary
sub-002,0.4736213651980944,0.21223683106307514,0.23593462794463968,0.07495014717656741,1.5642046150385822,-1.2419629752841645e-06,primary
sub-002,0.4558317204154046,0.22830263412423712,0.23593462794463968,0.06965869041648212,1.4264292339916447,-5.398348844256097e-06,primary
sub-002,0.4938109436069384,0.2792937668251461,0.33030847912249556,0.08341513723888466,1.873626001339459,5.101725364690354e-06,primary
sub-002,0.5079814837119813,0.28008572555984623,0.2831215535335676,0.08686659919135623,1.442688562051888,5.275251706232298e-07,primary
sub-002,0.48958695983087336,0.23174540586215472,0.4246823303003514,0.09762042351403019,1.207584574303408,-1.5455770324675795e-06,primary
sub-002,0.45516684889539094,0.272778666949206,0.2831215535335676,0.0986705448529529,0.9872859262656961,5.1008617211838215e-06,primary
sub-002,0.49185872624856797,0.23127980231515635,0.23593462794463968,0.08701125083613297,1.3673823349377088,1.2497283867348495e-06,primary
sub-002,0.4987099557639656,0.1956985355505445,0.4246823303003514,0.09475401150562435,1.4170367929118026,7.55462241410438e-06,primary
sub-002,0.45937841405922347,0.21919209260228228,0.23593462794463968,0.08007311036503394,1.3189054475953068,2.22210980158965e-06,primary
sub-002,0.5054522473385414,0.2521241449243366,0.23593462794463968,0.07960452391654195,1.7280847711038292,3.5240269894208094e-06,primary
sub-002,0.39161385243262276,0.2217183245637449,0.23593462794463968,0.07033926895815068,1.5501954947569094,-2.8234768511495523e-06,primary
sub-002,0.4417462747426079,0.2478361639045812,0.2831215535335676,0.0822780423530508,1.3101890248264447,1.1806598331558385e-06,primary
sub-002,0.5176325798160613,0.36029460541549013,0.33030847912249556,0.11352411473669625,1.2716411598228596,9.900396735062032e-06,primary
sub-002,0.47141862711649235,0.27237049207936037,0.23593462794463968,0.07991328137151547,1.4819977909882638,-3.646249265197831e-06,primary
sub-002,0.48069000244413135,0.28282061416553583,0.33030847912249556,0.10755432630617773,1.1754077226774502,6.220813338548499e-07,primary
sub-002,0.4805507453691136,0.28040507919838253,0.23593462794463968,0.09062147841073136,1.4578203091964594,-2.643850335705004e-06,primary
sub-002,0.46009851879434466,0.34707678987001,0.23593462794463968,0.09576616305383283,1.367355256741691,2.1956338754349392e-05,primary
sub-002,0.4719895411916225,0.34281790927730615,0.23593462794463968,0.11202397864295656,0.9035267102340081,-1.8629907937443674e-06,primary
sub-002,0.47272097167395827,0.36872328245490693,0.33030847912249556,0.1075079621724799,1.0318009755065431,-7.999055264916074e-06,primary
sub-002,0.4976998481538967,0.282719283109652,0.2831215535335676,0.08802353458852848,1.6000379461038352,2.7880994990570257e-06,primary
sub-002,0.4061290590940838,0.14677661937454325,0.18874770235571173,0.05526691007127769,1.8176615480140423,-5.009077459410939e-07,primary
sub-002,0.5059589328879753,0.41449451482755867,0.2831215535335676,0.11162478353484127,1.2518897287503876,4.993264363437643e-07,primary
sub-002,0.4732925945088999,0.2900526780661173,0.23593462794463968,0.0891545806075175,1.556669018554135,-1.7437774086047357e-06,primary
sub-002,0.49362121162026323,0.19391037454780394,0.23593462794463968,0.06386344602288167,1.7730032210530604,-3.4596653921623414e-06,primary
sub-002,0.5057562972701274,0.14761975356794962,0.23593462794463968,0.06479794260139228,1.7834705844692125,-5.146937900721317e-07,primary
sub-002,0.48645887211515215,0.20683840358203984,0.23593462794463968,0.07851884773402854,1.4648409271885738,4.510566503785769e-06,primary
sub-002,0.49120310083123603,0.2525119680244794,0.37749540471142345,0.08526921009532534,1.2517638285581436,4.64381629770033e-06,primary
sub-002,0.5340126828942373,0.31352180303430227,0.2831215535335676,0.10317951866086461,1.5631804718435902,1.065426472227153e-06,primary
sub-002,0.516228625607481,0.36959919491966764,0.37749540471142345,0.10793800074721965,1.3774304432005042,7.0870850306144584e-06,primary
sub-002,0.5078801851863846,0.41448772570780185,0.37749540471142345,0.14237089169780348,0.8471373200844682,3.112017985608321e-06,primary
sub-002,0.4732213141710635,0.25249576332673723,0.23593462794463968,0.07720831866468167,1.260135112774078,-1.3851984863846606e-06,primary
sub-002,0.4303882973556318,0.21037950958911208,0.2831215535335676,0.06025722541628056,1.8986773510822228,-4.783851298418205e-07,primary
sub-002,0.46387671331705066,0.16134783204574413,0.18874770235571173,0.05907608551701257,1.7515812526881211,6.997504377548147e-06,primary
sub-002,0.4535292183817853,0.2754350988418077,0.2831215535335676,0.08300101742094636,1.1324148642156064,-1.8402896390364108e-06,primary
sub-002,0.4841916800165828,0.1950492704181725,0.2831215535335676,0.07618984673981476,1.3172184759458088,3.815132289992968e-07,primary
sub-002,0.456950784922398,0.21486392377108507,0.2831215535335676,0.06983706266309815,1.7393404294284347,-5.467048393088092e-06,primary
sub-002,0.485854913747866,0.2526630461521996,0.2831215535335676,0.0741616368913554,1.6074372797423955,4.1214323033648754e-07,primary
sub-002,0.5004695691671726,0.38801265815693825,0.37749540471142345,0.12204706774566958,1.1835067197284104,-2.5986851883249484e-06,primary
sub-002,0.4825755390162201,0.2616994813284996,0.23593462794463968,0.09903903170438896,1.3155181728332008,5.898249099561049e-07,primary
sub-002,0.4675996296812761,0.3146345030515392,0.2831215535335676,0.09709675845073493,1.1081445245683936,6.523533719328387e-06,primary
sub-002,0.4400113521536076,0.18365875333820414,0.2831215535335676,0.05910924628419006,1.31308525737755,-2.772601409013984e-07,primary
sub-002,0.4825755390162201,0.23965465838000208,0.23593462794463968,0.07453746885264873,1.2466339361253316,-2.2436846653824938e-06,primary
sub-002,0.45906651332288256,0.28262517166280715,0.2831215535335676,0.07518780526345145,1.1958443927122944,2.521084706746502e-06,primary
sub-002,0.4657095508593051,0.15446738608485402,0.23593462794463968,0.06321246497469843,1.3222193778368476,5.8129328156480395e-06,primary
sub-002,0.4862072779741165,0.23916604817017315,0.33030847912249556,0.08626844545723047,1.3403184209289383,5.144134075452043e-06,primary
sub-002,0.45695078492239793,0.34574587340654206,0.2831215535335676,0.08844203724416609,1.4727954703336186,-4.029479818032832e-06,primary
sub-002,0.5045394012231929,0.28079392167512474,0.37749540471142345,0.10847431908201795,1.142060992276274,-7.786782677665552e-06,primary
sub-002,0.4354784658718757,0.15451227809552667,0.18874770235571173,0.05763289427910176,1.2962523825008125,2.7248429532829547e-06,primary
sub-002,0.5054522473385414,0.32557034037128363,0.33030847912249556,0.10530214755880712,1.2615195801430048,1.047848652519926e-05,primary
sub-003,0.5028119242191451,0.19156920571561462,0.2831215535335676,0.08228837706044968,1.5583989975950334,-3.5132794552324652e-06,primary
sub-003,0.4976998481538967,0.3329271260886956,0.37749540471142345,0.11448227707700787,1.110457142312553,6.285820351116985e-06,primary
sub-003,0.4781141583494446,0.20606302219639872,0.23593462794463968,0.07445251892578288,1.641534245259692,1.5479498723160431e-06,primary
sub-003,0.46825052391905597,0.3539575509622324,0.33030847912249556,0.11559054256902325,1.1365853541902915,-2.2322170308120472e-06,primary
sub-003,0.4924130674632365,0.27810116084002295,0.2831215535335676,0.07754575580222067,1.664998034679875,3.1837908939640144e-06,primary
sub-003,0.4325732297859362,0.12557730738320227,0.33030847912249556,0.048961464888492894,2.571030359868243,-7.099655822999638e-06,primary
sub-003,0.49362121162026323,0.21249515755717455,0.33030847912249556,0.07708389078295833,1.7587375110757848,3.1079626476894233e-06,primary
sub-003,0.4980352462253858,0.37609590864935927,0.33030847912249556,0.1198715315443354,1.046771723266378,-2.8770752095980155e-06,primary
sub-003,0.5051402469958848,0.2560618840647693,0.23593462794463968,0.07713273822882297,1.602494261489034,8.822358720684129e-07,primary
sub-003,0.5176325798160613,0.2986807361486852,0.18874770235571173,0.09519621351045651,1.5455961211497884,-5.4615203003678e-06,primary
sub-003,0.4586193868980292,0.21765979295795335,0.2831215535335676,0.06762634293401543,1.5707743431934829,1.3162514865630776e-06,primary
sub-003,0.5116520133842295,0.17671231802944404,0.2831215535335676,0.10792857278924327,1.229368382383841,4.934641921187243e-06,primary
sub-006,0.483904075263095,0.17198936155674935,0.33030847912249556,0.0737344767903668,1.9405653832625094,6.838554443742607e-06,primary
sub-006,0.4885463754126549,0.3941655528542311,0.23593462794463968,0.11197048108347708,1.4056743541680714,3.5410670579907996e-05,primary
sub-006,0.4431697151046668,0.195844312826572,0.23593462794463968,0.07836921629708751,1.5786344524162885,1.9862704431779046e-05,primary
sub-006,0.49719316260446267,0.24821365060265782,0.2831215535335676,0.0882681391289738,1.5964140166509613,6.327906491930127e-06,primary
sub-006,0.49362121162026323,0.3224280734872279,0.23593462794463968,0.08121521206967168,1.4291930476495174,-5.946806259115573e-06,primary
sub-006,0.47831148268730744,0.3320376395533472,0.2831215535335676,0.09786942152426992,1.2052862843359564,-4.395763316335179e-06,primary
sub-006,0.4934702929298053,0.30401849177147444,0.23593462794463968,0.1003595356520556,1.2676315494521113,-4.639872018786563e-06,primary
sub-006,0.48484730543391463,0.35144617385593324,0.33030847912249556,0.09644713889507027,1.3085259273397791,5.253171897311646e-06,primary
sub-006,0.49044594179738504,0.33826132367033807,0.33030847912249556,0.11573389894861996,1.049213042779368,1.4785706295801643e-05,primary
sub-006,0.48958695983087336,0.20259206761694123,0.2831215535335676,0.08332942827171065,1.4987143278947426,4.501828626749419e-06,primary
sub-006,0.515178397405331,0.12419038023138379,0.23593462794463968,0.07116574043100764,1.8522304008139971,-3.3607504685955946e-06,primary
sub-006,0.47959836999095684,0.25649914501509297,0.2831215535335676,0.10753528771544267,1.0554998479919695,-7.80697607090492e-06,primary
sub-006,0.49185872624856797,0.3000149103732411,0.2831215535335676,0.11705786186649227,0.9849750599974556,1.901894520825603e-05,primary
sub-006,0.463182710546265,0.08607460877124302,0.18874770235571173,0.04338099924791893,3.2564312666290247,9.829208642632963e-06,primary
sub-006,0.5343209903748875,0.30748469974796055,0.4246823303003514,0.13043464154560738,1.1909155406511878,-9.702871962700125e-07,primary
sub-006,0.4737971697583387,0.170674170544773,0.33030847912249556,0.07005124854148322,1.6706999478222628,1.6467352816032442e-05,primary
sub-006,0.4886258250401537,0.4034367098467717,0.2831215535335676,0.10243523972237542,1.2624926159559133,-1.5447056538540528e-06,primary
sub-006,0.4621410035709022,0.20136975176464905,0.2831215535335676,0.07528380234241268,1.3943923255713158,6.138502027416327e-06,primary
sub-006,0.4934702929298053,0.29549122276594586,0.33030847912249556,0.09233168304754012,1.3169773761762265,2.193480261621111e-06,primary
sub-006,0.5078801851863846,0.47185719789505853,0.4246823303003514,0.13477893626672874,1.130569003427999,-3.2904579656604083e-06,primary
sub-006,0.4953794006509286,0.1935550364678333,0.2831215535335676,0.0926008418874255,1.4398154803438685,1.4425024521154999e-05,primary
sub-006,0.4793112394639275,0.34909915013027476,0.33030847912249556,0.11330631749429003,1.0459712403918144,2.4711116823146e-06,primary
sub-007,0.45891177942974015,0.18582418734515668,0.1415607767667838,0.07239024236488832,1.8076766823115031,3.8133073914741646e-06,primary
sub-007,0.4963988201184605,0.3832472242105722,0.33030847912249556,0.1161162160306849,1.2656975114903388,8.930887346073412e-06,primary
sub-007,0.47141862711649235,0.15909470618413812,0.2831215535335676,0.05657864728056114,2.375198575859231,5.370049214601237e-06,primary
sub-007,0.43766339830218015,0.17228383136044342,0.2831215535335676,0.05376945835631019,2.395721028259071,5.618646709435107e-06,primary
sub-007,0.5195538321144706,0.17615194878069257,0.2831215535335676,0.06769680016498125,1.831805874750998,1.7103254427746232e-06,primary
sub-007,0.46360471549371146,0.17418791326858835,0.18874770235571173,0.06083483678738033,1.8123183453980132,-6.167288292577333e-07,primary
sub-007,0.45742584578611317,0.2673298436028825,0.23593462794463968,0.07707891612105275,1.4332296380321587,9.164437118785937e-06,primary
sub-007,0.4904085485663873,0.18383213109932148,0.23593462794463968,0.06636086683120435,1.7665055153082942,2.3256247620419443e-06,primary
sub-007,0.5178674014451865,0.2691286645560332,0.2831215535335676,0.10880908658545858,1.0894855870907916,3.981751059216938e-06,primary
sub-007,0.48069000244413135,0.322773392263051,0.2831215535335676,0.08737712806050722,1.7144438826658737,2.047252574670347e-06,primary
sub-007,0.5032189946974756,0.0844275113385816,0.23593462794463968,0.06853318980530516,1.8276491355338946,-5.511362879167384e-07,primary
sub-007,0.4605882088666229,0.27548107642244013,0.18874770235571173,0.08394429736421134,1.2512983183202704,5.238370420822075e-06,primary
sub-007,0.4631627334424912,0.18263361796047514,0.23593462794463968,0.06006141985949368,1.8411478228797928,-4.844148783669277e-08,primary
sub-007,0.48484730543391463,0.30744489954497434,0.2831215535335676,0.09150613521338935,1.3141620149129973,8.977254141417238e-06,primary
sub-007,0.4793112394639275,0.3883340681779807,0.33030847912249556,0.10172482017215206,1.074130005929301,-5.39577250865983e-07,primary
sub-007,0.479211319363684,0.19626073947060893,0.2831215535335676,0.068558769864933,1.7559646770540291,2.3641880479365564e-06,primary
sub-007,0.48645887211515215,0.4043822709693323,0.23593462794463968,0.13243719217387445,0.9282401997771992,1.596846067566109e-06,primary
sub-007,0.5178674014451865,0.27252810125749716,0.18874770235571173,0.09576981075185692,1.5773331903087968,1.2755031789634998e-06,primary
sub-007,0.5427666749329996,0.17223065381199176,0.2831215535335676,0.08052873074798339,1.8425143470520433,9.837547963041103e-06,primary
sub-007,0.45589034010387364,0.20630352148043998,0.2831215535335676,0.06302635890892326,1.8600899696161863,5.650514012692964e-06,primary
sub-007,0.4837516932807236,0.22708314931829005,0.37749540471142345,0.07765867637653352,1.6906842767788606,3.7080115726841807e-06,primary
sub-010,0.4962075738828222,0.39073281219109646,0.37749540471142345,0.10762072646327596,1.3215775964352046,1.2259993366071916e-05,primary
sub-010,0.47061613630836463,0.13044244676874983,0.23593462794463968,0.06462406056918994,1.3908198985765905,-9.102335551267854e-07,primary
sub-010,0.49026241251917413,0.13799197639689367,0.23593462794463968,0.06725442665932888,1.6831186430337417,5.833664167362851e-06,primary
sub-010,0.4732925945088999,0.23853470163450713,0.23593462794463968,0.07386176894954546,1.6033655362872612,6.312199068265623e-06,primary
sub-010,0.4621410035709021,0.34460800924779045,0.33030847912249556,0.11485696741930893,1.0573198682603921,1.0473751937788015e-06,primary
sub-010,0.5246553855530915,0.11090444169549685,0.33030847912249556,0.049027663994393816,3.3767566097891626,2.9740907223880068e-06,primary
sub-010,0.463182710546265,0.16830263561462366,0.18874770235571173,0.07528784812673557,1.5754483555131233,-3.6491170119068317e-06,primary
sub-010,0.45981117869110427,0.23322697865741043,0.2831215535335676,0.06836817561530005,1.5568503194842658,-9.725247644905789e-07,primary
sub-010,0.46370955541427317,0.19701724672198967,0.23593462794463968,0.06500625305631944,1.342182184411425,-6.872285409411013e-06,primary
sub-010,0.41604719058940454,0.11077271288316284,0.18874770235571173,0.05613653093173174,1.7797380739737367,-2.6694080169170886e-06,primary
sub-010,0.48707299148092964,0.18098017496975322,0.23593462794463968,0.07880914791354254,1.7449813515072918,-2.733114165018746e-06,primary
sub-010,0.44705755328159485,0.11289082497745043,0.23593462794463968,0.06849284317126628,1.3804250919510324,-8.705155050485049e-07,primary
sub-010,0.4714800033901207,0.29595889507063167,0.2831215535335676,0.09143155798009125,1.2631787362746028,-8.424957228749933e-07,primary
sub-010,0.4364311046051698,0.19619405862465722,0.23593462794463968,0.06724664292819793,1.1603027764935765,1.4827452066872718e-06,primary
sub-010,0.43976435782738044,0.1492209187958993,0.23593462794463968,0.06157743642980875,1.5555205857399954,4.591275118720907e-06,primary
sub-010,0.47783588461926135,0.17398550339189328,0.2831215535335676,0.07161321797828506,1.5788478813716487,-3.968869113186847e-06,primary
sub-010,0.47016731668085593,0.12987140791528934,0.33030847912249556,0.0590223808311561,1.7014144479863544,-3.915775497200514e-07,primary
sub-010,0.4177748807660949,0.18991264549560075,0.23593462794463968,0.0625786882218948,1.3619904036692343,-6.54617373222818e-06,primary
sub-010,0.46204095343864193,0.29681743288088075,0.2831215535335676,0.08067197506888127,1.3560796933456607,-1.8684814134048968e-06,primary
sub-010,0.4364279932980315,0.3178142222395418,0.33030847912249556,0.11766674840985754,1.2783075807904791,5.244053654669208e-06,primary
sub-012,0.4403607380831423,0.26346781433118627,0.23593462794463968,0.07688034464816934,1.339122508887852,-1.4277129412515156e-05,primary
sub-012,0.46387671331705066,0.23738761284013113,0.2831215535335676,0.06884903491782249,1.815114653192438,7.3279391110204735e-06,primary
sub-012,0.45937841405922347,0.18996593117508692,0.2831215535335676,0.07397498759982928,1.4138731844013237,-2.1954056512297992e-06,primary
sub-012,0.4924130674632365,0.19869417586387378,0.23593462794463968,0.06498020300944268,1.6838451471660907,1.5444450659545936e-05,primary
sub-012,0.5099858524942185,0.28027854841821614,0.33030847912249556,0.07961255013818752,1.8626398199397523,-4.634273825172511e-06,primary
sub-012,0.48161440422550045,0.32184099126309984,0.2831215535335676,0.1066319573208049,1.1738806710918137,4.974758727193155e-06,primary
sub-012,0.45714234996627756,0.09556515175879131,0.18874770235571173,0.047129192844420194,2.1286640978530156,-6.302990085948764e-06,primary
sub-012,0.5060602314135719,0.3506764604436189,0.23593462794463968,0.09532406853127552,1.5537233697878696,5.841011759959214e-06,primary
sub-012,0.4325732297859362,0.12751794726165933,0.23593462794463968,0.04398726348356014,3.0712396815767566,-2.5241456055457457e-06,primary
sub-012,0.4980352462253858,0.4155154439616658,0.18874770235571173,0.10999458774927678,1.1899444380590372,-9.223597226071172e-06,primary
sub-012,0.45488372013985423,0.23340005148139892,0.18874770235571173,0.06992645088472967,1.6050995452791457,2.7308292260718607e-06,primary
sub-012,0.4886258250401537,0.13459015397276464,0.23593462794463968,0.05073721382358096,1.8451965683919849,2.988260261716516e-07,primary
sub-012,0.47529489888444904,0.1047651003380625,0.2831215535335676,0.06076307124998709,2.3223592825226613,6.175363600280842e-06,primary
sub-012,0.4957321959053476,0.1468125589242246,0.33030847912249556,0.08207219042507427,1.4893103872451225,-6.5582772816284786e-06,primary
sub-012,0.48069000244413135,0.29521109461593875,0.23593462794463968,0.09025409207419471,1.5646256466331359,3.3221857120656124e-06,primary
sub-012,0.4757063048246086,0.13839104133430807,0.18874770235571173,0.05336471709393181,1.7467258395706022,5.366253805059022e-06,primary
sub-012,0.4790114421500386,0.19474784185984056,0.18874770235571173,0.05679392152314545,1.839259715831988,5.143319326363475e-06,primary
sub-012,0.4529584335419357,0.16914346441339967,0.37749540471142345,0.06817149350913779,1.6192480676628358,8.903788746805485e-06,primary
sub-012,0.4940844122955829,0.16842805891843796,0.23593462794463968,0.060709137898226906,2.230221773899609,1.0545699779465978e-05,primary
sub-012,0.4539763448066385,0.2684770926157309,0.23593462794463968,0.08112180019316348,1.3266548233838757,1.13456803701583e-06,primary
sub-012,0.5064606535216021,0.2333477214884514,0.23593462794463968,0.08801116194841567,1.5670153422231192,4.3437200644449077e-07,primary
sub-012,0.479211319363684,0.14426142617229457,0.18874770235571173,0.06169841520976031,1.7312623713489488,-6.729370933962073e-07,primary
sub-012,0.4397690881679074,0.14641182621030027,0.18874770235571173,0.0504488713498864,1.9908296795594382,3.987461669860123e-06,primary
sub-012,0.4436219460638771,0.2068137599758651,0.23593462794463968,0.06585905916558818,1.525392339818246,4.691530239665852e-06,primary
sub-012,0.4851990636184406,0.3268775811337877,0.2831215535335676,0.09471443804688558,1.412301265313209,-1.5339828043076076e-06,primary
sub-012,0.45013092915162434,0.1511344818813168,0.18874770235571173,0.053309538785721075,2.678810927438909,4.146611545979519e-06,primary
sub-012,0.45143157239063475,0.11778303565638351,0.23593462794463968,0.049320937030970576,2.3660876851299717,6.485156648674763e-06,primary
sub-012,0.49362121162026323,0.2643676995966712,0.33030847912249556,0.087793756764972,1.141359596627152,-3.4609025717914374e-06,primary
sub-012,0.5179898458198989,0.14646177292624601,0.23593462794463968,0.09142618159868783,1.3089919210245988,4.891854982912265e-06,primary
sub-012,0.45892480177209194,0.1331545318701094,0.2831215535335676,0.054962059914124534,2.4137589559348887,4.308330565499333e-06,primary
sub-012,0.46620989335641017,0.23490956600308127,0.23593462794463968,0.06734437382479487,1.6402745547068984,3.505797745271995e-06,primary
sub-012,0.4439709801503181,0.12489327383888818,0.23593462794463968,0.0539914062061367,1.2477606469670024,4.023407172252573e-06,primary
sub-012,0.49362121162026323,0.3045355432167385,0.2831215535335676,0.09412870821033432,1.2107503290812536,3.1037600417980177e-06,primary
sub-012,0.4437657767900018,0.0920693636282274,0.1415607767667838,0.03703989776640008,4.107308452083125,-9.227514300636952e-07,primary
sub-012,0.4073358543030059,0.13855980437441673,0.23593462794463968,0.07380061792020824,1.4276682461864347,5.575672427662143e-06,primary
sub-012,0.49321869878876984,0.22077855218271186,0.2831215535335676,0.06925924911246371,1.4703652606944315,-1.2512131649136028e-06,primary
sub-012,0.5166109302551628,0.33042992216525036,0.47186925588927936,0.11276051914744005,1.325281549423874,4.088045605582644e-06,primary
sub-012,0.5000411455637956,0.17822186392269806,0.18874770235571173,0.07549406817043691,1.3714125245682949,1.1356024113677398e-05,primary
sub-012,0.46949737481808307,0.33761140515146776,0.2831215535335676,0.09806659893279776,1.1999771924261566,1.1805582538739409e-05,primary
sub-012,0.5119071047926278,0.28916201944381914,0.2831215535335676,0.10167767784909697,1.193788750600603,1.0783576699004958e-05,primary
sub-012,0.5265766378515008,0.19705187366001958,0.33030847912249556,0.08075388097589498,1.8552128986210608,6.502994400195013e-06,primary
sub-012,0.47061613630836463,0.125082338137995,0.18874770235571173,0.04799870368113365,2.1758898684615375,5.01990640740409e-06,primary
sub-012,0.4649781203769693,0.37236103997127046,0.2831215535335676,0.10253159267262653,1.405301120477459,9.352000551161408e-06,primary
sub-012,0.45891177942974015,0.07906461179365015,0.23593462794463968,0.03673168214357607,3.518040935310171,-7.76815137277089e-07,primary
sub-012,0.49321869878876984,0.29969750919619204,0.2831215535335676,0.09076132663322697,1.2767707583835588,7.5022017678588636e-06,primary
sub-012,0.40387530376188846,0.20888485005570048,0.23593462794463968,0.07190385865388566,1.6826975001289306,7.485119099597898e-07,primary
sub-012,0.40808327491712293,0.1472985220043916,0.23593462794463968,0.05030168299456335,1.0890384780700377,4.805154449380831e-06,primary
sub-012,0.47831148268730744,0.26411098980243275,0.2831215535335676,0.07404140170748878,1.3940615141596209,1.2935066847963606e-05,primary
sub-012,0.48345620689641094,0.09685605960719222,0.33030847912249556,0.052595885266475115,2.5287534604934816,1.3120213289233961e-05,primary
sub-012,0.5099858524942185,0.42079947210827107,0.33030847912249556,0.14397596517997538,1.0516734857033507,9.357393829410625e-06,primary
sub-012,0.49286633456251916,0.1473529589562078,0.23593462794463968,0.055136856852207115,1.9938492136901336,-2.0773893323231825e-06,primary
sub-012,0.5204534348519813,0.19762797807663024,0.2831215535335676,0.10072611033116818,1.2254179032410408,-1.2954818875308597e-07,primary
sub-012,0.44352869500155434,0.18436029348380287,0.23593462794463968,0.07493428743942716,1.4331509007016177,-1.2609170948698244e-05,primary
sub-012,0.4936715115556455,0.17485326218642883,0.2831215535335676,0.06071272756046255,2.2443626455171874,4.714959480688379e-06,primary
sub-012,0.5294362931021805,0.28558783084866607,0.33030847912249556,0.10215532312868277,1.609773226556839,4.7380118274827664e-06,primary
sub-012,0.518397952681284,0.30737328534196273,0.2831215535335676,0.09577642146078938,1.6324645710523225,9.156155716707104e-06,primary
sub-012,0.4711733947854336,0.20831690436763467,0.33030847912249556,0.06379265854977781,1.9480643383750924,-3.5354536611775358e-06,primary
sub-012,0.4980352462253858,0.4260480164615591,0.37749540471142345,0.11758141864811837,1.2295661578256412,2.5084869059448462e-06,primary
sub-012,0.4886258250401537,0.25523426639094526,0.2831215535335676,0.0765786833315379,1.6885888923476546,1.2930932983261083e-05,primary
sub-012,0.4568652925023974,0.3073657771862285,0.23593462794463968,0.09140158899256086,1.286833833521623,2.248891944725395e-06,primary
sub-012,0.485854913747866,0.21025734767206516,0.1415607767667838,0.064311803833842,1.9609057192259058,-6.729314673001257e-06,primary
sub-012,0.4885463754126549,0.2445291893333251,0.23593462794463968,0.08080677874493422,1.4499645165404436,9.172668024857193e-06,primary
sub-012,0.4757063048246086,0.2879821474727873,0.33030847912249556,0.09480064503694427,1.2623283736588424,1.1864508739618997e-06,primary
sub-012,0.48540164664858326,0.18950519216538003,0.18874770235571173,0.07586647889368632,1.3471228291012645,-1.2799757363698272e-06,primary
sub-012,0.4040694289138226,0.14732471475685843,0.23593462794463968,0.052708140533595765,1.3058764677858332,1.0839278216345064e-05,primary
sub-012,0.485854913747866,0.2076931962319759,0.2831215535335676,0.07542355359311556,1.7889483635831882,1.260948466361383e-05,primary
sub-012,0.45007668037914694,0.18703316973538806,0.2831215535335676,0.06237192614084224,1.4821699661064036,-4.0339172722086755e-06,primary
sub-012,0.5078801851863846,0.26348849167977195,0.2831215535335676,0.0850433029511339,1.5294460112572932,5.416849979712571e-07,primary
sub-012,0.4805507453691136,0.3127025249583372,0.33030847912249556,0.10063430090640992,1.079172558591517,4.360005524539957e-06,primary
sub-012,0.44705755328159497,0.31132972075245585,0.2831215535335676,0.08392483854077744,1.6240502556834024,-2.3113791295376148e-06,primary
sub-012,0.43591289661734556,0.11778303565638351,0.18874770235571173,0.04825842539775496,1.6436316627339342,3.5839661071126375e-06,primary
sub-012,0.4757063048246086,0.18589171410266006,0.2831215535335676,0.06707534302999782,1.246200278633446,5.711916998711033e-06,primary
sub-012,0.4418945742507558,0.13134877989920465,0.18874770235571173,0.04785737325363911,1.6135359901301758,-1.4772879610307645e-06,primary
sub-012,0.47642310016807854,0.3081752196641883,0.2831215535335676,0.0820515288829163,1.6093574197629876,7.599137609817586e-06,primary
sub-013,0.508351845521084,0.44036304795944164,0.33030847912249556,0.12597587459912174,1.101311422750672,3.5990246847259207e-06,primary
sub-013,0.4617398046806055,0.2349120364717168,0.2831215535335676,0.06762723900137178,1.809394810234182,-2.29958880318933e-06,primary
sub-013,0.4568652925023974,0.11764964007157956,0.18874770235571173,0.06794069904086689,1.534237227460923,-4.292348487535762e-06,primary
sub-013,0.47721031950085685,0.350775221811544,0.23593462794463968,0.11537550532212378,1.1498603295642011,-1.1391251372485267e-06,primary
sub-013,0.4385317775476332,0.14085171226914212,0.18874770235571173,0.06082828796991779,1.6351893713073047,3.992634501909567e-06,primary
sub-013,0.4486188635177983,0.09880058474409338,0.1415607767667838,0.0373471076145537,2.501228016574704,-4.358478680348173e-06,primary
sub-013,0.43888081163407416,0.23509159277401878,0.23593462794463968,0.0845618060053344,0.8877286345710275,1.160008387597368e-06,primary
sub-013,0.49286633456251916,0.24263043898770648,0.2831215535335676,0.10804824343207445,0.8989559143746233,-1.6743777563251173e-06,primary
sub-013,0.47272097167395827,0.3344861386495835,0.23593462794463968,0.0916622756474481,1.2773744618025005,2.4872691920459087e-06,primary
sub-013,0.45488372013985423,0.10139506647341041,0.18874770235571173,0.0399842109898076,2.878522529777508,1.2652718199654962e-06,primary
sub-013,0.522291455868317,0.24438526669845675,0.2831215535335676,0.07699042281847718,1.9447116021622188,-8.786261015785326e-06,primary
sub-013,0.4837516932807236,0.2486681631457883,0.23593462794463968,0.08143779332966374,1.6006716582118399,-2.8234627864753016e-06,primary
sub-013,0.43492118363736354,0.12099966591963572,0.23593462794463968,0.052132397177726185,1.5296956937453212,9.201205349976256e-06,primary
sub-013,0.4978011466794933,0.37720893965777097,0.2831215535335676,0.10833504053032204,1.4781815301377372,-1.9486993261926966e-06,primary
sub-013,0.499346685477656,0.1522962066004567,0.23593462794463968,0.0755705168861437,1.4375829510019067,5.752653315565523e-06,primary
sub-013,0.4793112394639275,0.3664959356429154,0.23593462794463968,0.09890382627194924,1.2464833413309666,3.02870530464542e-07,primary
sub-013,0.45457213155142934,0.1821629650879684,0.23593462794463968,0.06576443809260145,1.8498052409308767,6.029292260092307e-06,primary
sub-013,0.47141862711649235,0.2464974066890284,0.23593462794463968,0.07144725821280165,1.264535485400945,3.6298067601626756e-06,primary
sub-013,0.4265022822918877,0.19205103457856082,0.23593462794463968,0.06374004375955404,1.2617218641221841,-2.4270465941121985e-06,primary
sub-013,0.5201661895267066,0.2204733227583309,0.2831215535335676,0.08129938575556937,1.914309161594888,5.523405569488635e-06,primary
sub-013,0.4752619447337092,0.31608154697347896,0.2831215535335676,0.0956076282551056,1.378556534632325,2.58701724605365e-06,primary
sub-013,0.5045394012231929,0.4307829160924542,0.33030847912249556,0.11898514040974961,1.098929519944565,4.2590713998031674e-07,primary
sub-013,0.4669098528191414,0.1695224598751122,0.2831215535335676,0.06370152623120098,1.4245571113746083,-2.409177933311338e-06,primary
sub-013,0.48679952279228517,0.08657566612046491,0.2831215535335676,0.04375408906174038,2.5498263589143284,9.244462167087281e-06,primary
sub-013,0.4842275719975116,0.2190389680553124,0.2831215535335676,0.06367680527024859,2.384251177345209,4.455368076831007e-06,primary
sub-013,0.48657585239028067,0.12043766954875584,0.23593462794463968,0.054677768056435636,2.110670435266837,-9.673861330831395e-07,primary
sub-013,0.4781141583494446,0.2850835434885171,0.23593462794463968,0.09166160385906777,1.5048643457341586,-6.463118180582691e-06,primary
sub-013,0.48958695983087336,0.2387426434115591,0.37749540471142345,0.07669281502258249,1.3625541104634582,5.909413279486493e-06,primary
sub-013,0.49620757388282233,0.2159885593891658,0.2831215535335676,0.0828842659138082,1.6486791980819677,9.832296847252188e-06,primary
sub-013,0.4924130674632365,0.10172017672685175,0.23593462794463968,0.06179527863002434,1.732731274809798,-2.812591379874139e-06,primary
sub-013,0.4201185117515072,0.19847107950791965,0.23593462794463968,0.06767561802240575,1.3085235219279856,2.1117286204009643e-06,primary
sub-013,0.4332174418578992,0.16186312009619622,0.33030847912249556,0.050304916386180606,3.3133345235167058,3.056208907083873e-06,primary
sub-013,0.4851255791640978,0.23314919343153087,0.37749540471142345,0.07669771461196416,1.6626537627044102,1.0518695140918779e-05,primary
sub-013,0.4539763448066385,0.3054467050109843,0.23593462794463968,0.10510208033887793,0.9919656603161666,1.0445054342107186e-06,primary
sub-013,0.5004695691671727,0.13576285718776046,0.18874770235571173,0.05634062292326052,2.204583741214105,1.0045490906656059e-05,primary
sub-013,0.5120601202456146,0.16563656262370427,0.23593462794463968,0.06427862896095693,2.162713515570213,5.124989815150583e-07,primary
sub-013,0.48069000244413135,0.2231435513142097,0.2831215535335676,0.06896449245026748,1.7887101483004495,-3.8138598802684325e-06,primary
sub-013,0.4686948840099554,0.20966885273084962,0.23593462794463968,0.0798856453198684,1.3242781352581827,1.9000978398806791e-06,primary
sub-013,0.4757063048246086,0.21336617847591482,0.23593462794463968,0.06937073661187901,1.558699521145765,-3.2913729777842264e-06,primary
sub-013,0.3756664671632104,0.17708469645627198,0.18874770235571173,0.05707905537529068,1.7193964886068505,4.021967278751264e-06,primary
sub-014,0.49719316260446267,0.12362541761364225,0.2831215535335676,0.07182434245262909,1.559669599016464,-2.7053223935447895e-06,primary
sub-014,0.4402621593950936,0.17845308001603433,0.2831215535335676,0.08647474357558307,1.0137844197591979,2.65076374647869e-06,primary
sub-014,0.4437887507729763,0.11635848058885585,0.23593462794463968,0.04680253576096925,1.7184356982832407,1.368458656064185e-05,primary
sub-014,0.45177512398615344,0.21279608278878515,0.2831215535335676,0.07563446043048258,1.2803031816664148,-5.719114066383751e-06,primary
sub-014,0.5119071047926278,0.17775186110388935,0.2831215535335676,0.07334178995210258,1.5136198147133317,-3.1569431795986073e-06,primary
sub-014,0.48660979080561,0.26933293378358447,0.33030847912249556,0.09795209415108308,1.314371566026061,-8.453935138676554e-06,primary
sub-014,0.48484730543391463,0.42179200139559314,0.37749540471142345,0.1097650768206671,1.0941698405011473,1.8024982009428323e-06,primary
sub-014,0.45268406328157834,0.2273015614628735,0.23593462794463968,0.0765882446061091,0.8745545164524933,5.49547190932722e-06,primary
sub-014,0.49046762771106417,0.3060978438357136,0.37749540471142345,0.10110413424701081,1.4071356317411847,6.805107302376304e-06,primary
sub-014,0.5014889886347045,0.2986111429839712,0.2831215535335676,0.10203815625340495,1.2311230573945502,-2.450757603231138e-06,primary
sub-014,0.4306821181721498,0.30771505257272097,0.23593462794463968,0.10572606508296109,1.15046510903246,8.846273526049813e-06,primary
sub-014,0.44705755328159497,0.2579315945699322,0.2831215535335676,0.09348963192779504,1.1713333949055187,2.9414259747613487e-06,primary
sub-014,0.5083895912202508,0.19972705949041286,0.33030847912249556,0.08349683167957968,1.6873427340186924,1.4987396431715584e-05,primary
sub-014,0.4605163836385801,0.21974796231307153,0.2831215535335676,0.06982666897087052,1.5704399111754428,-7.659339937839642e-07,primary
sub-014,0.4938109436069384,0.11815623961667708,0.2831215535335676,0.09035123048439185,0.9376558391133122,1.1787688199626912e-05,primary
sub-014,0.5000411455637956,0.32237361758526945,0.37749540471142345,0.08931195526845784,1.63247707506138,1.946644206912197e-06,primary
sub-014,0.4934702929298053,0.33415180524568266,0.23593462794463968,0.08952525958497845,1.6692842553014369,7.172360720163624e-07,primary
sub-014,0.49321869878876984,0.3788386329928422,0.33030847912249556,0.1090620093405828,1.0829016410536432,-1.0281297309229147e-05,primary
sub-014,0.4924130674632365,0.26212899802716344,0.33030847912249556,0.09996027004224506,1.3037110916394838,6.513798517153817e-06,primary
sub-014,0.47272097167395827,0.3174317586228415,0.23593462794463968,0.08794585530929705,1.1769576185165984,-3.3909459496508188e-06,primary
sub-014,0.5324693287182208,0.17891742414975167,0.18874770235571173,0.06268483627960593,2.1228264620541943,2.0054664143925863e-07,primary
sub-014,0.43075705766926947,0.13283815169554616,0.23593462794463968,0.05086016389198386,1.9473607136239632,1.1585674035769597e-05,primary
sub-014,0.4862072779741165,0.13449929074815759,0.18874770235571173,0.05824750794609266,1.531189644007074,-8.912420734996478e-06,primary
sub-014,0.46666716081482484,0.22128841965813073,0.2831215535335676,0.08789351597565873,1.2179422302760157,1.980779774590435e-06,primary
sub-014,0.49678870346555637,0.25021766362637177,0.33030847912249556,0.0870155228075546,1.398226505920029,2.0175351351749075e-06,primary
sub-014,0.4580486020581797,0.19436989531012913,0.23593462794463968,0.12070222379108758,0.7677779125498452,-6.371442122519868e-07,primary
sub-014,0.43772580079833634,0.2324130946236525,0.2831215535335676,0.08094235573840058,1.3294287913611642,4.874618423297517e-06,primary
sub-014,0.4924130674632365,0.17832339677015452,0.18874770235571173,0.0674327541769457,1.423771864099507,-6.1244201103151645e-06,primary
sub-015,0.5012679377760653,0.38335582252006334,0.33030847912249556,0.11000397012124356,1.4141733960334844,1.3441201315864732e-06,primary
sub-015,0.4886258250401537,0.11174660412435168,0.23593462794463968,0.0449293489146678,2.587018037408098,3.0186578759946396e-06,primary
sub-015,0.4878236113238638,0.22888833527110158,0.23593462794463968,0.08466377405709567,1.9286039667392052,3.7953705318592455e-07,primary
sub-015,0.4726897981975201,0.2605491074118573,0.33030847912249556,0.09399581591980546,1.1637618077434575,2.0530541557774777e-06,primary
sub-015,0.4767402724660703,0.1730983626427505,0.2831215535335676,0.05312526775285691,2.572747366313087,-1.2126445643135639e-06,primary
sub-015,0.5305480764198115,0.1783649379478529,0.23593462794463968,0.07102032382222219,2.0171605309283818,2.3635936721286117e-07,primary
sub-015,0.4437887507729763,0.25269231344551374,0.23593462794463968,0.07370763401446997,1.6481561956887891,-3.386082404131535e-06,primary
sub-015,0.49286633456251916,0.2860344317353901,0.2831215535335676,0.10370907054697004,1.1968586470937495,1.6233613365196735e-06,primary
sub-015,0.45124503438300373,0.14210449682958837,0.23593462794463968,0.05141186952289447,2.151718684258336,4.0486088378860447e-07,primary
sub-015,0.4587865448008066,0.23948938997841118,0.2831215535335676,0.0747778854557051,1.3786369271381422,-3.0971212610420466e-06,primary
sub-015,0.5004695691671727,0.1740518341445532,0.23593462794463968,0.06629203045699582,1.6046259395936655,2.472677076092955e-06,primary
sub-015,0.43591289661734556,0.18861583406534216,0.2831215535335676,0.07226937821132517,0.9662319433901757,6.181911678723748e-07,primary
sub-015,0.4752619447337092,0.10029656457803407,0.1415607767667838,0.04307077912008155,2.8017462985984105,6.560708365610497e-07,primary
sub-015,0.4345996989060298,0.12310859994842789,0.23593462794463968,0.05865141608930794,1.8009540736313538,-3.2775680653372565e-07,primary
sub-015,0.494256516961412,0.16213316084896762,0.23593462794463968,0.0653893664249671,2.4040551729190907,1.3895162150878617e-06,primary
sub-015,0.46949737481808307,0.23208603266021813,0.33030847912249556,0.07222289332732075,1.8594956788037462,2.3207614748190483e-07,primary
sub-015,0.45383463325584794,0.2443671877658364,0.23593462794463968,0.07833844734576303,1.234372461885753,1.4386521358409023e-06,primary
sub-015,0.5017404511272102,0.19011886725398633,0.23593462794463968,0.06549909776618192,2.080984710997502,4.078427211403874e-08,primary
sub-015,0.4325732297859362,0.174512262308952,0.18874770235571173,0.05945513558983124,1.6929188798074675,-1.2036260651140428e-06,primary
sub-015,0.46723117208714615,0.10881713852573718,0.18874770235571173,0.049262223129988035,2.2670338139182173,8.619516802682296e-07,primary
sub-015,0.4558317204154046,0.20654024107403704,0.2831215535335676,0.08243566718853897,1.0196789145375957,-3.1369045502446165e-06,primary
sub-015,0.5093734950819825,0.4338394645750032,0.47186925588927936,0.11914256398715693,1.3531617210990647,-6.725849017285659e-07,primary
sub-015,0.4822733655483624,0.32512486993555717,0.23593462794463968,0.11137076206424376,1.0956471542463317,-3.7118650612137985e-06,primary
sub-015,0.5103108435186601,0.2845234194307721,0.2831215535335676,0.08288873690321413,1.7776781695397212,-1.5994322011613876e-06,primary
sub-015,0.4886258250401536,0.16814537085211376,0.33030847912249556,0.06615695045062028,1.539819104796261,1.7788316907089808e-06,primary
sub-015,0.4605163836385802,0.18032355413128162,0.18874770235571173,0.06458744406978957,1.720576656091849,-1.9278395701755605e-06,primary
sub-015,0.49321869878876984,0.18467401065680503,0.23593462794463968,0.06505315360722429,1.7826215094579627,-2.4055561948850724e-06,primary
sub-015,0.5270385043540219,0.2553598671262051,0.2831215535335676,0.08198721889895791,1.976747879568844,-2.4775965474402895e-06,primary
sub-015,0.49120310083123603,0.17095779814363954,0.23593462794463968,0.06427743558207695,1.969066660394158,-1.9281708559322752e-06,primary
sub-015,0.5043265968036498,0.0931045953011863,0.23593462794463968,0.048920139453282954,2.1471197344799684,-5.519206087941038e-06,primary
sub-015,0.47016731668085593,0.20148936108298707,0.2831215535335676,0.06797497992735661,1.5217887240565533,1.9437564533237727e-06,primary
sub-015,0.5024053445052405,0.23736965111982233,0.2831215535335676,0.07307504009380604,1.852168583576945,9.301598941341068e-07,primary
sub-015,0.4752619447337092,0.25166377326262485,0.2831215535335676,0.08804450392956437,1.3174011078017818,4.169948024846673e-07,primary
sub-015,0.46949737481808307,0.20749666053255109,0.23593462794463968,0.07761145372957622,1.5215125005926873,-8.446332261753371e-08,primary
sub-015,0.49286633456251916,0.14582360672981134,0.2831215535335676,0.07436951486085991,1.6404660027304687,1.7161962163718765e-07,primary
sub-015,0.4102316131579828,0.1751708967588856,0.23593462794463968,0.05794319751654602,1.6270521817223051,-2.5261599019410936e-06,primary
sub-015,0.5258327622897367,0.2790143263074684,0.33030847912249556,0.08217515350527949,2.0196146732833435,-3.839475945585763e-06,primary
sub-015,0.4862072779741165,0.2573256099711869,0.2831215535335676,0.08732270870340789,1.1268292934476614,-1.9001930066409592e-06,primary
sub-015,0.37155333925302486,0.10125373370517292,0.23593462794463968,0.033883899466608136,4.109340612307377,-9.988375524408092e-07,primary
sub-015,0.4987099557639656,0.31511110962184474,0.37749540471142345,0.10234306724256712,1.5257484874231089,1.2513738362326047e-06,primary
sub-015,0.4732925945088999,0.08987277635502564,0.23593462794463968,0.03822886914198345,3.2633365379838892,-2.687287938019468e-06,primary
sub-015,0.4284452447122472,0.2083597551299728,0.2831215535335676,0.07045218215100171,1.7155579162831718,-3.529729388571858e-07,primary
sub-015,0.4781141583494446,0.16763283024829947,0.18874770235571173,0.05967603314684099,1.973647938558113,3.768437131286742e-07,primary
sub-015,0.48756216618376685,0.18459839431407574,0.18874770235571173,0.0615148183162012,1.9243149713768435,-7.94137951756958e-07,primary
sub-015,0.48977728265090303,0.1932776656800515,0.23593462794463968,0.0740377959131064,1.9814239360381338,4.6248248830398935e-06,primary
sub-015,0.5117042698652541,0.1841304207179806,0.2831215535335676,0.08198872105854156,1.727722102072996,2.3322359658869048e-07,primary
sub-015,0.4921631599971737,0.17217366472360593,0.23593462794463968,0.06165956833665096,1.7163117017530907,-5.732350832685319e-07,primary
sub-015,0.5117042698652541,0.2301540958004271,0.2831215535335676,0.06575116205562036,2.3273724855987683,1.177251106434667e-06,primary
sub-015,0.40167080725512644,0.15491843418358883,0.23593462794463968,0.06190022824938102,1.9105898552529739,-8.544489928403111e-07,primary
sub-015,0.5326052093200153,0.30525924303900254,0.33030847912249556,0.09212575795869263,1.8098259555316314,7.253352206165773e-06,primary
sub-015,0.5012679377760653,0.3065251602532608,0.33030847912249556,0.10996650574763571,1.3025582900441774,-1.3641940607117343e-06,primary
sub-015,0.48958695983087336,0.2294953808862664,0.2831215535335676,0.09336806553010246,1.362676340836121,-7.318348969242548e-07,primary
sub-015,0.5176325798160613,0.238213804235208,0.23593462794463968,0.1040729329635881,1.3356303643550764,2.7673369539148784e-06,primary
sub-015,0.5057562972701274,0.15828418907660977,0.23593462794463968,0.07462116502295964,1.4818726307662138,3.1080833555192117e-07,primary
sub-015,0.46360471549371146,0.2596722390477163,0.23593462794463968,0.08651468971600652,1.0838560349842505,-1.2340603108942563e-06,primary
sub-015,0.43976435782738044,0.128904484846329,0.23593462794463968,0.06913475323969599,1.326884149410955,6.073292405188431e-06,primary
sub-015,0.49752798040853957,0.12644419074146773,0.23593462794463968,0.051724404736454274,2.3701887732951312,3.9878142909197933e-07,primary
sub-015,0.4886258250401536,0.2719337154836418,0.2831215535335676,0.07502352225957787,1.7305467299341213,-2.9220784802058055e-06,primary
sub-015,0.5073734996369508,0.24426957951646747,0.18874770235571173,0.09040361109661782,1.540858952159873,2.3543058442159787e-06,primary
sub-015,0.4437887507729763,0.26344433723192173,0.2831215535335676,0.083162382391752,1.514941179907311,1.0684692056544272e-06,primary
sub-015,0.5034102409331138,0.23409256580388013,0.23593462794463968,0.06754753047190638,2.0131140742129516,1.8585322665936498e-06,primary
sub-015,0.4972738333338274,0.09033474329204512,0.23593462794463968,0.04369171650840562,2.6687757399120904,-3.349794880101669e-07,primary
sub-015,0.4233272673678431,0.06342451617493738,0.23593462794463968,0.0349727262560713,3.233288784432919,-1.2824000862493655e-06,primary
sub-015,0.4841916800165828,0.10185186575138747,0.18874770235571173,0.05557910042622205,1.6487003555487885,1.0000767568234794e-06,primary
sub-015,0.48660979080561,0.3150461724485372,0.2831215535335676,0.09507296390650766,1.3044559911496334,7.389274699363422e-08,primary
sub-015,0.505046667040039,0.41842934389487885,0.2831215535335676,0.11720450074098511,1.2982718733913254,2.35245877474602e-06,primary
sub-015,0.4605163836385802,0.32762697010624653,0.23593462794463968,0.09800820979452168,1.2067719128001573,1.7223042422551555e-06,primary
sub-015,0.4986310743599153,0.43313704531148534,0.2831215535335676,0.11521161930082786,1.444488535509455,-2.720773691045611e-06,primary
sub-015,0.4752619447337092,0.22911900341966843,0.2831215535335676,0.06318394262371271,2.021103119799163,3.6138675677015847e-06,primary
sub-015,0.45383463325584794,0.31915100017641873,0.23593462794463968,0.09241714524836896,1.1279030433110144,-1.4485816287984337e-07,primary
sub-015,0.5199110981183082,0.30732374690679554,0.37749540471142345,0.1192355282544602,1.2510333460879948,3.2703767491872086e-06,primary
sub-015,0.4499393641077447,0.20990282146245356,0.2831215535335676,0.07001161083808354,1.3317915144792831,-3.078856696083753e-06,primary
sub-015,0.5099858524942185,0.09085362377775211,0.18874770235571173,0.046335465102760084,2.3040175173667747,2.067940248382208e-06,primary
sub-015,0.5073734996369508,0.09188468098129739,0.33030847912249556,0.062285284544253326,1.6135804162822276,-1.0110128080390626e-06,primary
sub-015,0.45742584578611317,0.21377779532656777,0.18874770235571173,0.06188026249752392,1.4501038282673895,-4.09062264451413e-06,primary
sub-015,0.5014889886347045,0.19661080660731126,0.37749540471142345,0.08363594220941556,1.6077873919889045,-6.462417647828442e-06,primary
sub-015,0.48069000244413135,0.16369043380271692,0.23593462794463968,0.06862367778217279,1.7661096940504062,-3.800241370465016e-07,primary
sub-015,0.4771802592019295,0.12748243274509696,0.18874770235571173,0.06570965375404562,1.4840736835441384,1.993152625322223e-06,primary
sub-015,0.45966230006767334,0.13443026908953973,0.23593462794463968,0.05174398605231792,2.096813355585027,3.795897606768118e-08,primary
sub-016,0.4376753788603757,0.282862786015832,0.33030847912249556,0.07548250658719634,1.3803825847983933,1.545205927184767e-05,primary
sub-016,0.4741211508474401,0.26687894482201774,0.33030847912249556,0.07438686156782333,1.528208870939225,9.888239416482547e-07,primary
sub-016,0.5120601202456146,0.26041494611144134,0.23593462794463968,0.0893429944817788,1.4507406178292008,1.2795742923135085e-05,primary
sub-016,0.5203702035699078,0.2062246038726151,0.2831215535335676,0.06945673585767939,1.7618566084161693,6.963131300017592e-06,primary
sub-016,0.45959356768871895,0.2923703135752365,0.23593462794463968,0.08294457355934891,1.7537178671354485,1.5554510993707916e-05,primary
sub-016,0.4924130674632365,0.3737937642705131,0.37749540471142345,0.10142445816925824,1.2097451616530535,7.589288751357063e-06,primary
sub-016,0.5006661287538834,0.29878096551982974,0.33030847912249556,0.091160863649994,1.541483662211948,1.6935297236221692e-05,primary
sub-016,0.47016731668085593,0.23417082254191846,0.23593462794463968,0.07974290496601444,1.2149156599983668,7.45933349861938e-06,primary
sub-016,0.4924130674632365,0.32952173079468966,0.2831215535335676,0.09253620281450699,1.3858771462488961,2.3654353895196333e-06,primary
sub-016,0.4953525810354182,0.17515725975678942,0.23593462794463968,0.0664365637287714,1.8030111391313999,1.2492546098390546e-05,primary
sub-016,0.397832728412398,0.1499281032337536,0.23593462794463968,0.048036477178760174,2.8130137245934344,-2.187829848938189e-05,primary
sub-016,0.5190942530984047,0.2058066316609327,0.2831215535335676,0.08395721328911349,1.538635540593643,5.163991011559754e-06,primary
sub-016,0.4558317204154046,0.306876519707928,0.2831215535335676,0.08549344663640411,1.1640033745473315,1.2800994684792284e-06,primary
sub-016,0.4675996296812761,0.33461253983562483,0.18874770235571173,0.08753198746433696,1.227397714130818,1.328270807135799e-05,primary
sub-016,0.4580486020581797,0.28323267690223913,0.2831215535335676,0.11057938560059268,1.0028546258709057,1.1407710462121349e-05,primary
sub-016,0.4486188635177984,0.171669376036232,0.23593462794463968,0.06714929304530076,1.436594481820489,7.06295272282809e-06,primary
sub-016,0.45190035861508693,0.2819603403269345,0.2831215535335676,0.08436428303777979,1.5968888530861625,2.3011909000995162e-05,primary
sub-016,0.4625160143023571,0.27572136739411696,0.23593462794463968,0.07822053553265342,1.1975230534074286,7.479717595116751e-06,primary
sub-016,0.49120310083123603,0.4008085222782134,0.33030847912249556,0.11917489889788913,1.089683433360609,1.8235496907591088e-05,primary
sub-016,0.500970062897328,0.11264616371635683,0.2831215535335676,0.05504799924195126,1.6040159888062153,2.723940227678389e-06,primary
sub-016,0.4436219460638771,0.23374291675125186,0.2831215535335676,0.07439143494319594,1.574277200515271,2.1193173215510725e-07,primary
sub-016,0.4841916800165828,0.23152516094892184,0.2831215535335676,0.06911770424530085,2.059463239060436,2.2187451156198035e-06,primary
sub-016,0.4936715115556455,0.19361730195074953,0.18874770235571173,0.0659254589633209,2.0609705563242895,8.961030979519485e-06,primary
sub-016,0.44634140387439075,0.3171725009624861,0.23593462794463968,0.09251488142040082,1.1806411971611657,-1.7369644672008292e-06,primary
sub-016,0.4647524685839173,0.15510899326906988,0.23593462794463968,0.06032701374144857,1.678872722832953,1.5613511622684276e-05,primary
sub-016,0.47959836999095684,0.3442559302453886,0.18874770235571173,0.08833472349980606,1.3271535218495896,6.318985024239507e-06,primary
sub-016,0.4667966683263639,0.195966589670716,0.23593462794463968,0.06687730722270536,2.299584308669231,1.4469172999327202e-05,primary
sub-016,0.4924130674632365,0.2047650875628012,0.2831215535335676,0.07101290968456106,1.5573826726743167,6.160178451302667e-06,primary
sub-016,0.5326052093200153,0.2818864155587218,0.2831215535335676,0.1016738933989777,1.5346755788614712,2.3676339072563e-07,primary
sub-016,0.4767402724660703,0.21341214386398577,0.18874770235571173,0.0688781897879558,1.684396271846828,6.327660411181946e-06,primary
sub-016,0.4721201509846129,0.24159963613512037,0.23593462794463968,0.06550071697087842,1.862085413992032,1.0661288094627117e-06,primary
sub-016,0.4682916081594814,0.10074990310014302,0.23593462794463968,0.04376193980569489,2.7112103379431063,5.212795652764228e-07,primary
sub-016,0.47250230408664606,0.17897986613205136,0.23593462794463968,0.07085100246618764,1.617914794175931,9.0918547212413e-06,primary
sub-016,0.4837516932807236,0.19911738326699882,0.2831215535335676,0.08350734973276396,1.1741191811217446,-8.873710049560167e-06,primary
sub-019,0.4841916800165828,0.2368931068973122,0.23593462794463968,0.07249908920855481,1.8280430835067245,3.6316961015770226e-06,primary
sub-019,0.5195538321144706,0.3429447511268303,0.37749540471142345,0.09559530609486812,1.60357989238346,8.276304649370931e-06,primary
sub-019,0.49321869878876984,0.3446023627044631,0.33030847912249556,0.08986820304752421,1.3968876397423728,1.2397975366253022e-05,primary
sub-019,0.5045394012231929,0.35183160872053476,0.33030847912249556,0.09875460980025709,1.4747360287302986,1.0240758023543492e-08,primary
sub-019,0.48958695983087336,0.19303136577508725,0.18874770235571173,0.0718267759007178,1.8717311564216819,2.1731505805748886e-06,primary
sub-019,0.5305480764198115,0.39672379370659083,0.37749540471142345,0.11395577901671174,1.552912858494646,3.892566966370687e-06,primary
sub-019,0.43976435782738044,0.22108728364884225,0.2831215535335676,0.08451647666969112,1.2287597726146327,3.011500577158096e-06,primary
sub-019,0.4580486020581797,0.12309372259362122,0.23593462794463968,0.05543372380901722,1.8937845178246946,3.363037067919502e-06,primary
sub-019,0.4736213651980944,0.19943371923515477,0.1415607767667838,0.06300578314623773,1.9411047311034615,-1.3955171777562365e-06,primary
sub-019,0.5299936220329091,0.26460767539156876,0.37749540471142345,0.08632974068652759,1.6711611536632855,4.388525789315707e-07,primary
sub-019,0.5014889886347045,0.31184769214436,0.2831215535335676,0.09078294312623991,1.1501461638414783,5.3946173384174365e-06,primary
sub-019,0.5039302552805378,0.1750726705080325,0.2831215535335676,0.08353108633929716,1.5521070939999784,7.591411143823788e-07,primary
sub-019,0.44352869500155434,0.2454767000852205,0.2831215535335676,0.07904085139190288,1.417049027488766,-1.9622643560061547e-06,primary
sub-019,0.4448545263436244,0.2787444318693798,0.23593462794463968,0.07649860814312949,1.3527650757716385,1.3999713114253075e-06,primary
sub-019,0.4410030651335895,0.22454117558084774,0.2831215535335676,0.06759950544264073,1.246470034546326,4.417218489808598e-06,primary
sub-019,0.4508001715876296,0.19403882922959698,0.18874770235571173,0.06364398538688343,1.482049256428661,2.7984158564118605e-06,primary
sub-019,0.49321869878876984,0.4283163730249326,0.33030847912249556,0.11961306239986011,1.0394033109571303,7.487245663594299e-06,primary
sub-019,0.4898608085313077,0.21183486859985529,0.18874770235571173,0.08979288001781222,1.4374961896288516,4.7244034882044915e-06,primary
sub-019,0.43918599526204505,0.1968181865696201,0.33030847912249556,0.0646097444376591,2.027161011335214,1.2055161611450478e-06,primary
sub-019,0.44683644325885197,0.233128540808647,0.23593462794463968,0.06767472894235992,1.5702180587061207,-6.770156968812649e-06,primary
sub-019,0.44515513499324183,0.21428390749691303,0.2831215535335676,0.06843765190865247,1.4804646157444492,2.8533201283412124e-06,primary
sub-019,0.43937441753360434,0.2464471369920937,0.23593462794463968,0.0713459220097659,1.3166661905958723,-5.64349720106013e-06,primary
sub-019,0.47938414897516524,0.14070455673693605,0.23593462794463968,0.06055791939381258,1.9695220123672168,1.1619939735630924e-06,primary
sub-019,0.48660979080561,0.2305490790015283,0.2831215535335676,0.0837510104511248,1.5527639183373234,3.285978027079224e-06,primary
sub-019,0.45370903203404234,0.17688562452893664,0.2831215535335676,0.06952234896776656,1.461174772979068,3.3837192600316006e-06,primary
sub-019,0.46638983487387675,0.3038688939852427,0.23593462794463968,0.09269891151773,1.1318966939553503,-1.342251319459352e-06,primary
sub-019,0.4934702929298053,0.24264134702747725,0.33030847912249556,0.07121576247992907,1.8579569610411426,7.6499422734138e-06,primary
sub-019,0.48641738723615374,0.256971108391463,0.2831215535335676,0.10907577414474921,1.3437961627544355,9.12163903735558e-06,primary
sub-019,0.47831148268730744,0.16454938704815686,0.23593462794463968,0.06432105079059362,1.4355550262094856,3.880585105638304e-06,primary
sub-019,0.4825755390162201,0.09890106647227673,0.23593462794463968,0.03930497999355095,2.842065769353361,-7.372357653280452e-06,primary
sub-019,0.43937441753360434,0.16843663707473489,0.23593462794463968,0.06345375855779335,1.4819568018999354,-1.1414964179005837e-06,primary
sub-019,0.4980352462253858,0.2211613901102185,0.37749540471142345,0.07377766682446567,1.570328055186969,1.1027509387875935e-05,primary
sub-019,0.5004695691671726,0.10461674470498163,0.23593462794463968,0.06500668013696674,1.6947405847850232,4.676723139758028e-07,primary
sub-019,0.4587865448008066,0.23117572301147404,0.2831215535335676,0.0769245514933928,1.2851208766428013,4.882060168546908e-06,primary
sub-019,0.5340126828942373,0.4319828819517072,0.47186925588927936,0.15836384216125776,1.0902810457024181,-2.6961021111888825e-06,primary
sub-019,0.49044594179738504,0.25923840001179765,0.23593462794463968,0.08687254707111482,1.3276685376020765,-1.1944003361322397e-06,primary
sub-019,0.5079814837119813,0.2885940652190503,0.23593462794463968,0.08068987283853807,1.552376551172979,-2.455471241463931e-06,primary
sub-019,0.49321869878876984,0.1491200136604747,0.33030847912249556,0.07950669588019674,1.542644794552003,8.383698986986577e-06,primary
sub-019,0.4713000618726542,0.22355754428224223,0.23593462794463968,0.07160985703749723,1.6674424327469095,4.108365162291588e-06,primary
sub-019,0.5327079248376199,0.3034892703886405,0.37749540471142345,0.12392713723799285,1.3470155390183427,6.4153176300224625e-06,primary
sub-019,0.49185872624856797,0.14984759706949952,0.23593462794463968,0.056357972407506084,2.059008411811927,3.273817954879106e-06,primary
sub-019,0.4822733655483624,0.1415049206269704,0.2831215535335676,0.06070290489994343,2.0215391226887,5.770634906661132e-06,primary
sub-019,0.4400113521536075,0.22414807174021528,0.2831215535335676,0.07709224675111029,1.2203575061133087,4.572721717703609e-06,primary
sub-019,0.5150460728858699,0.36630583699969366,0.33030847912249556,0.1270726821436236,1.3667870974672272,4.1710374994961285e-06,primary
sub-019,0.5093734950819825,0.298692297618575,0.2831215535335676,0.09270462430653825,1.5615119529912311,6.153660499040731e-06,primary
sub-019,0.45966230006767334,0.2952578662602386,0.23593462794463968,0.08380257012984776,1.1763401118740504,5.054561455133613e-06,primary
sub-019,0.4757063048246086,0.2604036542681043,0.2831215535335676,0.08069871932587652,1.414957944094435,5.881323832429511e-06,primary
sub-019,0.4805507453691136,0.1720082972272647,0.23593462794463968,0.06287041684636518,2.499654603971036,-5.69108749626846e-06,primary
sub-019,0.4778111401902022,0.23754484755714914,0.23593462794463968,0.0749397266187909,1.46028553402322,3.3315995881824723e-06,primary
sub-019,0.47871153371433833,0.2536982196361824,0.23593462794463968,0.06799457171787905,1.2833190954953724,5.705609769618456e-07,primary
sub-019,0.459593567688719,0.16776225819527057,0.2831215535335676,0.07500944038571704,1.4578063535697678,1.1652854637032875e-05,primary
sub-019,0.45472101017486033,0.2735273413189197,0.18874770235571173,0.07587244942793815,1.5147776993006452,5.886337631508748e-07,primary
sub-019,0.4508001715876296,0.12201495056296358,0.23593462794463968,0.059864346440244576,1.6455039128792104,5.366673193268131e-06,primary
sub-019,0.5068901590939942,0.1786081265711782,0.23593462794463968,0.09197397900370007,1.4365115092417626,7.654835558050755e-06,primary
sub-019,0.47141862711649235,0.3183279844978093,0.37749540471142345,0.11124578176555343,1.130843335413651,4.3386704352945173e-07,primary
sub-019,0.50720535345839,0.21956877518632004,0.23593462794463968,0.08887782011801261,1.660185414816262,5.728706912381639e-06,primary
sub-019,0.48161440422550045,0.2073765043293425,0.23593462794463968,0.07387867264223308,1.4999772965986222,9.05351051330642e-06,primary
sub-019,0.465077148164612,0.16612687087397393,0.23593462794463968,0.06460704259312082,1.573812204565025,-2.8413966503367993e-06,primary
sub-019,0.5032189946974756,0.3550022365512289,0.33030847912249556,0.10841832729101064,1.4663456347899142,-4.147210071342872e-06,primary
sub-019,0.45143157239063475,0.12159740773185414,0.2831215535335676,0.0614694925069303,1.5626755631848546,3.4292213415950393e-06,primary
sub-019,0.5032189946974756,0.2818997040794334,0.4246823303003514,0.103218021309101,1.1815891986431286,7.113874141359699e-06,primary
sub-019,0.5064236642531392,0.3280333679753483,0.2831215535335676,0.12002134705789083,1.317338300090586,4.352566792288652e-06,primary
sub-019,0.47871153371433833,0.17724157058275575,0.23593462794463968,0.07452766525468317,1.5063896098347838,-1.9977943702671947e-07,primary
sub-020,0.43263563228209234,0.25808646319085066,0.2831215535335676,0.07718623366666054,1.4080128289850016,1.4742511283278023e-05,primary
sub-020,0.4605163836385802,0.19264422910137344,0.2831215535335676,0.08246707541120744,1.3942687518177401,-2.7964624437612718e-06,primary
sub-020,0.49812882618123155,0.16638496453114202,0.18874770235571173,0.06268303058935203,1.9761435111388166,-2.680257263496774e-06,primary
sub-020,0.45516684889539094,0.2352973727717187,0.18874770235571173,0.06503188238081845,1.8939655712639234,9.376084392988838e-07,primary
sub-020,0.5099858524942185,0.1898122285231122,0.2831215535335676,0.09158001176197203,1.513679970302677,3.823908733946903e-06,primary
sub-020,0.4199738903309809,0.21180603747309049,0.23593462794463968,0.0689068853112702,1.63327300798277,-9.721195744580796e-06,primary
sub-020,0.45488372013985423,0.21254418587716772,0.2831215535335676,0.06632043087612108,1.1739305109927436,-7.042015780476682e-06,primary
sub-020,0.47061613630836463,0.1289108050542458,0.18874770235571173,0.05924233484208699,1.4952726398053218,-4.557775466912283e-06,primary
sub-020,0.4741211508474401,0.23892967191974698,0.23593462794463968,0.0863340859715033,1.1740369010553222,5.402331382178975e-06,primary
sub-020,0.4675996296812761,0.16592417859100902,0.23593462794463968,0.05846603241637187,1.7603591209581881,-1.4036457951319351e-06,primary
sub-020,0.4073358543030059,0.1466034741918754,0.18874770235571173,0.06837128332118882,1.7842103633748612,-6.738327395724118e-06,primary
sub-020,0.5079814837119813,0.2829114726927326,0.2831215535335676,0.08179706198366551,1.588150958063901,9.056769660220303e-06,primary
sub-020,0.4508001715876296,0.0659503335338282,0.2831215535335676,0.038690812105424126,2.658055869566314,-2.199218213079806e-06,primary
sub-020,0.48756216618376685,0.25648291210530294,0.2831215535335676,0.08817834360197385,1.3702166777647278,-3.765444832792857e-06,primary
sub-020,0.4778111401902022,0.344329108116433,0.23593462794463968,0.08524568557980432,1.421733123820086,-7.771189710103581e-07,primary
sub-020,0.4714800033901207,0.266140228677026,0.23593462794463968,0.07367542799758611,1.397159878496579,-7.962219540699177e-06,primary
sub-020,0.49894751207332205,0.2199750924057966,0.2831215535335676,0.08813197774450249,1.3425649973479032,1.6078635974567135e-06,primary
sub-020,0.4778111401902022,0.13219524976681662,0.18874770235571173,0.04556586036223822,2.44031448987857,-2.2653626983508976e-07,primary
sub-020,0.4805507453691136,0.15847672192081333,0.2831215535335676,0.06755331674966322,1.3570321839516304,-2.233884454730312e-06,primary
sub-020,0.4631627334424912,0.2485478420452456,0.23593462794463968,0.08329752073584569,1.0047587259984374,-6.169522660989352e-07,primary
sub-020,0.4671097300327869,0.09525704625313149,0.18874770235571173,0.057935719000266526,1.668627251104947,-6.329850980196329e-06,primary
sub-020,0.4303882973556318,0.16015101363629303,0.2831215535335676,0.06680473132831616,1.3075400285987755,-7.523013455229073e-06,primary
sub-020,0.452147721797839,0.3090401009865931,0.33030847912249556,0.09261089673034666,1.1700757359600285,-2.271334501699363e-06,primary
sub-020,0.5346291771360291,0.17941188670781158,0.18874770235571173,0.0759497446735467,1.7797670547315705,3.0753395638233343e-06,primary
sub-020,0.4924130674632365,0.11825006038382334,0.23593462794463968,0.0572864089066778,1.9180407203757643,-1.0254285208164609e-06,primary
sub-020,0.4448545263436244,0.13459015397276464,0.23593462794463968,0.06207396361869345,1.3194494480166092,5.4771485676936515e-06,primary
sub-020,0.4565217409068788,0.17036657712926737,0.23593462794463968,0.05877646241514005,1.4504030415467006,-6.137370888605633e-06,primary
sub-020,0.4837516932807236,0.1966039960795975,0.18874770235571173,0.06554310626925211,1.5780466136128743,-8.534181517962664e-07,primary
sub-020,0.43591289661734556,0.21327357437543656,0.23593462794463968,0.06896441826276976,1.2760039129326197,1.4655017185870572e-06,primary
sub-020,0.44535232791133755,0.1745509960773445,0.2831215535335676,0.06109674053900408,1.3967689467429747,4.944944811879572e-06,primary
sub-020,0.48958695983087336,0.128592207608523,0.18874770235571173,0.0663801008826371,1.8877356675509394,-3.745546052147461e-06,primary
sub-020,0.46720965013303023,0.37616873861973354,0.33030847912249556,0.10811677414887998,1.080728920632948,-2.33362272976756e-06,primary
sub-020,0.45981117869110427,0.20032299031261186,0.23593462794463968,0.07828612587365491,1.0646477026577408,-9.050731900581528e-06,primary
sub-020,0.4231403495559099,0.21258335378865867,0.18874770235571173,0.06944272082546063,1.7958966144949835,3.2631705941620203e-06,primary
sub-020,0.5097830175668449,0.28154439426257377,0.2831215535335676,0.0838492076015413,1.7430379043131736,5.192993270944769e-06,primary
sub-020,0.4793112394639275,0.2420823022806037,0.23593462794463968,0.07896844048825509,1.1692621736263304,4.3894605509658175e-07,primary
sub-020,0.4605163836385802,0.28603814638699754,0.33030847912249556,0.08506731039064121,1.4360583880475546,1.8488625651176426e-07,primary
sub-020,0.4772055521755715,0.08712025607950812,0.2831215535335676,0.07225688052325195,1.627182632059297,2.8427786623234785e-06,primary
sub-020,0.5014889886347045,0.16191268516274754,0.18874770235571173,0.06335016111448494,2.0867885126113657,3.311734061625283e-06,primary
sub-021,0.521015505396814,0.3797973613595865,0.37749540471142345,0.11289051879994848,1.44049237080152,-4.521360972834128e-06,primary
sub-021,0.5043265968036498,0.3689411773072926,0.2831215535335676,0.10323677559051876,1.498391527282776,-6.98535365232997e-06,primary
sub-021,0.45981117869110427,0.2084114662192522,0.23593462794463968,0.08573070099725287,1.2726840970098041,-7.245204529287617e-06,primary
sub-021,0.4924130674632365,0.2847365622220242,0.33030847912249556,0.09343685185899442,1.4434616281132413,3.653737471160633e-06,primary
sub-021,0.49044594179738504,0.3086304694155915,0.33030847912249556,0.08295736318425682,1.54369334988274,-3.3266674731779433e-06,primary
sub-021,0.5032189946974756,0.14287528820947012,0.2831215535335676,0.07613524661071254,2.0416653480457234,-7.116120815041684e-07,primary
sub-021,0.505046667040039,0.37803607093810054,0.2831215535335676,0.11551966431598985,1.2106798993523409,-2.0182707547635862e-05,primary
sub-021,0.5034102409331138,0.17168100923225504,0.23593462794463968,0.0676449489726646,1.8045122476060798,1.6981984995222714e-05,primary
sub-021,0.49408441229558286,0.09501916186309373,0.18874770235571173,0.049178429937848,2.64621252782255,2.3380177019773024e-06,primary
sub-021,0.5054522473385414,0.3235816267901353,0.2831215535335676,0.10757358424463159,1.2519562503642274,3.113016206505196e-06,primary
sub-021,0.5015239328327662,0.1026062349475361,0.2831215535335676,0.04739944370654164,2.9835955572865642,7.292213791927471e-07,primary
sub-021,0.4726897981975201,0.3832229593744436,0.33030847912249556,0.11516786693377762,1.0384600143534222,1.2924861308589183e-06,primary
sub-021,0.5024053445052405,0.33176191232102975,0.33030847912249556,0.08912934587531737,1.7994253026266178,-4.615082889250886e-06,primary
sub-021,0.47938414897516524,0.17165011682792247,0.23593462794463968,0.05754997615262098,2.1228515621555046,4.675519306359665e-06,primary
sub-021,0.4741211508474401,0.13952479930131986,0.37749540471142345,0.08208125166840559,1.2616341039007313,2.7625981653679427e-06,primary
sub-021,0.5032189946974756,0.17736770743770053,0.2831215535335676,0.0710477355969812,2.169470941441173,7.768264801298741e-07,primary
sub-021,0.4548837201398543,0.17852648582540295,0.2831215535335676,0.0816521733917246,1.201638112894673,8.296099270558816e-06,primary
sub-021,0.4732213141710635,0.24636392312104985,0.23593462794463968,0.07369992324287397,1.4695991802494706,-1.595382853046753e-05,primary
sub-021,0.4957321959053476,0.2113090936672069,0.23593462794463968,0.07593956122298565,1.7054883280331437,-2.517865411967071e-05,primary
sub-021,0.5054522473385414,0.3780934067712918,0.2831215535335676,0.11476324341330721,1.291796065757659,7.6161947921067505e-06,primary
sub-021,0.5201661895267066,0.3943506327696226,0.2831215535335676,0.10497018780888889,1.466284025430084,-7.454088282620496e-06,primary
sub-021,0.4793112394639275,0.2107132126767994,0.2831215535335676,0.07976262057120001,1.5054562194740655,8.409968482255627e-06,primary
sub-021,0.5014889886347045,0.37320424588994294,0.33030847912249556,0.10072528773706267,1.2451352438568934,-2.5885633073303264e-06,primary
sub-021,0.479211319363684,0.19640022633869889,0.23593462794463968,0.07662124647738354,1.3949684087140404,3.2306107362417047e-06,primary
sub-021,0.4778111401902022,0.35433576158556007,0.23593462794463968,0.11186887968676329,1.106424381488815,3.792870987752909e-06,primary
sub-021,0.5122320958170693,0.2734848508482031,0.33030847912249556,0.11960693432377861,1.225776580495692,1.0453710109568327e-05,primary
sub-021,0.4781141583494446,0.3051171342738824,0.33030847912249556,0.10066526482849289,1.58472984193908,-1.5133629886291684e-05,primary
sub-021,0.47938414897516524,0.2120446582461609,0.23593462794463968,0.07383735595002942,1.8595301411260357,4.5944946503804196e-07,primary
sub-021,0.4732213141710635,0.2541710833687189,0.2831215535335676,0.06848760191309042,1.6800988429623025,7.65300998110039e-06,primary
sub-021,0.4886258250401537,0.28223246768421634,0.33030847912249556,0.09713505932391486,1.2126471307572506,-2.027414399797164e-06,primary
sub-021,0.43937441753360434,0.20840126957700628,0.2831215535335676,0.06732566276062935,1.533907199837799,-4.093509250635214e-06,primary
sub-021,0.5171730007999954,0.22171395850461528,0.33030847912249556,0.0685159732511692,2.2501765624198513,8.883611438543954e-06,primary
sub-021,0.5051402469958848,0.30163749541118584,0.2831215535335676,0.10527517785673075,1.2004343152631503,-5.400876354395446e-06,primary
sub-021,0.47642310016807854,0.22239700406042526,0.23593462794463968,0.07938122972398717,1.4190221989123004,5.736299293784262e-06,primary
sub-021,0.5024053445052405,0.20074582412001307,0.23593462794463968,0.06973143276565044,1.9891195643712618,7.104023921278923e-06,primary
sub-022,0.49286633456251916,0.20074933345220466,0.23593462794463968,0.07835278596727345,1.3905380530896352,1.1753011381386698e-07,primary
sub-022,0.4741211508474401,0.09515634548358466,0.18874770235571173,0.07372713817647937,1.402172510363129,-3.9238646135597965e-06,primary
sub-022,0.46720965013303023,0.17170838276879902,0.2831215535335676,0.06799303372291399,1.3519827232080994,3.040193620065384e-06,primary
sub-022,0.4866600907409922,0.23791002143051074,0.2831215535335676,0.06783338385101018,1.8470501420776348,-3.8600339235883514e-06,primary
sub-022,0.5079814837119813,0.27298204349662275,0.37749540471142345,0.08888072987402498,1.496074887425634,1.208663458321847e-05,primary
sub-022,0.5152539850601328,0.27503559689576657,0.2831215535335676,0.11503582425217439,1.2227717360055497,5.942488441168816e-06,primary
sub-022,0.4924130674632365,0.3443495923640473,0.2831215535335676,0.10338420635009969,1.2485836545816402,-5.079808498112951e-06,primary
sub-022,0.48161440422550045,0.3213012756134063,0.37749540471142345,0.09333849324285648,1.536384664984874,2.551778258693387e-06,primary
sub-022,0.49628031648911414,0.21622310846963594,0.2831215535335676,0.07704350152655638,1.788620181159528,-2.647093925649407e-06,primary
sub-022,0.45432394004311916,0.054226353771151495,0.1415607767667838,0.041069843305435075,2.0929448359431087,-6.318017288424162e-07,primary
sub-022,0.5195538321144706,0.2601385791507622,0.23593462794463968,0.0760567311511741,1.7663454637595413,-2.826285322238382e-06,primary
sub-022,0.4976998481538967,0.2707037359173631,0.2831215535335676,0.09492705682803357,1.3370988016157894,1.2822665894281517e-06,primary
sub-022,0.4448592566841513,0.31570305808941,0.23593462794463968,0.0817708846067315,1.1048574555462929,7.662152016530352e-06,primary
sub-022,0.4923298008647966,0.29012706144484746,0.2831215535335676,0.09982194656551716,1.447394250802101,4.029868740288562e-07,primary
sub-022,0.42950953038978584,0.1281681991697775,0.23593462794463968,0.04379936312355989,3.333180394395257,9.786464067179388e-06,primary
sub-022,0.44515513499324183,0.17304270489836499,0.18874770235571173,0.0651434233891392,2.117981494167929,1.673558155533488e-06,primary
sub-022,0.45981117869110427,0.19266254807749236,0.18874770235571173,0.06003620762015619,1.610916357501502,-3.560128670233768e-06,primary
sub-022,0.4934702929298053,0.32772125202173874,0.33030847912249556,0.09529628975650623,1.2589121726188073,3.7577768788155597e-07,primary
sub-022,0.4616955804274414,0.200179174193961,0.23593462794463968,0.06335628487272248,1.9457417498182463,1.3611794976148371e-06,primary
sub-022,0.45074155189916054,0.16579225484274407,0.18874770235571173,0.06084080001546149,2.2383010448704392,2.979598652666596e-06,primary
sub-022,0.4795644315756274,0.2004888607494036,0.2831215535335676,0.09355809863422102,1.6370297899041217,-1.916841906073429e-06,primary
sub-022,0.4586193868980292,0.1863982032877181,0.23593462794463968,0.06206619099525574,1.6462209903011067,3.4589356242779836e-06,primary
sub-022,0.41746112378292777,0.19661080660731126,0.18874770235571173,0.06637580967984058,1.7432326494399264,2.529124151658657e-06,primary
sub-022,0.49731517598899655,0.2355954420448345,0.33030847912249556,0.08280249253714739,1.5060611918384887,-1.8590398660241888e-06,primary
sub-022,0.41774999334677515,0.15998560285189145,0.23593462794463968,0.07061295825520802,1.1851672535132667,2.4851100102561184e-06,primary
sub-022,0.4987099557639656,0.1448221491278785,0.23593462794463968,0.06292839218731104,1.8155483900877867,6.6526839603406564e-06,primary
sub-022,0.4851255791640978,0.09803534112643553,0.1415607767667838,0.039298404023273344,3.105242432005224,-8.513788058950215e-06,primary
sub-022,0.4987099557639656,0.26417157164216537,0.23593462794463968,0.07189382881222249,1.9997600191943878,-7.038137761437938e-06,primary
sub-022,0.45062547059607794,0.13388949468743627,0.2831215535335676,0.04419722570918786,2.888013313822813,3.4756141522154067e-06,primary
sub-022,0.5101388679472054,0.427361509979733,0.37749540471142345,0.1197106578733107,1.3852376184349726,-1.1158306404321663e-06,primary
sub-022,0.5006661287538834,0.2564721465189075,0.2831215535335676,0.07520475193851235,1.4940326896978164,4.903747009038886e-06,primary
sub-022,0.518397952681284,0.25573545231567374,0.2831215535335676,0.08669519121382642,1.749027429786319,-9.961372101782997e-06,primary
sub-022,0.5119071047926278,0.29365733564186786,0.4246823303003514,0.10054157013818019,1.4024446105309913,4.195520063011906e-06,primary
sub-022,0.4666099443834411,0.28236762238828833,0.2831215535335676,0.0867404173833101,1.2279022501460712,-3.7006457871301305e-06,primary
sub-022,0.4536228116001977,0.16992621033923688,0.23593462794463968,0.06131909649165363,1.6955979486128792,4.931377016563492e-06,primary
sub-022,0.47061613630836463,0.25593337413720063,0.23593462794463968,0.08438560054266928,1.1052161996511325,3.285059435299271e-06,primary
sub-022,0.4862072779741165,0.3784802003540515,0.33030847912249556,0.11199598037289851,1.2864716118474273,2.9575545556290125e-06,primary
sub-022,0.46620989335641017,0.3917775141789252,0.33030847912249556,0.10612871452960539,1.1539389885117268,6.677329668601034e-06,primary
sub-022,0.48639556978981857,0.33948712490449917,0.2831215535335676,0.09477687975531628,1.2646434317530402,2.8328642249042295e-06,primary
sub-022,0.4410030651335895,0.21682613568443632,0.23593462794463968,0.0712760175540606,1.177676592971352,-4.729974619663133e-06,primary
sub-022,0.47079971937554904,0.30663069558130973,0.23593462794463968,0.08889826923984788,1.0720095159568683,1.2400089354726362e-06,primary
sub-022,0.5214750844128798,0.2560793275783121,0.2831215535335676,0.08092775613251518,1.708050912215986,6.784102249434249e-06,primary
sub-022,0.4127581527550983,0.15254425377898465,0.23593462794463968,0.06520079521006289,1.40052020290113,3.3063670992229386e-06,primary
sub-022,0.45383463325584794,0.12756122563801875,0.2831215535335676,0.04960095130743422,2.1060151228242825,-7.3011145985259965e-06,primary
sub-022,0.5069679193384483,0.3305457768835633,0.37749540471142345,0.13667760448943858,1.1550306053762598,5.905434623919078e-06,primary
sub-022,0.4586193868980292,0.22494373181835758,0.23593462794463968,0.06708120414448807,1.4422861505260185,-3.140689079337562e-06,primary
sub-022,0.29651704369278825,0.09206061770949049,0.18874770235571173,0.061076007408685004,2.2639100241530166,-6.783482554033385e-06,primary
sub-022,0.49185872624856797,0.06884438236350689,0.18874770235571173,0.03838972816247784,3.0536630951713635,-1.6380677660027463e-06,primary
sub-022,0.46638983487387675,0.216683706984898,0.23593462794463968,0.07015098906128298,1.5078196111075126,-1.9616535052155817e-06,primary
sub-022,0.4586193868980292,0.1154124300420471,0.18874770235571173,0.04305384141422162,1.9113547778337776,-1.908971614936739e-06,primary
sub-022,0.4767402724660703,0.24470024987809588,0.2831215535335676,0.07093425758763808,1.7759080840491142,-1.1071614890075463e-06,primary
sub-022,0.4825755390162201,0.26920579628420777,0.23593462794463968,0.0945317972573543,1.4706371202976136,-4.137789242204622e-06,primary
sub-022,0.4866600907409922,0.3400323669637343,0.2831215535335676,0.09207009456265211,1.3251030993902257,-1.1291354703911452e-06,primary
sub-022,0.465077148164612,0.19463648338788367,0.23593462794463968,0.07505844690059629,1.3116854049383717,-2.1069878759381238e-06,primary
sub-022,0.5304325019550014,0.3847141640031254,0.2831215535335676,0.11671707598024197,1.3972681593536251,4.599733151069008e-06,primary
sub-022,0.5122540884610618,0.201936037906064,0.2831215535335676,0.07108694689660225,1.83430181212909,-1.8536850088047658e-06,primary
sub-022,0.45383463325584794,0.23778986683144898,0.23593462794463968,0.07292187621596453,1.20393881644017,-5.760964956593715e-07,primary
sub-022,0.45124503438300373,0.17107974192770622,0.33030847912249556,0.05707891872973446,2.0173090061749033,-3.050664788520732e-08,primary
sub-022,0.4841916800165828,0.21896817990372913,0.33030847912249556,0.0665368452125874,1.982132425925315,8.464015582921445e-06,primary
sub-022,0.4558317204154046,0.24049505662540957,0.23593462794463968,0.06954756630095162,1.6441853847333003,5.283085888091061e-06,primary
sub-022,0.5311657821303746,0.2782187058970729,0.23593462794463968,0.11860534165982321,1.3631114022442896,2.6685707979409033e-06,primary
sub-022,0.5064606535216021,0.2966992661019696,0.2831215535335676,0.0817321594548102,1.6214156308719119,-2.2893376973907504e-06,primary
sub-022,0.4246874741485154,0.11804080083373546,0.2831215535335676,0.04738840809487887,2.9638609247873595,5.43191373497578e-06,primary
sub-022,0.4790114421500386,0.24849884688074245,0.2831215535335676,0.08578008100720223,1.3291746452685724,2.168199704879036e-06,primary
sub-022,0.47959836999095684,0.20974273864593476,0.33030847912249556,0.0739855227945513,1.564400305602873,7.211362272922528e-06,primary
sub-022,0.5278209165334482,0.2634603265830142,0.23593462794463968,0.09049167054520739,1.7748477282756896,5.005206872123966e-06,primary
sub-022,0.4736213651980944,0.2876820724517809,0.2831215535335676,0.0881425080444055,1.2351166921468695,-2.463452755382492e-06,primary
sub-022,0.4375960402970927,0.19550221163775428,0.23593462794463968,0.06064800887014742,1.0758004353459036,-4.180377270296192e-06,primary
sub-022,0.49078972586484004,0.15900080026834298,0.23593462794463968,0.08195175219283357,1.3549573715491636,4.310238645637554e-06,primary
sub-022,0.4732925945088999,0.12223986754620482,0.23593462794463968,0.0543696813612999,1.749700410978311,7.43705623663798e-06,primary
sub-024,0.4325732297859362,0.31356152043960156,0.33030847912249556,0.08791121088805502,1.674525468367181,1.7584223545552491e-06,primary
sub-024,0.49185872624856797,0.16064420913780666,0.2831215535335676,0.05974048599480405,2.1093325532978326,6.5402015789409055e-06,primary
sub-024,0.5039302552805378,0.15074352150564396,0.33030847912249556,0.08726173594629301,1.3206266591894082,6.58569796439538e-06,primary
sub-024,0.49185872624856797,0.2528466343676871,0.2831215535335676,0.08197488558061149,1.4131013386302598,3.8794277769220695e-06,primary
sub-024,0.4978011466794933,0.12287409815053459,0.18874770235571173,0.048601797397412556,2.4360125914963713,4.392841930475932e-06,primary
sub-024,0.48069000244413135,0.09994996948620195,0.18874770235571173,0.0478611726699971,2.606445269050891,-4.258151109541258e-06,primary
sub-024,0.4535292183817853,0.17453643675173217,0.2831215535335676,0.07965396153358004,1.1652750231980873,8.967354998265543e-06,primary
sub-024,0.5050736480276447,0.14413390158378706,0.37749540471142345,0.11707490367919578,0.9276520845534113,2.9092765912973083e-06,primary
sub-024,0.4790009620062757,0.1653741421971078,0.18874770235571173,0.06745502674783724,1.8431896553157001,-4.3345056424705165e-07,primary
sub-024,0.48484730543391463,0.15734557072377747,0.23593462794463968,0.06227995143772827,1.660111324563775,-1.724390551890103e-06,primary
sub-024,0.4224981095751327,0.18116805909663933,0.23593462794463968,0.05714001394252465,2.631586221877275,3.5097700601277694e-07,primary
sub-024,0.49874487645547405,0.17168100923225504,0.23593462794463968,0.062436503321907026,1.737471390994816,4.316124240427901e-06,primary
sub-024,0.4886258250401536,0.22568367506771217,0.2831215535335676,0.08453757263040698,1.2479017660290388,7.567565160144713e-06,primary
sub-024,0.46723117208714615,0.10477895123317689,0.23593462794463968,0.04054997697612225,2.149777386900241,-1.7160037347872324e-06,primary
sub-024,0.4594141085593631,0.13512307874306342,0.18874770235571173,0.05909658088730068,1.3939755394137714,-3.103429741907163e-06,primary
sub-024,0.4822733655483624,0.16967090858635517,0.18874770235571173,0.07086722677112929,1.5953278067527117,-1.146459516438707e-06,primary
sub-024,0.49185872624856797,0.18339451827028208,0.2831215535335676,0.0726054303535505,1.6577114645997564,1.2569761602277004e-06,primary
sub-024,0.4805507453691136,0.1828931486929123,0.33030847912249556,0.06093944191816804,1.7977907489876932,4.72925234259097e-06,primary
sub-024,0.4448545263436244,0.23277085056873703,0.2831215535335676,0.06603150708616494,1.773583590326617,1.4465732225007253e-07,primary
sub-024,0.40808327491712293,0.16575313044672188,0.23593462794463968,0.05935292924989758,1.5113133683761206,-1.1528184011620242e-06,primary
sub-024,0.48756216618376685,0.22229212512399224,0.23593462794463968,0.0766509928208123,1.743538015350125,3.0762862007734326e-06,primary
sub-024,0.49904881059891876,0.4702472642816587,0.37749540471142345,0.13451199537357555,1.1022059127804236,7.2437877323182845e-06,primary
sub-024,0.49286633456251916,0.20059150322294922,0.23593462794463968,0.07555422489071542,1.2697951119912263,1.4085022976509003e-06,primary
sub-024,0.44060949743639627,0.24004035170768806,0.23593462794463968,0.08555491994597204,1.4667777666047017,-1.189089891393694e-06,primary
sub-024,0.4781141583494446,0.22987111152726644,0.18874770235571173,0.08610913538672707,1.4159686229694302,1.6474296947229323e-06,primary
sub-024,0.4732925945088999,0.1313141951395692,0.23593462794463968,0.050791749083544245,2.1297495552903785,-4.237717844551271e-06,primary
sub-024,0.50367062410188,0.22603147956815606,0.1415607767667838,0.07522734943226565,1.8573118211119448,3.4035000973182067e-07,primary
sub-024,0.4901817417898095,0.14506533961277515,0.2831215535335676,0.05858682881648235,2.0215631028786447,2.425418432730203e-06,primary
sub-024,0.45966230006767334,0.18800569714894436,0.23593462794463968,0.06985052371712273,1.5074567629775848,-1.6961598727477381e-06,primary
sub-024,0.5012679377760653,0.24984653810907712,0.2831215535335676,0.08100647379533102,1.6282761474490637,6.8897249223728815e-06,primary
sub-024,0.4436219460638771,0.19298311885413194,0.2831215535335676,0.06883062809390243,1.2219172760394494,-1.3295654535610794e-06,primary
sub-024,0.47061613630836463,0.1267808300147921,0.18874770235571173,0.07733308815886179,1.638595088423136,3.7323866105396565e-06,primary
sub-024,0.4400225589676081,0.09562199770519876,0.1415607767667838,0.040881631056904094,3.5235449694775016,3.092088599295519e-06,primary
sub-024,0.4732925945088999,0.20133060592682533,0.18874770235571173,0.06137963448494815,1.8331469524523203,2.0605253914853743e-06,primary
sub-024,0.49362121162026323,0.1928434795460803,0.2831215535335676,0.07037671194269655,1.44571332074538,-1.008396171693479e-05,primary
sub-024,0.4936715115556455,0.17618028877187214,0.23593462794463968,0.06791754534015643,1.7416189126667896,5.064315962316296e-06,primary
sub-024,0.4793112394639275,0.19697954572856397,0.23593462794463968,0.06842493772824126,1.3337390095498267,7.155818415727754e-06,primary
sub-024,0.4580725649262472,0.24251557438772917,0.23593462794463968,0.07782177692047068,1.6265161522577694,3.761739032017853e-06,primary
sub-024,0.4625160143023571,0.2751764565153028,0.2831215535335676,0.07695493515149297,1.2797529934857197,-4.6381169468856254e-06,primary
sub-024,0.397832728412398,0.08502197107314377,0.23593462794463968,0.04777867214486418,2.685291017353607,1.266210020522203e-06,primary
sub-024,0.4895203080850466,0.1781905388212423,0.23593462794463968,0.06522810290811436,2.5551709148699286,1.388462927425406e-06,primary
sub-024,0.39724943625480813,0.08344267577672385,0.1415607767667838,0.031912152830222335,2.4415959261987927,-3.002192636143056e-06,primary
sub-024,0.3306664943292678,0.06354068303714862,0.23593462794463968,0.02987653623867618,3.902329840091593,-3.051614372203108e-06,primary
sub-024,0.4366561062263639,0.20933979615927073,0.2831215535335676,0.0684853900559877,1.5154791022169876,-1.2159428960838875e-05,primary
sub-024,0.4636610569790147,0.17422649566854245,0.23593462794463968,0.07502276336290821,1.3695140852268006,-4.002902234077332e-06,primary
sub-024,0.5024053445052405,0.2742949916693215,0.2831215535335676,0.0973802854741517,1.3628548672108998,7.76723843786349e-06,primary
sub-024,0.4822733655483624,0.24288445212044676,0.23593462794463968,0.07828864709637352,1.4393979636068372,3.896281776354596e-06,primary
sub-024,0.47061613630836463,0.2966622482593652,0.33030847912249556,0.09755797765085755,1.2519489354601583,-1.3528383710364873e-05,primary
sub-024,0.485854913747866,0.16691002358101828,0.23593462794463968,0.05690962915537025,2.0068953732381893,-1.8011925567756316e-06,primary
sub-024,0.46158975948424785,0.10721925225245171,0.23593462794463968,0.03931693695163399,3.6212411960420923,1.016723355842042e-06,primary
sub-024,0.4389190668561502,0.1513178167429542,0.23593462794463968,0.05931149625314318,1.4414791486627818,-1.3951385820494313e-06,primary
sub-024,0.5012679377760653,0.20215080674068694,0.2831215535335676,0.0825418570454016,1.6572737882448954,-2.496199703692637e-06,primary
sub-024,0.46720965013303023,0.35129325696596475,0.2831215535335676,0.09991620688492803,1.3257679814849739,1.6783628738234648e-05,primary
sub-024,0.4497935516236103,0.13439093555691148,0.23593462794463968,0.05767988908883534,1.8402331987910014,8.28909462258196e-06,primary
sub-024,0.479211319363684,0.20175002638182699,0.18874770235571173,0.06034649444762153,1.991521176553757,4.341835683720014e-06,primary
sub-024,0.4251373676961815,0.241412067235291,0.23593462794463968,0.0854720379439698,1.1366806529379692,-2.2751280612911363e-06,primary
sub-024,0.4487559625834404,0.10011852351482048,0.1415607767667838,0.038287254082686434,2.4187263847699643,3.655252380544703e-06,primary
sub-024,0.45589034010387364,0.29794476439690815,0.33030847912249556,0.08831682989708305,1.3011104416179775,2.2925596390737486e-07,primary
sub-024,0.4819266942191261,0.19257962730180553,0.23593462794463968,0.06418788338044941,2.658436713614353,3.156396617759897e-07,primary
sub-024,0.42984794016137834,0.11157723194947493,0.2831215535335676,0.04546488848227844,3.1640653174392495,-3.012139935530787e-06,primary
sub-024,0.3965806387388825,0.12117680510111128,0.18874770235571173,0.0632257905276527,1.5913711532102117,-6.471902898976262e-06,primary
sub-024,0.5012679377760653,0.1585695999652937,0.23593462794463968,0.05540980380606035,2.473511380812482,2.5878901883094735e-06,primary
sub-025,0.44337825972774747,0.14788368626386647,0.18874770235571173,0.04790309372883277,1.6300847046158562,-1.2586160125174204e-05,primary
sub-025,0.4382628574798292,0.2639923013293762,0.33030847912249556,0.0806010129132374,1.186847862831333,1.5921191194921545e-06,primary
sub-025,0.4936715115556455,0.39626839735848995,0.33030847912249556,0.09778745585925558,1.1854322666144836,-2.9727294665947475e-06,primary
sub-025,0.4486188635177984,0.20192316443458738,0.23593462794463968,0.06913778408498879,1.2469973689175966,-8.222264397011392e-07,primary
sub-025,0.41486086811237943,0.1703965244928376,0.23593462794463968,0.05322526689856472,1.2588960022339246,-5.179459277515262e-06,primary
sub-025,0.48958695983087336,0.43971503115124294,0.4246823303003514,0.11826819963855285,1.1009446041966104,3.9777020907311484e-07,primary
sub-025,0.4732213141710635,0.07613797799538011,0.18874770235571173,0.05679504968907495,1.3781129248058939,6.006290951901597e-06,primary
sub-025,0.45177512398615344,0.23901690047049984,0.23593462794463968,0.08532235920492526,1.4435833475570012,-8.906685964968936e-06,primary
sub-025,0.4366561062263639,0.22241865095626112,0.33030847912249556,0.07444203439353507,1.3019057687391953,-9.472778710710738e-06,primary
sub-025,0.4002908725144331,0.184711044191336,0.23593462794463968,0.07142442210397983,1.2662131266282748,4.562487262329702e-06,primary
sub-025,0.465077148164612,0.1472221329594422,0.23593462794463968,0.06315909258850036,1.638031451004896,-8.652010717202704e-06,primary
sub-026,0.5051402469958848,0.4259037757854385,0.37749540471142345,0.11425212168966453,1.1975932935755094,1.0362040243870993e-06,primary
sub-026,0.43591289661734556,0.22093004804601446,0.23593462794463968,0.06977924439024139,1.4434581689018589,-3.71379723545959e-06,primary
sub-026,0.45298239641000326,0.19839318922191165,0.18874770235571173,0.0659965724764907,1.6949633999791276,-1.1918304909003766e-06,primary
sub-026,0.4957321959053476,0.15170986826644947,0.23593462794463968,0.06678575611398313,1.9651664372753157,8.520847332966261e-07,primary
sub-026,0.505046667040039,0.38095869792034187,0.37749540471142345,0.1067165301831845,1.2367707027615846,1.0033134086174784e-05,primary
sub-026,0.4566789901437159,0.15898789856160836,0.18874770235571173,0.05539087008905148,1.7582496286115707,-4.071681636125438e-06,primary
sub-026,0.45457213155142934,0.285998286904953,0.2831215535335676,0.09695722538827477,1.201930576281997,-1.8341439466943973e-06,primary
sub-026,0.47079971937554904,0.31079662975135336,0.23593462794463968,0.08436511473903455,1.3087702824090426,-7.687322492480172e-07,primary
sub-026,0.4697123754216693,0.33878928728132557,0.33030847912249556,0.09893694252055671,1.0300196673063926,1.9245256856740767e-06,primary
sub-026,0.4280825204473412,0.13492609299007227,0.23593462794463968,0.0653986066301535,1.4366326371348592,3.270565106808321e-06,primary
sub-026,0.49286633456251916,0.1882133788725575,0.23593462794463968,0.07008641597332185,1.8240170515433305,2.234505775995449e-06,primary
sub-026,0.5129922612516331,0.23037472719447458,0.2831215535335676,0.07445233538210376,2.017208007914793,3.833500494421146e-06,primary
sub-026,0.4486188635177984,0.27888865965939524,0.23593462794463968,0.08638894739089965,1.257286896250134,1.6590588090766259e-06,primary
sub-026,0.49562905985141326,0.21549917693307744,0.2831215535335676,0.07078003878779554,1.9285679700407405,-4.916713032267119e-06,primary
sub-026,0.4172635046283779,0.09634662833379672,0.1415607767667838,0.036463066854765525,2.500623101266256,9.636353866642437e-07,primary
sub-026,0.43772580079833634,0.1749966118667834,0.23593462794463968,0.05774214472909977,1.4555200554381016,-6.583322007046462e-06,primary
sub-026,0.47016731668085593,0.20702743207174468,0.2831215535335676,0.10085926114101716,0.7836522914055223,-2.402751549280963e-07,primary
sub-026,0.4753030289741346,0.18126391523581908,0.33030847912249556,0.08685985443750664,1.578662001931477,-1.0426383799013034e-06,primary
sub-026,0.47480254393791327,0.24755281575797183,0.2831215535335676,0.07361848380720319,1.249592664601171,1.2697197085243344e-06,primary
sub-026,0.4732925945088999,0.12996163777686662,0.23593462794463968,0.04784301945323034,2.3670307341394357,-7.692119785748684e-06,primary
sub-026,0.49345814835251933,0.144830947878456,0.23593462794463968,0.05989702935521942,1.992244336999446,-7.138529204535805e-06,primary
sub-026,0.47938414897516524,0.11628040577184841,0.18874770235571173,0.04805355043187145,2.3832171953641033,-1.3318135932241575e-06,primary
sub-026,0.39963053503777285,0.11545861156482809,0.23593462794463968,0.06477573837369487,1.4152742974931127,6.050146253264041e-06,primary
sub-026,0.48834116022076485,0.29089854354261513,0.2831215535335676,0.10863270980088074,1.427688983763118,1.1132499542429336e-06,primary
sub-026,0.44545090659938624,0.1624251164670762,0.23593462794463968,0.05453058601694129,1.6325774344629238,-5.076598683378263e-06,primary
sub-026,0.456950784922398,0.20059024170290585,0.2831215535335676,0.07475637666077277,1.5070364808893426,9.575749843701427e-06,primary
sub-026,0.46490134720734827,0.18329764276701008,0.18874770235571173,0.05969467668441452,1.5550089228247574,3.721844880894594e-06,primary
sub-026,0.49185872624856797,0.1402615676665912,0.23593462794463968,0.07532957782128676,1.304423644336009,-1.1969454453943622e-06,primary
sub-026,0.499346685477656,0.2935373798540001,0.23593462794463968,0.10432796834840603,1.454278223125435,-1.330089464398451e-06,primary
sub-026,0.41067433328661124,0.12038872471772807,0.23593462794463968,0.04304527000128856,2.805273399038471,2.011931223242119e-06,primary
sub-026,0.48449613493774446,0.08402873598727675,0.23593462794463968,0.036963456459738406,3.83482167731696,3.7261184242272358e-06,primary
sub-026,0.44545090659938624,0.21265394464319018,0.23593462794463968,0.06186123723411131,1.5091152327015143,-7.341505611385832e-06,primary
sub-027,0.45742584578611317,0.2772107725844855,0.2831215535335676,0.07699911011268633,1.2462898632576878,3.6122350440374096e-07,primary
sub-027,0.4400113521536075,0.1338154431874324,0.23593462794463968,0.05038897889107455,1.4738462171390894,1.699130903168815e-06,primary
sub-027,0.518532182553572,0.42791503054738605,0.4246823303003514,0.11983783776698999,1.3417892241925877,2.433950701485037e-06,primary
sub-027,0.42994431840168673,0.09109372942538997,0.18874770235571173,0.04295743660559349,2.3939200761016832,6.395400872695818e-06,primary
sub-027,0.4726897981975201,0.2876820724517809,0.2831215535335676,0.08009487780698143,1.3845981094172373,-2.0322592488527813e-06,primary
sub-027,0.44030196643311104,0.2378416331795856,0.2831215535335676,0.07031051142438186,1.5883314486915574,-5.8275755143438266e-06,primary
sub-027,0.47422107094768345,0.2377358951449825,0.23593462794463968,0.08238249213181895,1.2260756240902522,5.78438145372536e-06,primary
sub-027,0.47839022583393,0.1563364730472386,0.18874770235571173,0.061790075807209154,1.7208334940190462,5.705471662200461e-07,primary
sub-027,0.45742584578611317,0.2111571064338419,0.2831215535335676,0.07755568022152026,1.3711130988502844,1.0445184728001052e-06,primary
sub-027,0.45997388865609823,0.15293309779445405,0.23593462794463968,0.05576469251518952,2.0717253485293083,-2.529508594874302e-07,primary
sub-027,0.5159461491467773,0.26649650175240147,0.2831215535335676,0.09167511400683843,1.4532337601328582,-2.4721870898110226e-07,primary
sub-027,0.42793033037926304,0.21110557275473077,0.18874770235571173,0.08378057682304131,1.4875362099716543,-8.996985194661253e-07,primary
sub-027,0.4825755390162201,0.16272202329395755,0.23593462794463968,0.06166950662639176,1.5896390430672043,-6.920463442650655e-08,primary
sub-027,0.45383463325584794,0.2754119798599665,0.2831215535335676,0.08244033036031165,1.4513938827238941,8.479550847685948e-06,primary
sub-027,0.47422107094768345,0.14330626681312955,0.2831215535335676,0.06929483137663041,1.3780155061821089,3.832130493239279e-06,primary
sub-027,0.4934702929298053,0.35134742638625693,0.33030847912249556,0.10072741834490503,1.1889446940693065,-2.3249576264036485e-07,primary
sub-027,0.4303882973556318,0.24124569333263962,0.23593462794463968,0.0694279769105892,1.401985213849415,-7.38874728121726e-07,primary
sub-027,0.48709349630133936,0.23900872388904681,0.2831215535335676,0.07791416776251824,1.8637707738631324,2.7420212594200915e-07,primary
sub-027,0.43976435782738044,0.24436995592809496,0.2831215535335676,0.06767706978461092,1.5193345946147605,4.773116342094478e-06,primary
sub-027,0.4987099557639656,0.11512699159826725,0.23593462794463968,0.04589625334165489,2.6809508524483583,8.845127712139432e-06,primary
sub-027,0.4765087956327363,0.1553355140890901,0.23593462794463968,0.06548303634951555,1.4814181228750563,6.238376717780253e-07,primary
sub-027,0.46628117369424665,0.21500680992114798,0.23593462794463968,0.0701136623484467,1.5906225231108664,2.0259737250640664e-07,primary
sub-027,0.46415668183912656,0.2977049354004331,0.2831215535335676,0.09764239277790156,0.9962517289643548,-9.22485892108307e-07,primary
sub-027,0.46450427707560715,0.1717221913569126,0.2831215535335676,0.06885224443151916,1.2264744373450251,3.0153058972358276e-07,primary
sub-027,0.44705755328159497,0.09806121317621475,0.18874770235571173,0.03912916237037014,2.195019631919912,-1.202958133064239e-07,primary
sub-027,0.4790114421500386,0.2383465468338666,0.23593462794463968,0.07224183520658221,1.0703135318280914,-2.8320300383369756e-06,primary
sub-027,0.4647524685839173,0.22738984219566089,0.23593462794463968,0.06585966513079984,1.3517265746721514,5.5455297197630035e-06,primary
sub-027,0.43937441753360434,0.1479201300766222,0.23593462794463968,0.05754593371611342,1.9811163018188318,8.223220011371298e-07,primary
sub-027,0.49678870346555637,0.09746425353560079,0.23593462794463968,0.04414880917704187,3.1883388944307467,2.0640331560863928e-06,primary
sub-027,0.45981117869110427,0.0538861140460722,0.18874770235571173,0.045630043152610725,2.392165615777201,3.1977324812146736e-06,primary
sub-027,0.48639556978981857,0.22422171853455522,0.2831215535335676,0.06838221279108835,2.15104500974409,9.989823264056457e-07,primary
sub-027,0.44545090659938624,0.147138574741802,0.23593462794463968,0.0546637372019923,1.9224824413289332,6.112256773566434e-06,primary
sub-027,0.4841916800165828,0.2529502866532317,0.33030847912249556,0.07811375462271206,1.6378650118942577,6.131065420372725e-06,primary
sub-027,0.4675996296812761,0.17663731823198367,0.23593462794463968,0.0822217199629472,1.179081151116675,-5.37844430913779e-06,primary
sub-027,0.4825755390162201,0.3881336517565244,0.37749540471142345,0.12509815637859137,0.9636419666419423,4.475878452488483e-06,primary
sub-027,0.49362121162026323,0.18693169134005128,0.23593462794463968,0.07239204390613731,1.4231007766103188,2.5179302313254493e-06,primary
sub-027,0.4442336135683505,0.21417138268105368,0.2831215535335676,0.09008839632263509,1.055861409369326,4.3608810255120875e-06,primary
sub-027,0.45906651332288256,0.14761975356794962,0.18874770235571173,0.05686885082874003,1.7994255805683967,1.5338758985636482e-06,primary
sub-027,0.45742584578611317,0.20787902924913404,0.18874770235571173,0.06742792005598122,1.2487293193144486,5.263070703107352e-06,primary
sub-027,0.47721031950085685,0.17048226765723437,0.23593462794463968,0.06356660104544772,1.2131110937322283,2.357447221516514e-06,primary
sub-027,0.4338288983399061,0.20430046351272993,0.23593462794463968,0.08966873596543692,1.0240459804473492,4.7773208213530124e-08,primary
sub-027,0.45981117869110427,0.2861527863302134,0.2831215535335676,0.08613625298468795,1.1173639716313764,6.234215696878635e-06,primary
sub-027,0.4368593609760316,0.12815852189480126,0.23593462794463968,0.050525352753667575,2.962836689266063,1.7414300817529756e-06,primary
sub-027,0.4561185811698179,0.09342829515085609,0.23593462794463968,0.0381436875516826,3.347160037655831,4.032814337895499e-06,primary
sub-027,0.44545090659938624,0.1751223222076549,0.23593462794463968,0.06520956395785266,1.2235398769043964,3.2996122254913497e-06,primary
sub-027,0.380632146276996,0.059009923348695065,0.1415607767667838,0.02903795685002339,3.2582870030972404,-3.4164027481838746e-06,primary
sub-027,0.44337825972774747,0.2590632671461283,0.23593462794463968,0.07527142631423711,1.1858291204850062,1.5522335986994013e-06,primary
sub-027,0.42141211377564375,0.2327885186733916,0.2831215535335676,0.07265571957317248,1.1925116815619736,-6.917539061930675e-07,primary
sub-027,0.4358472261855134,0.19296804518844227,0.23593462794463968,0.06769343554065242,1.9691322617300124,2.9118291602000774e-06,primary
sub-028,0.48484730543391463,0.24340370760987134,0.33030847912249556,0.08475716373513088,1.6302447226919503,1.5252191147471238e-05,primary
sub-028,0.47721031950085685,0.24168616584356042,0.2831215535335676,0.08351435490645255,1.3327087380374123,5.312594515729546e-06,primary
sub-028,0.5097307610858203,0.42013529785595816,0.37749540471142345,0.12979008517682383,1.1981026185982626,5.098506099300121e-06,primary
sub-028,0.4586193868980292,0.1283357578555431,0.23593462794463968,0.054609294387952916,1.9336835249470687,4.19882587475588e-06,primary
sub-028,0.5059589328879753,0.3945479691128159,0.2831215535335676,0.107200152952289,1.233969983460164,-1.0930040875715629e-05,primary
sub-028,0.5199110981183082,0.17095779814363954,0.33030847912249556,0.08944655704904228,1.2718508599606262,-4.6950468292685555e-06,primary
sub-028,0.46638983487387675,0.23883376705729698,0.23593462794463968,0.06841481517396428,1.784087863841981,1.0972627907940072e-05,primary
sub-028,0.4726897981975201,0.10426101032440939,0.23593462794463968,0.038876323808800316,2.6377134213917346,2.0961223788552934e-06,primary
sub-028,0.5201661895267066,0.282948335801582,0.33030847912249556,0.11943589020994852,1.1570245279766014,3.284935358682222e-06,primary
sub-028,0.47016731668085593,0.17711552637035857,0.2831215535335676,0.08271441355350503,1.1289975344525403,8.240034440504643e-06,primary
sub-028,0.4523356772698691,0.2285102904921506,0.2831215535335676,0.06602396589747725,1.7045811512146336,1.1213219256827423e-05,primary
sub-028,0.5203192049796933,0.23838000655629973,0.18874770235571173,0.07206927797067761,1.973922888379699,2.9692342782153377e-06,primary
sub-028,0.4231403495559099,0.2034384802348774,0.18874770235571173,0.06740132386644715,1.9016241954264523,-1.2663776563248134e-05,primary
sub-028,0.46204095343864204,0.08196884675446234,0.18874770235571173,0.03418713042942588,3.4442947231069727,1.0503451949437168e-06,primary
sub-028,0.5181498779058902,0.2716852374105532,0.33030847912249556,0.08586819264003709,1.760377245647063,-2.6311128702144446e-06,primary
sub-028,0.4924130674632365,0.27517171075741714,0.37749540471142345,0.08711241809230015,1.5838738197116837,1.5822173179346032e-05,primary
sub-028,0.4793112394639275,0.3168966181356961,0.33030847912249556,0.10110241638885004,1.1215442274090295,5.444455736814363e-06,primary
sub-028,0.4778111401902022,0.2169343460529609,0.2831215535335676,0.08291425305970239,1.476244595760795,-5.8500472273655085e-06,primary
sub-028,0.5051402469958848,0.284398977427013,0.23593462794463968,0.10016726350322284,1.1624737506720415,-2.1930286297606254e-06,primary
sub-028,0.4040694289138226,0.11076152106244382,0.23593462794463968,0.07431237286936608,1.5046308049611032,1.4906958083211346e-06,primary
sub-028,0.44423361356835045,0.33819972571416884,0.2831215535335676,0.104405841055729,1.35556623672056,6.5788795617641945e-06,primary
sub-028,0.4736785816294782,0.17938861241712092,0.23593462794463968,0.07858908675912472,1.651138776005859,1.1904000159903325e-06,primary
sub-028,0.49495990996339684,0.19175625326530443,0.2831215535335676,0.06902508827175512,2.129256237674547,5.719089415528849e-06,primary
sub-028,0.41997389033098087,0.13417510040342834,0.23593462794463968,0.06541702677605492,1.487528775860786,-1.1652985720009024e-05,primary
sub-028,0.500970062897328,0.1264048206627225,0.23593462794463968,0.056099877153526795,2.425803915905357,7.394579536973711e-06,primary
sub-028,0.44535232791133755,0.28394375034117386,0.23593462794463968,0.08215131246428867,1.0019141548742259,-4.4737372228087466e-07,primary
sub-028,0.4886258250401537,0.22770332471235777,0.23593462794463968,0.06988943110875456,1.8066100473491984,4.82236531204916e-06,primary
sub-028,0.4732925945088999,0.30274660191317676,0.2831215535335676,0.09209798196636303,1.4761639165225457,1.2453921889689875e-06,primary
sub-028,0.48852961873147754,0.20051891584586226,0.37749540471142345,0.07726393175029148,1.5472410640665684,5.441722687536993e-06,primary
sub-028,0.46128018734482823,0.11418781131223278,0.23593462794463968,0.05658945631093703,1.8128057093414538,1.574141017355149e-06,primary
sub-028,0.49185872624856797,0.1443698793439783,0.2831215535335676,0.051339342797982516,2.3859858384020547,7.4947051908226045e-06,primary
sub-028,0.46723117208714615,0.2130840243264763,0.23593462794463968,0.08233561292979337,1.440276017136869,9.440374664394311e-06,primary
sub-028,0.444986511862903,0.24318084778127094,0.23593462794463968,0.07064769228853512,1.5544031559990368,-1.4824658842594114e-06,primary
sub-028,0.49628031648911414,0.28860842731191166,0.23593462794463968,0.07992204885553315,1.8170521651307887,2.43639008195915e-06,primary
sub-028,0.49362121162026323,0.27182059970952654,0.33030847912249556,0.07915894949335996,1.5480764188970546,-3.7001406788990796e-06,primary
sub-028,0.4862072779741165,0.22241601399583272,0.2831215535335676,0.07701484207428513,1.5889458304911108,1.2186572978668941e-05,primary
sub-028,0.47831148268730744,0.14620361813472643,0.18874770235571173,0.05389855568174457,1.7616679665068327,8.919450724304404e-06,primary
sub-028,0.4953525810354182,0.30094486633019146,0.2831215535335676,0.0867953387029096,1.6766212066832948,-9.382150203388201e-07,primary
sub-028,0.47272097167395827,0.19771845294839968,0.18874770235571173,0.06577509107840637,1.8553991698717167,-1.088498516756247e-05,primary
sub-028,0.47871153371433833,0.1821687800768291,0.2831215535335676,0.06228488618558999,1.6324865271939204,2.1695540222583256e-05,primary
sub-028,0.5116520133842295,0.1868277058535586,0.33030847912249556,0.07185205281917616,1.7082087450811212,1.0498851827346632e-06,primary
sub-028,0.4793112394639275,0.2572936818397277,0.2831215535335676,0.09414573187943014,0.9097012632021964,7.824022973869816e-06,primary
sub-028,0.4774847141230913,0.30956478370128865,0.33030847912249556,0.0881279850702702,1.6537294813942338,-6.386094615380898e-06,primary
sub-029,0.45891177942974015,0.23052365861183238,0.2831215535335676,0.09219655802825728,1.3671086522889182,-1.064061257247566e-05,primary
sub-029,0.4400113521536075,0.24820521473842463,0.2831215535335676,0.07697802746092003,1.0646160009718004,-2.2239169951208026e-05,primary
sub-029,0.5117042698652541,0.34344090593730625,0.2831215535335676,0.09687324881742355,1.6276475738450484,1.8924303105534688e-07,primary
sub-029,0.47884349293321277,0.18974453746507514,0.2831215535335676,0.05928924497665113,1.9731453640908614,4.887184998864081e-06,primary
sub-029,0.45892480177209194,0.24918052509720506,0.23593462794463968,0.06993372287368364,1.5124177866477846,-1.436296728721684e-06,primary
sub-029,0.5032189946974756,0.2613075542599676,0.23593462794463968,0.07471200665476115,1.890375278935016,-5.898470780531068e-06,primary
sub-029,0.49362121162026323,0.27113886606575066,0.33030847912249556,0.09819493297356345,1.2092480220578439,9.010140388590245e-07,primary
sub-029,0.47944745130049893,0.2666510830192146,0.4246823303003514,0.08379334645831908,1.3700808184931927,-5.885640278422488e-06,primary
sub-029,0.4904857917213954,0.2845124976905019,0.2831215535335676,0.08938406828044693,1.5954002988870506,-2.5784722379945873e-06,primary
sub-029,0.47871153371433833,0.3783925288905307,0.2831215535335676,0.11090410425251078,1.1605744295910378,-6.1344077098844455e-06,primary
sub-029,0.4722998186492742,0.32661803650592225,0.23593462794463968,0.09305089621735671,1.1162129888095804,-3.560884766784508e-06,primary
sub-029,0.4981198932653864,0.07629180905493534,0.1415607767667838,0.03604398527050988,2.826544625086744,7.980588767590788e-06,primary
sub-029,0.4461548658667598,0.15132428377242124,0.23593462794463968,0.04873378571465952,2.77473182658591,-1.2941154841208378e-06,primary
sub-029,0.49894751207332205,0.3935817339616165,0.33030847912249556,0.1034702192828364,1.4342018079614638,-5.051508037864029e-06,primary
sub-029,0.4436219460638771,0.2978946467995353,0.23593462794463968,0.09299348596768939,1.107064470595056,-2.137040370845688e-05,primary
sub-029,0.5043265968036498,0.23170696339706529,0.23593462794463968,0.07422641489514198,1.8820574368737129,-2.0235681901387832e-05,primary
sub-029,0.4174611237829278,0.139289240877347,0.18874770235571173,0.05184687506397585,2.5826071368664807,-1.4519636160903726e-05,primary
sub-029,0.40766798423885436,0.16933632224563247,0.18874770235571173,0.06941216969987633,1.5124884662237892,6.422854045117828e-06,primary
sub-029,0.5004695691671727,0.09557990333933841,0.18874770235571173,0.04693854383407818,2.638597970770764,-3.710591436393419e-06,primary
sub-029,0.41268471224985087,0.21646944422651654,0.2831215535335676,0.06928869323062986,1.1678960940606689,4.6339074456582145e-06,primary
sub-029,0.434052894158308,0.14856926998906314,0.18874770235571173,0.06816641588811809,1.6711024644440557,6.4988672314018485e-06,primary
sub-029,0.4736213651980944,0.23454957628461393,0.2831215535335676,0.09078553189633834,1.2153391097991424,-1.2755092445145837e-05,primary
sub-029,0.4532088368913515,0.16617186140347512,0.23593462794463968,0.0644157234456538,2.2384125157699666,3.0390672640908325e-06,primary
sub-029,0.4657095508593051,0.3082752285022619,0.2831215535335676,0.08263752997710387,1.6021350489247002,2.1586539093648387e-05,primary
sub-029,0.4306519774875269,0.21047332261981086,0.23593462794463968,0.06914190862846592,1.7856078599947371,2.0708642642666908e-06,primary
sub-029,0.5313575454005898,0.3124041058927114,0.23593462794463968,0.10156333705370434,1.4304386631773278,-1.8692246905708772e-05,primary
sub-029,0.482733841286156,0.15942773692810208,0.23593462794463968,0.05308880474110565,2.3938204305937503,-7.180402619375665e-06,primary
sub-029,0.45074155189916054,0.14624056364534108,0.2831215535335676,0.060726174806233324,1.5398433197162888,1.9538511558128067e-05,primary
sub-029,0.5060602314135719,0.34493771999300693,0.37749540471142345,0.12465180838378336,1.0133788940529769,1.1163866251692666e-05,primary
sub-029,0.48343452098273176,0.35031764344326594,0.33030847912249556,0.09477799563836999,1.2430623307205293,-2.2190811827587698e-06,primary
sub-029,0.41774999334677515,0.16083460659614582,0.23593462794463968,0.0669060086559833,1.4167791792041902,-1.8519814604080185e-05,primary
sub-029,0.5016218974159438,0.128448566853803,0.18874770235571173,0.0737467921139402,1.5572637591911132,9.086708289161702e-06,primary
sub-029,0.4265022822918878,0.09416960368980025,0.23593462794463968,0.05688305723109174,1.3652284983890997,1.1295726468390458e-05,primary
sub-029,0.5199110981183082,0.18589104921589522,0.23593462794463968,0.0610226719221943,2.491423433339978,-7.584059197867481e-06,primary
sub-029,0.5295390086197852,0.24304570585605514,0.23593462794463968,0.07058276817288905,2.109826636659173,3.932513897065966e-06,primary
sub-029,0.4497935516236103,0.3005733058406861,0.2831215535335676,0.10252154769431875,1.202444861710291,-1.1813444878203166e-06,primary
sub-029,0.5136255221636634,0.19190580081892963,0.23593462794463968,0.0723682496095947,2.098194176625986,2.1259512584111507e-06,primary
sub-029,0.4558317204154046,0.17025131645489056,0.23593462794463968,0.06476793115238616,1.383154565784419,-7.668284879075167e-08,primary
sub-029,0.4941462597711618,0.19870315916584042,0.18874770235571173,0.07204332853741086,1.831703342034842,2.201701645213264e-06,primary
sub-029,0.43022753621242554,0.15353631598167644,0.23593462794463968,0.05781000599285911,1.6439941788686296,-1.7032238609790308e-06,primary
sub-029,0.5166109302551628,0.1678514136534311,0.23593462794463968,0.08430306064596971,1.3553488822858168,-4.786976026366112e-06,primary
sub-029,0.4172635046283779,0.18094950078177335,0.23593462794463968,0.05763995129993126,1.3613777363007384,-5.01728808985919e-06,primary
sub-029,0.5069679193384483,0.2658947182668737,0.2831215535335676,0.08827137603665804,1.5519988168746646,7.685329955597728e-06,primary
sub-031,0.4558317204154046,0.14668795862566872,0.23593462794463968,0.050022306054959706,1.9709889502080864,-2.340293998896344e-06,primary
sub-031,0.5073734996369508,0.22764468419500142,0.37749540471142345,0.07216575505287615,1.8139187802060932,-4.149656246622162e-06,primary
sub-031,0.48709349630133936,0.12610841195340214,0.1415607767667838,0.06533018211353994,1.9056787065486727,-6.789258997406331e-06,primary
sub-031,0.464407206301839,0.1605576460448331,0.18874770235571173,0.07303558799831504,1.3709193859885536,8.063712860382527e-06,primary
sub-031,0.48343452098273176,0.1858676598007052,0.2831215535335676,0.07592646893976028,1.4471549677384572,3.3812679646595926e-06,primary
sub-031,0.43772580079833634,0.25574902534877186,0.23593462794463968,0.07769697929672396,1.3879611551938538,-2.154435006827193e-06,primary
sub-031,0.5178674014451865,0.3582587035383681,0.33030847912249556,0.09855460645873493,1.405293412811791,3.669812088283305e-06,primary
sub-031,0.46370955541427317,0.19389911013639743,0.18874770235571173,0.059122880725599396,2.0527009317820846,-7.366087886800892e-06,primary
sub-031,0.5073734996369508,0.36485038895397415,0.2831215535335676,0.10552210705603732,1.4679887035988297,1.1068152620682676e-05,primary
sub-031,0.5076775495685366,0.4309550183216028,0.33030847912249556,0.11923320684613599,1.3195399141570252,-1.6226676900739443e-06,primary
sub-031,0.4841916800165828,0.3891618282559227,0.33030847912249556,0.11057606147068282,1.1514929093971362,5.4738491995174595e-06,primary
sub-031,0.5059589328879753,0.203941970347356,0.4246823303003514,0.0739191735948671,1.808152895641781,-4.997204786946901e-06,primary
sub-031,0.4268431360761258,0.2798290401039629,0.23593462794463968,0.07387459265104243,1.4330020092695284,3.979959947102444e-06,primary
sub-031,0.465077148164612,0.1337157414129514,0.2831215535335676,0.053602887579266775,2.0622308797050626,2.9017506100124278e-06,primary
sub-031,0.4732213141710635,0.2307097916975256,0.2831215535335676,0.07389790400905111,1.6004629564185369,-6.580874467173236e-08,primary
sub-031,0.4280825204473412,0.2028064444265666,0.23593462794463968,0.07356080168209894,1.4553792548084634,-8.857310376562207e-06,primary
sub-031,0.47272097167395827,0.19581703826883928,0.23593462794463968,0.06204818626981625,1.8609337510444794,4.800903733649143e-06,primary
sub-031,0.48756216618376685,0.24296774916227293,0.23593462794463968,0.08040873676069017,1.7044637396596118,1.4576858215811723e-07,primary
sub-031,0.44337825972774747,0.23705901937618437,0.18874770235571173,0.07365626677152065,1.3614283936866514,8.201103370191201e-07,primary
sub-033,0.47506631538332894,0.17246926035094304,0.23593462794463968,0.059000729897124314,2.4389487041598445,3.714591586476615e-07,primary
sub-033,0.49322990390062577,0.1656111282347503,0.18874770235571173,0.06182734302190631,2.0549010434086465,5.48806884058487e-06,primary
sub-033,0.499346685477656,0.24122594437480788,0.33030847912249556,0.08197734054990782,1.5735668141620949,3.300751576901232e-06,primary
sub-033,0.4647524685839173,0.25213713503236956,0.2831215535335676,0.07517068926650144,1.3106134385329293,1.4566379767698228e-05,primary
sub-033,0.505046667040039,0.23568409187208528,0.2831215535335676,0.09975985548116269,1.2157545316203702,-6.808724124926824e-06,primary
sub-033,0.4934702929298053,0.3185777467446625,0.33030847912249556,0.08291200554613885,1.476681903352175,-7.129167390472621e-06,primary
sub-033,0.49120310083123603,0.1413782776052512,0.23593462794463968,0.06517809688170483,1.4960765117235568,1.3597415192620328e-05,primary
sub-033,0.499346685477656,0.27324138829698663,0.2831215535335676,0.10223418527980783,1.337617630500475,5.908004412269355e-06,primary
sub-033,0.47327586986392295,0.15241607401505006,0.23593462794463968,0.05657114698338695,1.935037631679816,4.449786221710602e-06,primary
sub-033,0.4719895411916225,0.23357439728882384,0.18874770235571173,0.0862820099332346,1.4253999923347087,1.7284215374402743e-05,primary
sub-033,0.4790114421500386,0.2812035676085779,0.23593462794463968,0.080520357188062,1.4398123937357685,-1.0990022556472115e-05,primary
sub-033,0.48161440422550045,0.3138047222802907,0.33030847912249556,0.09226213372380704,1.3102902059629746,-5.55542966186745e-06,primary
sub-033,0.37155333925302486,0.09204702719236227,0.23593462794463968,0.03148847980838065,4.396046063144277,-2.5868723131771616e-05,primary
sub-033,0.4434394141126848,0.07248643782728362,0.1415607767667838,0.03428318854015223,3.4872922163918543,2.371368142034445e-05,primary
sub-033,0.4988400867642938,0.3339628250157871,0.33030847912249556,0.11253150287191407,1.1126032220201982,1.2695220608408545e-05,primary
sub-033,0.4805507453691136,0.2833342395156776,0.2831215535335676,0.09901976891435828,1.3833340236435536,8.71117235859129e-06,primary
sub-034,0.45589034010387364,0.2750874475313805,0.33030847912249556,0.0969753602156199,1.2312121991130285,-4.4793279816142373e-07,primary
sub-034,0.4418945742507558,0.22036488114975022,0.23593462794463968,0.06492637944824646,1.4880886078976663,-3.3704828437760222e-06,primary
sub-034,0.46638983487387675,0.17774286184407845,0.23593462794463968,0.06502610736932844,1.623214049156527,6.13067924222993e-06,primary
sub-034,0.4986310743599153,0.24839578337795415,0.23593462794463968,0.09145302023782212,1.5720625914229283,-3.2811159185612662e-06,primary
sub-034,0.4281133847377055,0.1564939009771115,0.23593462794463968,0.06733847148266263,1.72566143043334,4.550212227554416e-06,primary
sub-034,0.48161440422550045,0.2958294207620377,0.37749540471142345,0.08449305279008128,1.7232290294280599,4.0541634321532244e-06,primary
sub-034,0.4281133847377055,0.1162119434243422,0.23593462794463968,0.05731540583428992,1.735212564244909,-2.0990331009560973e-06,primary
sub-034,0.4862072779741165,0.2191031417772048,0.23593462794463968,0.06927945192201364,1.470665580332455,7.003568604494096e-07,primary
sub-034,0.4417462747426079,0.18949004627256724,0.23593462794463968,0.05804524756451818,1.5154828897386423,-1.5287095151028207e-06,primary
sub-034,0.4732925945088999,0.13994333730264466,0.18874770235571173,0.05229149393886473,2.2078326141181703,7.717859047276921e-06,primary
sub-034,0.49321869878876984,0.22028504531824605,0.33030847912249556,0.08301041407780667,1.27751235770343,3.6654472442926367e-06,primary
sub-034,0.4953525810354182,0.2041694963198244,0.23593462794463968,0.07317194699044348,1.30485334910101,2.069039867065462e-06,primary
sub-034,0.4539763448066385,0.15085968758559326,0.18874770235571173,0.051348326293292515,1.9779296251545944,-5.786250002078901e-07,primary
sub-034,0.5152539850601328,0.14846638300530504,0.18874770235571173,0.07140260616824777,1.890236398268002,-5.691505928405299e-06,primary
sub-034,0.4675996296812761,0.21821338520635106,0.23593462794463968,0.07384832200039373,1.553149033133054,-1.6744977351809995e-06,primary
sub-034,0.5014889886347045,0.25210776430030196,0.18874770235571173,0.07520563586141213,1.8228630383097915,8.628953768358946e-06,primary
sub-034,0.45981117869110427,0.1480871539892673,0.18874770235571173,0.06059916605435983,1.4020086262825544,-1.5558398052772494e-06,primary
sub-034,0.39161385243262287,0.2420020400666131,0.2831215535335676,0.08120543081016997,1.0215365638235545,3.2431077828091036e-06,primary
sub-034,0.48449613493774446,0.1011347321282615,0.2831215535335676,0.05359979221737009,2.9129912371903575,7.662116886060547e-06,primary
sub-034,0.4375960402970927,0.19831683011482248,0.23593462794463968,0.0637133613913821,1.3312996583390153,1.2816404526393489e-06,primary
sub-034,0.45143157239063475,0.31891982294706106,0.23593462794463968,0.09059947373111249,1.47165336961001,7.818688744223753e-06,primary
sub-034,0.46875122549525866,0.1008528308874962,0.23593462794463968,0.04749725638951087,2.0118498012738537,-2.4913254933266572e-06,primary
sub-034,0.4790009620062757,0.1378120174724692,0.23593462794463968,0.06260486242091094,1.9214797170320754,-7.190349907428167e-06,primary
sub-034,0.49286633456251916,0.17915634394013766,0.18874770235571173,0.05859846020752451,1.8947979337021585,7.51237683473253e-06,primary
sub-034,0.4697123754216693,0.20746573859497994,0.23593462794463968,0.08681873354968778,1.4095853702093843,-5.226728409011033e-06,primary
sub-034,0.4934702929298053,0.206639335282274,0.2831215535335676,0.0679950124102843,1.5693073882602664,9.666356382231025e-06,primary
sub-034,0.4448545263436244,0.15539214491532324,0.23593462794463968,0.059088273723960506,1.7221172815251728,-2.697026797257457e-06,primary
sub-034,0.4934702929298053,0.3503274685079886,0.2831215535335676,0.09224086101081932,1.3474498053274928,7.418294189236862e-08,primary
sub-034,0.4244813031458205,0.20130118411172412,0.2831215535335676,0.06930263528960463,1.310062788631172,-3.5216686596263165e-06,primary
sub-034,0.4550083502781006,0.14374746506637215,0.33030847912249556,0.054580002302890174,1.7332284280613963,1.810276093959234e-06,primary
sub-034,0.4532088368913516,0.06608574698951791,0.1415607767667838,0.03552081744509955,3.292585041207898,-7.564819595434376e-06,primary
sub-034,0.48639556978981857,0.2009610976712488,0.2831215535335676,0.05928924493389755,1.6528063334021428,-3.648295444200153e-06,primary
sub-034,0.4821494638323086,0.15318496270729942,0.2831215535335676,0.06550235576147839,2.062235721755839,-4.642779699898407e-06,primary
sub-034,0.4987099557639656,0.30119976285878164,0.2831215535335676,0.09338622840765883,1.7088636991132744,9.933949599193648e-07,primary
sub-034,0.4841916800165828,0.21360669429098902,0.23593462794463968,0.07168414145566243,1.3793005272465337,4.315374670644367e-06,primary
sub-034,0.5178674014451865,0.32523616335428707,0.37749540471142345,0.09381323621986098,1.679781193116047,3.6354276253011555e-06,primary
sub-034,0.45432394004311916,0.1306037240854449,0.23593462794463968,0.05246470014279432,1.7594303093389216,-2.4802105576125345e-06,primary
sub-034,0.4737971697583387,0.21435079936623133,0.23593462794463968,0.07641331331475959,1.2169089714678378,-1.658067331303928e-06,primary
sub-034,0.5004695691671727,0.3456872263931244,0.23593462794463968,0.10169192577770815,1.4042900542501495,-4.158201134006934e-06,primary
sub-034,0.5171730007999954,0.13728496700306608,0.1415607767667838,0.060029707859901395,2.011989669066025,-3.8597555745001135e-06,primary
sub-034,0.4453921349493551,0.24439582697386888,0.18874770235571173,0.07206562416326037,1.3105740486517614,4.845226915727468e-07,primary
sub-034,0.5178674014451865,0.09756228945232973,0.18874770235571173,0.07207098339295236,1.9185776756594657,-5.981887064074131e-06,primary
sub-034,0.45512958275624893,0.21891196200313162,0.2831215535335676,0.07292925503132948,1.7001149867589995,-2.3486982313907923e-06,primary
sub-034,0.5119071047926278,0.2530165563514365,0.4246823303003514,0.08760867704997388,1.5681927563351044,7.661182164403045e-06,primary
sub-034,0.465077148164612,0.2148855758958698,0.23593462794463968,0.08113354104290278,1.5669580005418915,-5.627325204847751e-07,primary
sub-034,0.46193309650129827,0.13446553561631952,0.33030847912249556,0.057601989422069434,1.770952238150047,-2.8389644351760233e-06,primary
sub-034,0.47272097167395827,0.23953541376312762,0.23593462794463968,0.06902101293513926,1.7870651326077736,-1.1140839647686992e-05,primary
sub-034,0.47642310016807854,0.34935924680505603,0.33030847912249556,0.1065192981714324,1.0438379367722357,7.456737556850721e-06,primary
sub-034,0.4778111401902022,0.3491842722095748,0.33030847912249556,0.09707329029526436,1.3334852304128886,-1.8852265913149831e-06,primary
sub-034,0.4726897981975201,0.19262696215527944,0.18874770235571173,0.05999353178113326,1.6997748391166503,-9.923493818043555e-07,primary
sub-034,0.49321869878876984,0.31051184808990745,0.2831215535335676,0.09073740762279554,1.2550886658337426,2.9339330842910957e-06,primary
sub-034,0.4866600907409922,0.19480221801756384,0.23593462794463968,0.0785396676798507,1.5745617511169565,7.408758545259522e-07,primary
sub-034,0.4778111401902022,0.3642953479784228,0.37749540471142345,0.11172847253166328,1.0235304059003432,-7.225239187724245e-06,primary
sub-034,0.4741211508474401,0.29407930275951594,0.2831215535335676,0.08623612841316596,1.2623478663194445,5.781753432499474e-06,primary
sub-034,0.49120310083123603,0.2871983965052294,0.2831215535335676,0.09152556727022894,1.4113288047063293,2.00044244516943e-06,primary
sub-034,0.4487559625834404,0.16995263741717753,0.23593462794463968,0.06686357078161395,1.3016592720739342,4.849311564265079e-06,primary
sub-034,0.46723117208714615,0.09682418463553993,0.2831215535335676,0.06509578037170165,1.4954244860053227,-7.932698738999806e-06,primary
sub-034,0.4436657940671965,0.18299746084131555,0.23593462794463968,0.05457474857231358,2.143433952734517,3.3497903582798627e-06,primary
sub-034,0.4376753788603757,0.137201121513485,0.23593462794463968,0.059673655893383956,1.910766621446196,-2.245311514271098e-06,primary
sub-034,0.46875122549525866,0.20604207344416847,0.18874770235571173,0.065079178228091,1.7058267225272672,-4.606781524130628e-06,primary
sub-034,0.46666716081482484,0.3164046735704036,0.2831215535335676,0.09064531169639403,1.523274423436724,-4.321135124774602e-06,primary
sub-034,0.4934702929298053,0.27911670959285784,0.23593462794463968,0.08216522341922004,1.6247464378239693,3.4995388676545568e-06,primary
sub-034,0.45611858116981785,0.13176927763112334,0.23593462794463968,0.057847641743480505,1.862616417289684,7.203916833334892e-06,primary
sub-034,0.49286633456251916,0.15575452940923287,0.2831215535335676,0.07272327630162398,1.5999258280009467,-3.042110197948635e-06,primary
sub-034,0.45488372013985423,0.24811186349403136,0.2831215535335676,0.08444834911654449,1.2875202554321044,-3.1021922131954157e-06,primary
sub-034,0.49044594179738504,0.1184539924048459,0.23593462794463968,0.06108027581268912,1.7342511491048545,-6.928658429479514e-06,primary
sub-034,0.49749721253604856,0.15477276382865737,0.18874770235571173,0.061896406048542435,1.7524446378591017,-5.307600113723842e-06,primary
sub-034,0.45190035861508693,0.1734182199558106,0.33030847912249556,0.0765764513867007,1.2657106718191318,-3.366573745170411e-06,primary
sub-035,0.45502953262398865,0.1708828047055302,0.23593462794463968,0.05121793972790421,2.6424751441618075,-1.443302710328217e-05,primary
sub-035,0.47141862711649235,0.3093804349128598,0.2831215535335676,0.09548607594615877,1.1719507260059452,-2.1988623332141464e-05,primary
sub-035,0.4772055521755715,0.2853618857960838,0.18874770235571173,0.09035987706778816,1.5173734975753395,-4.072441817857989e-06,primary
sub-035,0.4924130674632365,0.3649256963966443,0.2831215535335676,0.10657870896444907,1.1683501512278052,6.182224194824418e-06,primary
sub-035,0.47422107094768345,0.19811858858991616,0.23593462794463968,0.061074718764533756,1.959826467782805,7.0333704641239775e-06,primary
sub-035,0.4815181979168244,0.22870574284948392,0.33030847912249556,0.0874772076068966,1.4399460651355636,4.980181664247457e-06,primary
sub-035,0.48645887211515215,0.12810330132977113,0.23593462794463968,0.06100601212100427,1.7465060301391864,1.792636273905757e-06,primary
sub-035,0.5343209903748875,0.30668356354838056,0.2831215535335676,0.13216786980190212,1.0945040132156563,-9.332226278482627e-07,primary
sub-035,0.49321869878876984,0.13823003404380893,0.2831215535335676,0.06744782655934924,1.6963907604168436,1.2350476684063165e-05,primary
sub-035,0.46678574894368535,0.2594146657297126,0.23593462794463968,0.07415051564415433,1.671217654040508,3.1310968459382638e-06,primary
sub-035,0.516228625607481,0.11296178014786964,0.18874770235571173,0.05048141347540185,2.584152399424484,-4.32455874125546e-06,primary
sub-035,0.5076775495685366,0.2501857599895318,0.23593462794463968,0.10009981375336857,1.1570577616346431,5.9623385770182e-06,primary
sub-035,0.4934702929298053,0.3358675807527453,0.2831215535335676,0.09577332372048224,1.2858622859080677,-4.602237000756281e-06,primary
sub-035,0.4382880912115035,0.13462250020685726,0.23593462794463968,0.05876856255086815,1.4947047791276287,-3.043089224877358e-06,primary
sub-035,0.4609218889316486,0.10451805562484823,0.23593462794463968,0.060211208221664834,1.4711955762345967,1.2227842981815816e-06,primary
sub-035,0.49321869878876984,0.30759389588252595,0.37749540471142345,0.09963584643294675,1.2288771619439844,1.1409491411740231e-06,primary
sub-035,0.5317480564514513,0.170885599887196,0.2831215535335676,0.0752184632239413,1.8648792576560842,1.4577343195856853e-06,primary
sub-035,0.4987099557639656,0.09481411965640041,0.18874770235571173,0.058029632100607305,2.0836669842120688,-5.081923191609668e-07,primary
sub-035,0.465077148164612,0.16130776803234845,0.18874770235571173,0.057567283327174,1.9377829498651344,-1.641397463406627e-05,primary
sub-035,0.43888081163407416,0.27144267692724927,0.2831215535335676,0.07582842245535736,1.1191696204686685,3.132770580362194e-06,primary
sub-035,0.4368593609760316,0.16153454532951134,0.18874770235571173,0.06526769201000583,1.9582232269195847,2.4641873480620695e-05,primary
sub-035,0.4619330965012984,0.08391852170362711,0.1415607767667838,0.03563932176517889,3.4520400614390514,3.160516876561995e-06,primary
sub-035,0.518532182553572,0.24640041347847697,0.2831215535335676,0.08677513569862176,1.5867066412221111,1.2102922010983006e-05,primary
sub-035,0.43767537886037566,0.11144721720729761,0.1415607767667838,0.04355363996967532,2.090950665811143,-6.505366275490605e-06,primary
sub-035,0.43680440573451185,0.19463587369145455,0.18874770235571173,0.07132215008388713,1.2610190065023201,6.796562902667379e-06,primary
sub-035,0.43467418931113655,0.22855872700198648,0.2831215535335676,0.06738661470971362,1.5488654455063917,-1.675804317760088e-05,primary
sub-035,0.48709349630133936,0.17399443202662887,0.23593462794463968,0.07588833357055057,1.6809288673275462,1.0935829282584996e-05,primary
sub-035,0.452147721797839,0.13510248485656381,0.18874770235571173,0.06421506654111608,1.2092766962892056,6.00361030496247e-06,primary
sub-035,0.5034102409331138,0.16593298098989442,0.33030847912249556,0.08302070217812477,1.5598254234537636,-3.3924144236738594e-06,primary
sub-035,0.49678870346555637,0.24918263237669677,0.33030847912249556,0.08330308863793644,1.5720392722623282,-8.886479162706364e-06,primary
sub-035,0.5076870644126986,0.12408652343497589,0.23593462794463968,0.06469242408589232,1.8916189184412073,-7.617367286500096e-06,primary
sub-038,0.4606941644971421,0.19723889898216698,0.37749540471142345,0.05783142823703547,2.840353777909851,-1.2871463217733755e-05,primary
sub-038,0.4669098528191414,0.23055491398385186,0.23593462794463968,0.06967325388345441,1.6522473953601604,1.0954329139773152e-05,primary
sub-038,0.45742584578611317,0.12382208235740809,0.1415607767667838,0.05305149910365127,1.721810025069481,-4.3902175907914265e-06,primary
sub-038,0.44276554737661966,0.19085204667768624,0.2831215535335676,0.07979442362264204,1.3957866697666932,2.7715730919077787e-07,primary
sub-038,0.48639556978981857,0.17791140631640187,0.23593462794463968,0.06043300086540005,1.7045140476964067,1.0627472771552435e-05,primary
sub-038,0.4587865448008066,0.2876820724517809,0.2831215535335676,0.08778968794781457,1.3006995362987086,-4.528674610780707e-06,primary
sub-038,0.49752798040853957,0.07816866657401492,0.23593462794463968,0.04639860573822821,2.207189613189923,9.336091215858968e-06,primary
sub-038,0.4619330965012984,0.14587105228413358,0.2831215535335676,0.04744959942868618,2.9570115122783527,-7.662781993537037e-06,primary
sub-038,0.4415212222693005,0.2242686217497792,0.33030847912249556,0.10189880933337121,1.213759135272851,6.939586242974876e-06,primary
sub-038,0.4475938947653343,0.20818853036546647,0.33030847912249556,0.06218496998872748,1.4898141272089254,9.520132202731168e-06,primary
sub-038,0.465077148164612,0.2678858718701684,0.2831215535335676,0.0698119657632068,1.6030231063193703,7.440381609255573e-06,primary
sub-038,0.4752619447337092,0.29031943661786636,0.2831215535335676,0.07959436254870206,1.746802446625406,1.0571898808893121e-05,primary
sub-038,0.5069679193384483,0.28269808207080016,0.4246823303003514,0.09647902418794044,1.296616382176111,-1.638087069245034e-05,primary
sub-038,0.5159461491467773,0.12177187221761628,0.33030847912249556,0.05507401367030781,2.9019972304420665,5.428266085794818e-07,primary
sub-038,0.46473493637198493,0.1823215567939546,0.2831215535335676,0.08393048146641208,1.6422597247870563,2.387046754871979e-06,primary
sub-038,0.465077148164612,0.10366928548906938,0.18874770235571173,0.0644585545864437,1.8542949969073061,1.2433669956537507e-06,primary
sub-038,0.4631558958662027,0.21868920096482944,0.37749540471142345,0.07577480078232834,1.2138477226594442,2.190102656642817e-06,primary
sub-038,0.4781141583494446,0.224444223511451,0.2831215535335676,0.06476592705886709,1.8929952812935649,5.112962801019658e-06,primary
sub-038,0.4448592566841513,0.28670119939618904,0.2831215535335676,0.0783517255973356,1.2202997199032233,2.025679259029926e-07,primary
sub-038,0.5054522473385414,0.156324966888567,0.23593462794463968,0.0626366761601879,1.8120225812188644,-5.561336081055125e-06,primary
sub-038,0.48069000244413135,0.21643284315602743,0.23593462794463968,0.07842911688529976,1.5999837189160642,-2.2314527239736837e-06,primary
sub-038,0.4641619739707803,0.2873655666729084,0.2831215535335676,0.0782236322859022,1.6029459641685735,-2.365513686696491e-06,primary
sub-038,0.4550083502781006,0.19252799107898386,0.18874770235571173,0.07588953149711213,1.663102136740956,-1.4722508948048963e-06,primary
sub-038,0.45906651332288256,0.13026942630776608,0.23593462794463968,0.0819422381157754,1.3327698191864805,4.458636103548357e-06,primary
sub-038,0.4616955804274414,0.26405788155040516,0.37749540471142345,0.08888477517562503,1.2710628831842705,-3.4179548112393544e-06,primary
sub-038,0.47721031950085685,0.26861935262542697,0.2831215535335676,0.0812692471285369,1.2130158682834937,9.158594735468875e-06,primary
sub-038,0.5159461491467773,0.1995286443488039,0.2831215535335676,0.07843739490420724,1.6644963581786283,7.701419440330587e-06,primary
sub-038,0.4866600907409922,0.35322070907064484,0.37749540471142345,0.11445696520145654,1.100883708331443,-2.4406326783938523e-06,primary
sub-038,0.49362121162026323,0.1830490941123316,0.2831215535335676,0.06524359535711012,1.6386022961713032,-5.3176086972197816e-06,primary
sub-038,0.46870700124209463,0.2137470239181272,0.18874770235571173,0.07642397142910062,1.337670932657674,-2.1164105870560977e-07,primary
sub-038,0.48540164664858326,0.2547667397447219,0.18874770235571173,0.08673460407911486,1.4387956285693673,-1.2966442203408356e-06,primary
sub-038,0.5317480564514513,0.3077413779665564,0.18874770235571173,0.08501713028090722,1.9008788517418636,8.58718480760635e-06,primary
sub-038,0.4720000213353854,0.1605363975674474,0.2831215535335676,0.06997749215211468,1.49398629724172,4.115842503538217e-06,primary
sub-038,0.479211319363684,0.34379827671328583,0.33030847912249556,0.09090746259013487,1.2088126260844723,-4.095225330795299e-06,primary
sub-038,0.5004695691671726,0.21803963939603388,0.2831215535335676,0.0765589395507469,1.7284964811515962,-1.1030967007977029e-05,primary
sub-038,0.4934702929298053,0.3393749962791744,0.2831215535335676,0.09190827224802839,1.1411250608695027,3.291072173322994e-06,primary
sub-038,0.4737971697583387,0.141792798980658,0.23593462794463968,0.05767663502624219,1.6625254153202411,1.6769672362773864e-05,primary
sub-038,0.4904085485663873,0.2430096324001884,0.23593462794463968,0.09886927536353543,1.394568549139037,-3.390596932886659e-07,primary
sub-038,0.4545783386695947,0.2547076334321505,0.33030847912249556,0.07417683694855422,2.1899881738974143,-1.3139889047579704e-06,primary
sub-038,0.4244813031458205,0.13396307836401297,0.23593462794463968,0.05644954162870128,1.6777868734430532,1.2148803931291476e-05,primary
sub-038,0.3876523913799101,0.11328359049515364,0.23593462794463968,0.04769609229795239,2.127297474498405,-3.1677936873917392e-06,primary
sub-038,0.5076775495685366,0.25478063625739233,0.33030847912249556,0.07755024401027631,1.6366148976294137,1.4716013977351226e-05,primary
sub-038,0.47956443157562745,0.11610043487700045,0.1415607767667838,0.045388062890131836,3.0690736281329745,1.8266944844561085e-06,primary
sub-038,0.5343209903748875,0.2534779946809167,0.2831215535335676,0.09145885386402505,1.5118931245457004,6.237388863925891e-06,primary
sub-038,0.4732925945088999,0.21857286101937803,0.2831215535335676,0.0665332658214243,1.8332506869942489,1.3854576092214292e-05,primary
sub-038,0.4448545263436244,0.2165979913231361,0.33030847912249556,0.06836911963301226,1.7704278224989147,4.6523951398975195e-06,primary
sub-038,0.5032189946974756,0.12362874022785307,0.23593462794463968,0.07069471806371769,1.5036769843682547,4.335822377945721e-06,primary
sub-038,0.4486188635177983,0.2673298436028825,0.2831215535335676,0.08177183511151799,1.293966074472727,7.987853940541363e-06,primary
sub-038,0.5043265968036498,0.34050721183339205,0.2831215535335676,0.08952899629417262,1.60987911622157,2.0069322590236814e-06,primary
sub-038,0.4609218889316486,0.2257716737204793,0.2831215535335676,0.07018215990898707,1.3702229842175844,5.873724928997763e-06,primary
sub-040,0.5028119242191451,0.3007678388706875,0.37749540471142345,0.08953970274321629,1.8193118499570307,8.680415988830237e-07,primary
sub-040,0.5345264616184245,0.44012042309352684,0.2831215535335676,0.132252943307599,1.2396600626789314,5.978503552761377e-06,primary
sub-040,0.5000411455637956,0.26077954417254245,0.33030847912249556,0.08630038558563977,1.6804068117674902,1.0006537276681292e-05,primary
sub-040,0.46560655215482416,0.23042135158836594,0.2831215535335676,0.08277220102977349,1.2594917234539051,-2.636185569993155e-05,primary
sub-040,0.4228401618630191,0.3521056972831419,0.33030847912249556,0.09394967976052912,1.3598020031958773,2.2720071663873265e-06,primary
sub-040,0.4382880912115035,0.19284505463076082,0.23593462794463968,0.06174760386685291,1.8805570904326498,-2.3453590613218315e-06,primary
sub-040,0.5220874418251158,0.394152096711165,0.33030847912249556,0.13891766504253897,1.1543256023829953,-1.0524991874966585e-05,primary
sub-040,0.48958695983087336,0.37247860911185793,0.2831215535335676,0.10128534958601791,1.3347370884866991,3.9254709491776104e-06,primary
sub-040,0.5069679193384483,0.13542533258459333,0.33030847912249556,0.0836505329788595,1.572641314995782,-4.657566807533379e-06,primary
sub-040,0.4523356772698691,0.28736068405113574,0.2831215535335676,0.0753784720777566,1.4212200385982767,-8.232381178726441e-06,primary
sub-040,0.5015239328327662,0.2967012993186302,0.33030847912249556,0.10015296750799489,1.4527360772233173,3.8401306995788974e-06,primary
sub-040,0.5298268041530421,0.2051186773785798,0.4246823303003514,0.1092665422489785,1.4852652547689642,-2.6174574745872874e-06,primary
sub-040,0.49286633456251916,0.3565330899062937,0.37749540471142345,0.12754232671167556,1.0167814594827334,1.0061691504440368e-05,primary
sub-040,0.49719316260446267,0.31339042916198795,0.33030847912249556,0.09093542562837155,1.5102288684466465,-7.556085791413699e-06,primary
sub-040,0.5295390086197852,0.3719049116158625,0.37749540471142345,0.11884837511777956,1.4462021623586854,1.0953869034638454e-05,primary
sub-040,0.4793112394639275,0.25268063354836845,0.23593462794463968,0.07713110611117142,1.2703226680422754,6.831257526958055e-06,primary
sub-040,0.49995649852379503,0.3360758830686599,0.2831215535335676,0.0992016457402962,1.5803138568299253,1.9845879966978273e-05,primary
sub-040,0.4923475218021068,0.09246829440888629,0.1415607767667838,0.05128663571847837,3.084890958180796,-8.302496860427919e-06,primary
sub-040,0.5234077216336661,0.18581684172259677,0.18874770235571173,0.09284441421305417,1.5597069041326845,8.159031091352172e-06,primary
sub-040,0.5039950037269831,0.3857294802425145,0.2831215535335676,0.10814775466705752,1.5136935234879598,-6.373122085312031e-06,primary
sub-040,0.4558317204154046,0.19292205574539012,0.23593462794463968,0.05972844096831654,1.8593995862037889,-1.2176664280748757e-05,primary
sub-040,0.48645887211515215,0.12602586988809522,0.18874770235571173,0.05063720410806557,2.24893166142648,1.2415682455435727e-05,primary
sub-040,0.5089139160659166,0.39432913556767796,0.23593462794463968,0.11132961099066505,1.3480537240892991,2.053977814784186e-05,primary
sub-040,0.4924130674632365,0.21657503527249403,0.2831215535335676,0.0682972045396239,1.8181570421906423,1.667123290002003e-05,primary
sub-040,0.4805507453691136,0.31050163889065313,0.23593462794463968,0.1040960181178981,1.3029537641055824,-1.6770697733669829e-06,primary
sub-040,0.4736213651980944,0.2905189537869806,0.23593462794463968,0.0738655212565812,1.4506457778713968,3.275930101466022e-05,primary
