dataset,config,model,subject,real_slope,pseudo_mean,d,n_pseudo_draws,used
erp_core,config4,M1_RMS_Fz_0_150,sub-001,0.020692411326386124,-0.14787309871267723,0.16856551003906337,1000,True
erp_core,config4,M1_RMS_Fz_0_150,sub-002,-0.1790765535143619,0.018786205060625547,-0.19786275857498747,1000,True
erp_core,config4,M1_RMS_Fz_0_150,sub-003,-0.33720936934707907,-0.013762758128865436,-0.3234466112182136,4,False
erp_core,config4,M1_RMS_Fz_0_150,sub-005,0.26127379926132505,,,0,False
erp_core,config4,M1_RMS_Fz_0_150,sub-006,-0.3392813399535547,-0.015736755073758317,-0.32354458487979637,958,True
erp_core,config4,M1_RMS_Fz_0_150,sub-007,-0.22072623138998063,0.055032592786830446,-0.2757588241768111,594,True
erp_core,config4,M1_RMS_Fz_0_150,sub-010,-0.12511474673198653,-0.029738475682747595,-0.09537627104923893,717,True
erp_core,config4,M1_RMS_Fz_0_150,sub-011,-0.13607009536100675,-0.056480301321986955,-0.0795897940390198,1000,True
erp_core,config4,M1_RMS_Fz_0_150,sub-012,-0.022285830002422506,-0.08677702990207678,0.06449119989965427,1000,True
erp_core,config4,M1_RMS_Fz_0_150,sub-013,-0.11992560134625911,-0.1834322858924103,0.0635066845461512,1000,True
erp_core,config4,M1_RMS_Fz_0_150,sub-014,0.09933651221629472,-0.12809357151205705,0.22743008372835177,999,True
erp_core,config4,M1_RMS_Fz_0_150,sub-015,-0.04599294847580653,-0.02147581741392817,-0.02451713106187836,1000,True
erp_core,config4,M1_RMS_Fz_0_150,sub-016,-0.4199660310874249,-0.19027626270084677,-0.22968976838657815,1000,True
erp_core,config4,M1_RMS_Fz_0_150,sub-017,-0.044159311317435966,0.03264938997012716,-0.07680870128756312,1000,True
erp_core,config4,M1_RMS_Fz_0_150,sub-019,0.030567874853362847,-0.021998631907928997,0.05256650676129185,1000,True
erp_core,config4,M1_RMS_Fz_0_150,sub-020,-0.00847641410400067,0.14347636856256127,-0.15195278266656193,1000,True
erp_core,config4,M1_RMS_Fz_0_150,sub-021,0.0673323022511389,-0.021586853495873793,0.08891915574701269,994,True
erp_core,config4,M1_RMS_Fz_0_150,sub-022,-0.1599403931550451,0.048749825999818246,-0.20869021915486335,1000,True
erp_core,config4,M1_RMS_Fz_0_150,sub-024,-0.16354330521826999,-0.10264201324682176,-0.060901291971448224,1000,True
erp_core,config4,M1_RMS_Fz_0_150,sub-025,-0.42169371481451473,-0.08121430302368264,-0.3404794117908321,977,True
erp_core,config4,M1_RMS_Fz_0_150,sub-026,-0.18362613256890298,-0.1772646520043458,-0.0063614805645571815,1000,True
erp_core,config4,M1_RMS_Fz_0_150,sub-027,0.015033928036628336,-0.06666826314800386,0.0817021911846322,1000,True
erp_core,config4,M1_RMS_Fz_0_150,sub-028,0.08957291587956089,-0.03427241358014135,0.12384532945970224,1000,True
erp_core,config4,M1_RMS_Fz_0_150,sub-029,-0.06506814814861676,-0.15434980547352242,0.08928165732490566,1000,True
erp_core,config4,M1_RMS_Fz_0_150,sub-030,-0.49531364624857566,,,0,False
erp_core,config4,M1_RMS_Fz_0_150,sub-031,0.15855599736305648,-0.03505176699259216,0.19360776435564864,925,True
erp_core,config4,M1_RMS_Fz_0_150,sub-033,-0.023434266065538098,-0.07766923033212252,0.05423496426658442,1000,True
erp_core,config4,M1_RMS_Fz_0_150,sub-034,-0.1735544195798546,0.08792225618462539,-0.26147667576447997,1000,True
erp_core,config4,M1_RMS_Fz_0_150,sub-035,0.16810384704065484,0.09613967588544048,0.07196417115521436,934,True
erp_core,config4,M1_RMS_Fz_0_150,sub-037,-0.3604347382150824,0.040500958671157425,-0.4009356968862398,8,False
erp_core,config4,M1_RMS_Fz_0_150,sub-038,-0.01543955012396545,0.008913746303507853,-0.024353296427473303,1000,True
erp_core,config4,M1_RMS_Fz_0_150,sub-039,-0.05883965941132684,,,0,False
erp_core,config4,M1_RMS_Fz_0_150,sub-040,-0.011798227241670818,0.0601184949969801,-0.07191672223865092,871,True
erp_core,config4,M4a_mean_Fz,sub-001,0.1489389109623693,0.36156890017459226,-0.21262998921222295,1000,True
erp_core,config4,M4a_mean_Fz,sub-002,0.0957210562777402,0.08292311255157546,0.012797943726164746,1000,True
erp_core,config4,M4a_mean_Fz,sub-003,0.39711451957040245,-0.2327591101369298,0.6298736297073322,4,False
erp_core,config4,M4a_mean_Fz,sub-005,0.30122804682717785,,,0,False
erp_core,config4,M4a_mean_Fz,sub-006,0.2046609749242969,-0.10685089861788138,0.3115118735421783,958,True
erp_core,config4,M4a_mean_Fz,sub-007,0.18043544293703442,0.1072110842297731,0.07322435870726132,594,True
erp_core,config4,M4a_mean_Fz,sub-010,0.08587235012907911,0.1721047114786343,-0.08623236134955518,717,True
erp_core,config4,M4a_mean_Fz,sub-011,0.1197559970514473,0.17729274442588178,-0.05753674737443448,1000,True
erp_core,config4,M4a_mean_Fz,sub-012,0.08227248184836951,0.18193688811861494,-0.09966440627024543,1000,True
erp_core,config4,M4a_mean_Fz,sub-013,0.15694339538999783,0.17172198868161728,-0.014778593291619457,1000,True
erp_core,config4,M4a_mean_Fz,sub-014,0.036180212951989935,0.26428763739852273,-0.2281074244465328,999,True
erp_core,config4,M4a_mean_Fz,sub-015,0.034572970130303984,0.06587408576452776,-0.031301115634223775,1000,True
erp_core,config4,M4a_mean_Fz,sub-016,0.5018046694590839,0.25076709491304583,0.25103757454603803,1000,True
erp_core,config4,M4a_mean_Fz,sub-017,0.017119279320445907,0.04666997448300465,-0.029550695162558746,1000,True
erp_core,config4,M4a_mean_Fz,sub-019,0.13293123118918454,0.07471139186028466,0.058219839328899875,1000,True
erp_core,config4,M4a_mean_Fz,sub-020,0.03337021544637705,0.34728653119796604,-0.313916315751589,1000,True
erp_core,config4,M4a_mean_Fz,sub-021,0.006317882185547406,0.16500772168144276,-0.15868983949589535,994,True
erp_core,config4,M4a_mean_Fz,sub-022,0.08043610462290456,0.19576902925344636,-0.1153329246305418,1000,True
erp_core,config4,M4a_mean_Fz,sub-024,-0.020573345449651937,0.11640510709725543,-0.13697845254690738,1000,True
erp_core,config4,M4a_mean_Fz,sub-025,0.08430939546002278,0.4509785059279936,-0.3666691104679708,977,True
erp_core,config4,M4a_mean_Fz,sub-026,-0.1448300212982563,0.1859408080791406,-0.3307708293773969,1000,True
erp_core,config4,M4a_mean_Fz,sub-027,0.26838273377714933,0.20349268643322763,0.0648900473439217,1000,True
erp_core,config4,M4a_mean_Fz,sub-028,0.203194839424716,0.3203745944993147,-0.11717975507459871,1000,True
erp_core,config4,M4a_mean_Fz,sub-029,0.12483161098146721,0.35770941525228783,-0.2328778042708206,1000,True
erp_core,config4,M4a_mean_Fz,sub-030,1.6820679198698725,,,0,False
erp_core,config4,M4a_mean_Fz,sub-031,0.16177888704078827,0.1753829153240004,-0.013604028283212138,925,True
erp_core,config4,M4a_mean_Fz,sub-033,0.5314853285918055,0.2897710008502278,0.24171432774157775,1000,True
erp_core,config4,M4a_mean_Fz,sub-034,0.1970333074702744,0.197862915997003,-0.0008296085267286146,1000,True
erp_core,config4,M4a_mean_Fz,sub-035,0.40347738628007357,-0.009616023892024594,0.41309341017209816,934,True
erp_core,config4,M4a_mean_Fz,sub-037,0.23955160408985962,-0.01117738195427872,0.25072898604413835,8,False
erp_core,config4,M4a_mean_Fz,sub-038,0.17277014884524147,0.22272509519554337,-0.0499549463503019,1000,True
erp_core,config4,M4a_mean_Fz,sub-039,0.6898985928000522,,,0,False
erp_core,config4,M4a_mean_Fz,sub-040,0.13672730445139147,0.3754985591750347,-0.23877125472364324,871,True
erp_core,config4,M8_RMS_Pz_0_150,sub-001,-0.23542125387306143,-0.07570103562490456,-0.15972021824815685,1000,True
erp_core,config4,M8_RMS_Pz_0_150,sub-002,0.13312191173670232,0.037569716803223144,0.09555219493347918,1000,True
erp_core,config4,M8_RMS_Pz_0_150,sub-003,-0.34677940973741744,-0.027236521235267187,-0.31954288850215024,4,False
erp_core,config4,M8_RMS_Pz_0_150,sub-005,-0.047848476028990616,,,0,False
erp_core,config4,M8_RMS_Pz_0_150,sub-006,0.016653561220397656,-0.0822244008563738,0.09887796207677145,958,True
erp_core,config4,M8_RMS_Pz_0_150,sub-007,0.03395018779156991,0.03165089732554119,0.002299290466028718,594,True
erp_core,config4,M8_RMS_Pz_0_150,sub-010,-0.06713517791346152,0.05819166889637947,-0.125326846809841,717,True
erp_core,config4,M8_RMS_Pz_0_150,sub-011,-0.2388232751094053,-0.09977565002664147,-0.1390476250827638,1000,True
erp_core,config4,M8_RMS_Pz_0_150,sub-012,-0.14670801133743713,-0.051427338899144866,-0.09528067243829227,1000,True
erp_core,config4,M8_RMS_Pz_0_150,sub-013,-0.21307904441794348,-0.08768628937565498,-0.1253927550422885,1000,True
erp_core,config4,M8_RMS_Pz_0_150,sub-014,0.3977244058102629,-0.058267205175147274,0.4559916109854102,999,True
erp_core,config4,M8_RMS_Pz_0_150,sub-015,-0.28011756065773735,-0.03353638481277649,-0.24658117584496086,1000,True
erp_core,config4,M8_RMS_Pz_0_150,sub-016,-0.2961417066691935,-0.1646908352053838,-0.13145087146380968,1000,True
erp_core,config4,M8_RMS_Pz_0_150,sub-017,0.022930711013231454,0.17356960448799347,-0.150638893474762,1000,True
erp_core,config4,M8_RMS_Pz_0_150,sub-019,-0.23045935643676096,0.045263606017225164,-0.27572296245398614,1000,True
erp_core,config4,M8_RMS_Pz_0_150,sub-020,0.02935051470003351,0.13483825211150682,-0.10548773741147331,1000,True
erp_core,config4,M8_RMS_Pz_0_150,sub-021,-0.23396948607197873,-0.04449075216269941,-0.18947873390927933,994,True
erp_core,config4,M8_RMS_Pz_0_150,sub-022,-0.2818707690186459,0.12991074475949443,-0.4117815137781403,1000,True
erp_core,config4,M8_RMS_Pz_0_150,sub-024,-0.08795428368199534,0.09569694619742457,-0.1836512298794199,1000,True
erp_core,config4,M8_RMS_Pz_0_150,sub-025,-0.11532887142348909,-0.07704599780896508,-0.03828287361452401,977,True
erp_core,config4,M8_RMS_Pz_0_150,sub-026,-0.43383063957544055,0.04197985736535201,-0.4758104969407926,1000,True
erp_core,config4,M8_RMS_Pz_0_150,sub-027,-0.09067730760450367,-0.1732771770970504,0.08259986949254673,1000,True
erp_core,config4,M8_RMS_Pz_0_150,sub-028,-0.042850506006565876,-0.02094346291132389,-0.021907043095241985,1000,True
erp_core,config4,M8_RMS_Pz_0_150,sub-029,-0.267818522582333,-0.0337202638970475,-0.23409825868528553,1000,True
erp_core,config4,M8_RMS_Pz_0_150,sub-030,-0.2326453861860351,,,0,False
erp_core,config4,M8_RMS_Pz_0_150,sub-031,-0.09795161880254062,0.04275692840361323,-0.14070854720615386,925,True
erp_core,config4,M8_RMS_Pz_0_150,sub-033,0.02896482851993498,0.1220478090709824,-0.09308298055104741,1000,True
erp_core,config4,M8_RMS_Pz_0_150,sub-034,-0.18650159510808179,-0.01883360267907405,-0.16766799242900773,1000,True
erp_core,config4,M8_RMS_Pz_0_150,sub-035,0.37666779376948095,0.022424886192271967,0.354242907577209,934,True
erp_core,config4,M8_RMS_Pz_0_150,sub-037,0.07042041998839796,-0.18401044191624266,0.2544308619046406,8,False
erp_core,config4,M8_RMS_Pz_0_150,sub-038,-0.21149264494037542,0.11212359209729948,-0.3236162370376749,1000,True
erp_core,config4,M8_RMS_Pz_0_150,sub-039,-0.4252971307734331,,,0,False
erp_core,config4,M8_RMS_Pz_0_150,sub-040,0.18854327661184403,0.1770191338404862,0.011524142771357826,871,True
erp_core,config4,M9a_mean_Pz,sub-001,0.5390169364839105,0.595394607138833,-0.056377670654922496,1000,True
erp_core,config4,M9a_mean_Pz,sub-002,0.5448831930643916,0.5231136410756466,0.021769551988744973,1000,True
erp_core,config4,M9a_mean_Pz,sub-003,0.6741153187824351,0.40955648839567693,0.2645588303867582,4,False
erp_core,config4,M9a_mean_Pz,sub-005,0.3742750280708119,,,0,False
erp_core,config4,M9a_mean_Pz,sub-006,0.8189620846269601,0.5650380461007315,0.2539240385262286,958,True
erp_core,config4,M9a_mean_Pz,sub-007,0.6396021013562287,0.6206341053374693,0.018967996018759425,594,True
erp_core,config4,M9a_mean_Pz,sub-010,0.4838871631338616,0.5401898055027444,-0.05630264236888283,717,True
erp_core,config4,M9a_mean_Pz,sub-011,0.3833187111539187,0.5506745691585498,-0.16735585800463115,1000,True
erp_core,config4,M9a_mean_Pz,sub-012,0.6006282130754662,0.4778913486426717,0.12273686443279452,1000,True
erp_core,config4,M9a_mean_Pz,sub-013,0.381685335970964,0.5412009465670292,-0.15951561059606523,1000,True
erp_core,config4,M9a_mean_Pz,sub-014,0.6293481999496574,0.712506000744598,-0.08315780079494062,999,True
erp_core,config4,M9a_mean_Pz,sub-015,0.7336881918273342,0.5330820909399955,0.20060610088733877,1000,True
erp_core,config4,M9a_mean_Pz,sub-016,0.4523671593155348,0.4773941173560006,-0.02502695804046584,1000,True
erp_core,config4,M9a_mean_Pz,sub-017,0.5998171760719445,0.7719793558316329,-0.1721621797596884,1000,True
erp_core,config4,M9a_mean_Pz,sub-019,0.48257668902848566,0.5297541780563481,-0.047177489027862396,1000,True
erp_core,config4,M9a_mean_Pz,sub-020,0.7722816144527195,0.7718392098643544,0.0004424045883650862,1000,True
erp_core,config4,M9a_mean_Pz,sub-021,0.5190468721329926,0.5947247018971977,-0.07567782976420512,994,True
erp_core,config4,M9a_mean_Pz,sub-022,0.6168314824260059,0.6197968423063482,-0.0029653598803423,1000,True
erp_core,config4,M9a_mean_Pz,sub-024,0.5522728645389272,0.5781655086816532,-0.025892644142725962,1000,True
erp_core,config4,M9a_mean_Pz,sub-025,0.46446686953215893,0.64825779831878,-0.18379092878662112,977,True
erp_core,config4,M9a_mean_Pz,sub-026,0.4910487233497907,0.5870519060021916,-0.09600318265240088,1000,True
erp_core,config4,M9a_mean_Pz,sub-027,0.5593288657139066,0.5535274557764547,0.005801409937451929,1000,True
erp_core,config4,M9a_mean_Pz,sub-028,0.9088747425557833,0.6692282058640212,0.23964653669176206,1000,True
erp_core,config4,M9a_mean_Pz,sub-029,0.5799243666977392,0.6499787376464655,-0.07005437094872635,1000,True
erp_core,config4,M9a_mean_Pz,sub-030,1.1108653596227938,,,0,False
erp_core,config4,M9a_mean_Pz,sub-031,0.5568070960057072,0.6176565549676845,-0.06084945896197724,925,True
erp_core,config4,M9a_mean_Pz,sub-033,0.7847765658849,0.539039996980865,0.24573656890403495,1000,True
erp_core,config4,M9a_mean_Pz,sub-034,0.6388443580506735,0.5197571038667078,0.11908725418396571,1000,True
erp_core,config4,M9a_mean_Pz,sub-035,0.9057509797797024,0.6250250369415361,0.2807259428381663,934,True
erp_core,config4,M9a_mean_Pz,sub-037,0.466949942724449,0.4706632086581803,-0.00371326593373128,8,False
erp_core,config4,M9a_mean_Pz,sub-038,0.8649054383249927,0.6779988477911209,0.18690659053387182,1000,True
erp_core,config4,M9a_mean_Pz,sub-039,1.354368904099395,,,0,False
erp_core,config4,M9a_mean_Pz,sub-040,0.6056430034420097,0.7415410757788384,-0.1358980723368287,871,True
erp_core,config4,M13_PE_Fz_0_150,sub-001,-0.08863097671768116,0.05730073858901919,-0.14593171530670035,1000,True
erp_core,config4,M13_PE_Fz_0_150,sub-002,0.2268048884413993,0.018912993586653867,0.2078918948547454,1000,True
erp_core,config4,M13_PE_Fz_0_150,sub-003,0.45766663171896954,-0.004568907903392018,0.4622355396223616,4,False
erp_core,config4,M13_PE_Fz_0_150,sub-005,0.1394139899209235,,,0,False
erp_core,config4,M13_PE_Fz_0_150,sub-006,-0.0684736038791898,0.03897124016486563,-0.10744484404405544,958,True
erp_core,config4,M13_PE_Fz_0_150,sub-007,0.045880954591464,-0.04614334557010718,0.09202430016157118,594,True
erp_core,config4,M13_PE_Fz_0_150,sub-010,0.21846915215776366,0.045237321530480594,0.17323183062728306,717,True
erp_core,config4,M13_PE_Fz_0_150,sub-011,0.018015655761217123,-0.06354665926746765,0.08156231502868477,1000,True
erp_core,config4,M13_PE_Fz_0_150,sub-012,0.09285660034627699,-0.0005950004226672645,0.09345160076894425,1000,True
erp_core,config4,M13_PE_Fz_0_150,sub-013,0.09886237734705172,0.0163543120368932,0.08250806531015853,1000,True
erp_core,config4,M13_PE_Fz_0_150,sub-014,-0.18075935143536984,0.09817538560217026,-0.2789347370375401,999,True
erp_core,config4,M13_PE_Fz_0_150,sub-015,0.20218059039843878,0.016121504236699922,0.18605908616173886,1000,True
erp_core,config4,M13_PE_Fz_0_150,sub-016,0.2036521135720881,0.15340525373223662,0.05024685983985147,1000,True
erp_core,config4,M13_PE_Fz_0_150,sub-017,0.0674035835299663,-0.1780704025870251,0.2454739861169914,1000,True
erp_core,config4,M13_PE_Fz_0_150,sub-019,0.2225287549332648,-0.003665537632276295,0.22619429256554108,1000,True
erp_core,config4,M13_PE_Fz_0_150,sub-020,0.22175159298878921,-0.005677500940599987,0.2274290939293892,1000,True
erp_core,config4,M13_PE_Fz_0_150,sub-021,0.24457978572963143,0.08547265243853112,0.15910713329110032,994,True
erp_core,config4,M13_PE_Fz_0_150,sub-022,0.1408844541817124,0.10930610156410535,0.03157835261760704,1000,True
erp_core,config4,M13_PE_Fz_0_150,sub-024,0.2031056540005912,0.048714720971592254,0.15439093302899892,1000,True
erp_core,config4,M13_PE_Fz_0_150,sub-025,0.16305431504236167,-0.0408516535817243,0.20390596862408597,977,True
erp_core,config4,M13_PE_Fz_0_150,sub-026,0.22097284797969718,0.05274182016370128,0.16823102781599591,1000,True
erp_core,config4,M13_PE_Fz_0_150,sub-027,0.2439605811302949,0.009698438377491743,0.23426214275280316,1000,True
erp_core,config4,M13_PE_Fz_0_150,sub-028,0.07095483368551156,0.04848485324593669,0.02246998043957487,1000,True
erp_core,config4,M13_PE_Fz_0_150,sub-029,0.1618457660748128,0.04832597094597459,0.1135197951288382,1000,True
erp_core,config4,M13_PE_Fz_0_150,sub-030,-0.14954554906987874,,,0,False
erp_core,config4,M13_PE_Fz_0_150,sub-031,0.23523890098111983,-0.07837882405154188,0.3136177250326617,925,True
erp_core,config4,M13_PE_Fz_0_150,sub-033,0.1590436578677212,0.04299105894144361,0.11605259892627759,1000,True
erp_core,config4,M13_PE_Fz_0_150,sub-034,0.1410620713295045,-0.002056052480100942,0.14311812380960542,1000,True
erp_core,config4,M13_PE_Fz_0_150,sub-035,-0.2994805965531384,-0.04793628277410834,-0.2515443137790301,934,True
erp_core,config4,M13_PE_Fz_0_150,sub-037,0.44416081713956607,-0.14401097108631192,0.588171788225878,8,False
erp_core,config4,M13_PE_Fz_0_150,sub-038,-0.01262907049213912,-0.011997620055154304,-0.0006314504369848168,1000,True
erp_core,config4,M13_PE_Fz_0_150,sub-039,0.5637213954350682,,,0,False
erp_core,config4,M13_PE_Fz_0_150,sub-040,0.22589340695133958,0.030447688600405854,0.19544571835093372,871,True
erp_core,config4,M14_SE_Fz_0_150,sub-001,-0.346100094811224,0.015647880541004213,-0.3617479753522282,1000,True
erp_core,config4,M14_SE_Fz_0_150,sub-002,0.09590202657751135,-0.07293899710782194,0.16884102368533327,1000,True
erp_core,config4,M14_SE_Fz_0_150,sub-003,-0.1672799384051394,0.006024613999784323,-0.17330455240492373,4,False
erp_core,config4,M14_SE_Fz_0_150,sub-005,0.349124421069956,,,0,False
erp_core,config4,M14_SE_Fz_0_150,sub-006,0.03771568107190077,0.046352106824595785,-0.008636425752695014,958,True
erp_core,config4,M14_SE_Fz_0_150,sub-007,0.06256130478981192,-0.032952301027375216,0.09551360581718714,594,True
erp_core,config4,M14_SE_Fz_0_150,sub-010,0.13553720798416033,0.03379365595319701,0.10174355203096332,717,True
erp_core,config4,M14_SE_Fz_0_150,sub-011,0.07796146360332562,-0.0014152398033082032,0.07937670340663382,1000,True
erp_core,config4,M14_SE_Fz_0_150,sub-012,0.09563538168801287,-0.0049368102661428844,0.10057219195415576,1000,True
erp_core,config4,M14_SE_Fz_0_150,sub-013,-0.07241882990528771,0.07341932150637567,-0.1458381514116634,1000,True
erp_core,config4,M14_SE_Fz_0_150,sub-014,-0.33706199325889025,0.00180850347510359,-0.33887049673399383,999,True
erp_core,config4,M14_SE_Fz_0_150,sub-015,0.01293641740134477,-0.0026326293991861213,0.015569046800530891,1000,True
erp_core,config4,M14_SE_Fz_0_150,sub-016,0.15801520181099324,0.0380183136423872,0.11999688816860604,1000,True
erp_core,config4,M14_SE_Fz_0_150,sub-017,0.06084452444178666,-0.053290294062307356,0.11413481850409402,1000,True
erp_core,config4,M14_SE_Fz_0_150,sub-019,0.07641672756007722,-0.002309272285591825,0.07872599984566905,1000,True
erp_core,config4,M14_SE_Fz_0_150,sub-020,0.2143060378680377,-0.07474180899819365,0.28904784686623136,1000,True
erp_core,config4,M14_SE_Fz_0_150,sub-021,-0.22114972014499126,-0.10955880692841018,-0.11159091321658109,994,True
erp_core,config4,M14_SE_Fz_0_150,sub-022,0.0989745756864085,0.11077843372345637,-0.011803858037047879,1000,True
erp_core,config4,M14_SE_Fz_0_150,sub-024,0.11449870218293688,0.020731313949389388,0.0937673882335475,1000,True
erp_core,config4,M14_SE_Fz_0_150,sub-025,-0.1488532383506546,0.11172530264986069,-0.26057854100051525,977,True
erp_core,config4,M14_SE_Fz_0_150,sub-026,0.10450777145377488,0.054511697164518626,0.04999607428925625,1000,True
erp_core,config4,M14_SE_Fz_0_150,sub-027,0.06185725316197303,0.027289300331612316,0.03456795283036072,1000,True
erp_core,config4,M14_SE_Fz_0_150,sub-028,0.12694934655126677,0.04885661421685531,0.07809273233441147,1000,True
erp_core,config4,M14_SE_Fz_0_150,sub-029,0.09096567753121804,0.048553015524296216,0.04241266200692182,1000,True
erp_core,config4,M14_SE_Fz_0_150,sub-030,0.2853881348696356,,,0,False
erp_core,config4,M14_SE_Fz_0_150,sub-031,0.2794112592271169,-0.0800438729304366,0.35945513215755354,925,True
erp_core,config4,M14_SE_Fz_0_150,sub-033,0.0795172195373021,0.04087315797003864,0.038644061567263466,1000,True
erp_core,config4,M14_SE_Fz_0_150,sub-034,0.22374994538135326,-0.011190196045390587,0.23494014142674385,1000,True
erp_core,config4,M14_SE_Fz_0_150,sub-035,-0.36146729307801634,-0.08586147860465246,-0.27560581447336385,934,True
erp_core,config4,M14_SE_Fz_0_150,sub-037,0.49519365324531245,-0.08616539875939319,0.5813590520047056,8,False
erp_core,config4,M14_SE_Fz_0_150,sub-038,0.17715029824966427,0.051190948844266886,0.12595934940539738,1000,True
erp_core,config4,M14_SE_Fz_0_150,sub-039,-0.0298113991641859,,,0,False
erp_core,config4,M14_SE_Fz_0_150,sub-040,0.15493096994651298,0.025920411595404435,0.12901055835110856,871,True
erp_core,config4,M15_LZ_Fz_0_150,sub-001,-3.41924261673036,0.09449586992979897,-3.513738486660159,1000,True
erp_core,config4,M15_LZ_Fz_0_150,sub-002,0.019330625324633074,-0.031646971913576044,0.05097759723820912,1000,True
erp_core,config4,M15_LZ_Fz_0_150,sub-003,-0.1331365258539866,0.08831644998133428,-0.2214529758353209,4,False
erp_core,config4,M15_LZ_Fz_0_150,sub-005,1.5065808615161311,,,0,False
erp_core,config4,M15_LZ_Fz_0_150,sub-006,0.10045671129031722,0.18350016523063947,-0.08304345394032225,958,True
erp_core,config4,M15_LZ_Fz_0_150,sub-007,0.4968694516030652,-0.06763525986147453,0.5645047114645397,594,True
erp_core,config4,M15_LZ_Fz_0_150,sub-010,0.4884500464975184,-0.15876701269875618,0.6472170591962746,717,True
erp_core,config4,M15_LZ_Fz_0_150,sub-011,0.05840053087254707,-0.0859993612397102,0.1443998921122573,1000,True
erp_core,config4,M15_LZ_Fz_0_150,sub-012,0.3212731451960108,-0.07562946513050176,0.39690261032651253,1000,True
erp_core,config4,M15_LZ_Fz_0_150,sub-013,0.10188560649512322,0.07063930355827577,0.03124630293684745,1000,True
erp_core,config4,M15_LZ_Fz_0_150,sub-014,0.02549181735728203,0.20597844547066702,-0.18048662811338498,999,True
erp_core,config4,M15_LZ_Fz_0_150,sub-015,0.0166257633250753,0.007388955948670559,0.00923680737640474,1000,True
erp_core,config4,M15_LZ_Fz_0_150,sub-016,-0.019928440813270054,0.03427456270718909,-0.05420300352045914,1000,True
erp_core,config4,M15_LZ_Fz_0_150,sub-017,0.013698685276633994,-0.010586460756888417,0.02428514603352241,1000,True
erp_core,config4,M15_LZ_Fz_0_150,sub-019,0.2670402234852483,0.022035287278454108,0.2450049362067942,1000,True
erp_core,config4,M15_LZ_Fz_0_150,sub-020,0.30983011785401227,0.03043348317276033,0.2793966346812519,1000,True
erp_core,config4,M15_LZ_Fz_0_150,sub-021,-0.13657978112701283,-0.06230657137243659,-0.07427320975457624,994,True
erp_core,config4,M15_LZ_Fz_0_150,sub-022,0.19267373221707143,0.14912927034793985,0.04354446186913158,1000,True
erp_core,config4,M15_LZ_Fz_0_150,sub-024,-0.030457962225392626,0.018976467118971305,-0.04943442934436393,1000,True
erp_core,config4,M15_LZ_Fz_0_150,sub-025,-0.10859294245958966,0.12672203692425318,-0.23531497938384283,977,True
erp_core,config4,M15_LZ_Fz_0_150,sub-026,4.23451884645271,0.01555176689706431,4.218967079555646,1000,True
erp_core,config4,M15_LZ_Fz_0_150,sub-027,0.23962876076960982,0.11378750005952383,0.125841260710086,1000,True
erp_core,config4,M15_LZ_Fz_0_150,sub-028,0.35817476137060195,0.03210349022999638,0.3260712711406056,1000,True
erp_core,config4,M15_LZ_Fz_0_150,sub-029,0.00956149691328122,0.11971871466083352,-0.1101572177475523,1000,True
erp_core,config4,M15_LZ_Fz_0_150,sub-030,-0.28017421961921074,,,0,False
erp_core,config4,M15_LZ_Fz_0_150,sub-031,0.006438402950258463,-0.07457015844921337,0.08100856139947184,925,True
erp_core,config4,M15_LZ_Fz_0_150,sub-033,-0.40168549959752325,0.12821439649172633,-0.5298998960892496,1000,True
erp_core,config4,M15_LZ_Fz_0_150,sub-034,0.22924732083571167,-0.040854862532680454,0.27010218336839215,1000,True
erp_core,config4,M15_LZ_Fz_0_150,sub-035,-0.6746911668980848,-0.1259928723455531,-0.5486982945525317,934,True
erp_core,config4,M15_LZ_Fz_0_150,sub-037,0.24284533310041,0.7485348662805772,-0.5056895331801672,8,False
erp_core,config4,M15_LZ_Fz_0_150,sub-038,-0.1668358032903074,-0.014619371635347355,-0.15221643165496004,1000,True
erp_core,config4,M15_LZ_Fz_0_150,sub-039,-3.3908559202135486,,,0,False
erp_core,config4,M15_LZ_Fz_0_150,sub-040,-0.1853615165532954,,,871,True
erp_core,config4,M22_HJORTHMOB_Fz_0_150,sub-001,-0.19749340950276992,0.04287835319550494,-0.24037176269827487,1000,True
erp_core,config4,M22_HJORTHMOB_Fz_0_150,sub-002,0.1515313035089991,-0.029914950100945505,0.1814462536099446,1000,True
erp_core,config4,M22_HJORTHMOB_Fz_0_150,sub-003,0.0920387440091066,0.002886071949947385,0.08915267205915921,4,False
erp_core,config4,M22_HJORTHMOB_Fz_0_150,sub-005,-0.0028113338597300155,,,0,False
erp_core,config4,M22_HJORTHMOB_Fz_0_150,sub-006,0.15537723073062953,0.06955257983184354,0.08582465089878599,958,True
erp_core,config4,M22_HJORTHMOB_Fz_0_150,sub-007,0.11514991238600386,-0.02804117211503431,0.14319108450103818,594,True
erp_core,config4,M22_HJORTHMOB_Fz_0_150,sub-010,0.12708296786018955,-0.001689793684887714,0.12877276154507727,717,True
erp_core,config4,M22_HJORTHMOB_Fz_0_150,sub-011,0.16692464777459548,-0.0656962391851661,0.23262088695976157,1000,True
erp_core,config4,M22_HJORTHMOB_Fz_0_150,sub-012,0.12421355849686895,-0.004835473324393724,0.12904903182126268,1000,True
erp_core,config4,M22_HJORTHMOB_Fz_0_150,sub-013,0.016814188327545384,0.1067442181896318,-0.08993002986208641,1000,True
erp_core,config4,M22_HJORTHMOB_Fz_0_150,sub-014,-0.23062173252805374,0.07635577621679031,-0.30697750874484403,999,True
erp_core,config4,M22_HJORTHMOB_Fz_0_150,sub-015,0.09642318542191052,0.06689634961698813,0.02952683580492238,1000,True
erp_core,config4,M22_HJORTHMOB_Fz_0_150,sub-016,0.342092424029123,0.03695892872876815,0.30513349530035483,1000,True
erp_core,config4,M22_HJORTHMOB_Fz_0_150,sub-017,0.13537562922185095,-0.042027815293333784,0.17740344451518475,1000,True
erp_core,config4,M22_HJORTHMOB_Fz_0_150,sub-019,0.12778209825354503,-0.006584666432839114,0.13436676468638414,1000,True
erp_core,config4,M22_HJORTHMOB_Fz_0_150,sub-020,0.16651955285897813,-0.06630085040924025,0.23282040326821837,1000,True
erp_core,config4,M22_HJORTHMOB_Fz_0_150,sub-021,-0.25903477054245727,0.0036853460134773624,-0.26272011655593464,994,True
erp_core,config4,M22_HJORTHMOB_Fz_0_150,sub-022,0.18354595362660234,0.13697423328604838,0.04657172034055396,1000,True
erp_core,config4,M22_HJORTHMOB_Fz_0_150,sub-024,0.24711950084660242,0.04165857969956299,0.20546092114703943,1000,True
erp_core,config4,M22_HJORTHMOB_Fz_0_150,sub-025,0.06911756936742991,0.02581222077611752,0.04330534859131239,977,True
erp_core,config4,M22_HJORTHMOB_Fz_0_150,sub-026,0.25145496795710554,0.05376793660634289,0.19768703135076265,1000,True
erp_core,config4,M22_HJORTHMOB_Fz_0_150,sub-027,0.018754677599274523,0.012405808214011046,0.006348869385263477,1000,True
erp_core,config4,M22_HJORTHMOB_Fz_0_150,sub-028,0.039251440745001906,0.08427577891845384,-0.04502433817345193,1000,True
erp_core,config4,M22_HJORTHMOB_Fz_0_150,sub-029,-0.10941396165321955,0.07798166476032535,-0.1873956264135449,1000,True
erp_core,config4,M22_HJORTHMOB_Fz_0_150,sub-030,0.9138976648378905,,,0,False
erp_core,config4,M22_HJORTHMOB_Fz_0_150,sub-031,0.25032051568683966,0.023231076195524177,0.2270894394913155,925,True
erp_core,config4,M22_HJORTHMOB_Fz_0_150,sub-033,0.10844266007038676,0.10464940918283475,0.003793250887552016,1000,True
erp_core,config4,M22_HJORTHMOB_Fz_0_150,sub-034,0.15220852559712397,-0.05888654080254719,0.21109506639967116,1000,True
erp_core,config4,M22_HJORTHMOB_Fz_0_150,sub-035,-0.4692040939057301,-0.07002881366309288,-0.3991752802426372,934,True
erp_core,config4,M22_HJORTHMOB_Fz_0_150,sub-037,0.7207695149433839,0.04027159364516734,0.6804979212982166,8,False
erp_core,config4,M22_HJORTHMOB_Fz_0_150,sub-038,0.051936241576690426,0.00023915250584240842,0.05169708907084802,1000,True
erp_core,config4,M22_HJORTHMOB_Fz_0_150,sub-039,0.12358959034278641,,,0,False
erp_core,config4,M22_HJORTHMOB_Fz_0_150,sub-040,-0.032713640355682666,-0.011387448055170241,-0.021326192300512425,871,True
erp_core,config4,M23_HJORTHCPLX_Fz_0_150,sub-001,0.1583524327712243,-0.02380329783217382,0.18215573060339812,1000,True
erp_core,config4,M23_HJORTHCPLX_Fz_0_150,sub-002,-0.008540866530303441,0.041997283067360794,-0.050538149597664235,1000,True
erp_core,config4,M23_HJORTHCPLX_Fz_0_150,sub-003,-0.003881521564327986,0.043924971383484473,-0.04780649294781246,4,False
erp_core,config4,M23_HJORTHCPLX_Fz_0_150,sub-005,-0.011356545290721184,,,0,False
erp_core,config4,M23_HJORTHCPLX_Fz_0_150,sub-006,-0.01506148666442488,-0.03359126919771826,0.018529782533293376,958,True
erp_core,config4,M23_HJORTHCPLX_Fz_0_150,sub-007,-0.009419690742544114,-0.011734398518136626,0.0023147077755925113,594,True
erp_core,config4,M23_HJORTHCPLX_Fz_0_150,sub-010,0.04060807711250338,0.04094667947322824,-0.00033860236072486005,717,True
erp_core,config4,M23_HJORTHCPLX_Fz_0_150,sub-011,-0.13022452170700813,0.028757046558568783,-0.1589815682655769,1000,True
erp_core,config4,M23_HJORTHCPLX_Fz_0_150,sub-012,-0.05114164381852053,0.007205749659374154,-0.058347393477894686,1000,True
erp_core,config4,M23_HJORTHCPLX_Fz_0_150,sub-013,-0.008099223372136526,-0.04954858661209252,0.041449363239955996,1000,True
erp_core,config4,M23_HJORTHCPLX_Fz_0_150,sub-014,0.16503020209798538,-0.01892676838701278,0.18395697048499815,999,True
erp_core,config4,M23_HJORTHCPLX_Fz_0_150,sub-015,-0.02647102921173462,-0.015002169854877526,-0.011468859356857094,1000,True
erp_core,config4,M23_HJORTHCPLX_Fz_0_150,sub-016,-0.1403947908366375,0.11763463751482459,-0.2580294283514621,1000,True
erp_core,config4,M23_HJORTHCPLX_Fz_0_150,sub-017,-0.04569305959029502,-0.11389926912265902,0.068206209532364,1000,True
erp_core,config4,M23_HJORTHCPLX_Fz_0_150,sub-019,-0.11308250290186032,-0.020066486446939258,-0.09301601645492107,1000,True
erp_core,config4,M23_HJORTHCPLX_Fz_0_150,sub-020,0.08879484021692403,0.10220552638606153,-0.0134106861691375,1000,True
erp_core,config4,M23_HJORTHCPLX_Fz_0_150,sub-021,0.13422773054827244,0.015188473186702642,0.1190392573615698,994,True
erp_core,config4,M23_HJORTHCPLX_Fz_0_150,sub-022,-0.049955433808435,-0.024602198642887423,-0.025353235165547577,1000,True
erp_core,config4,M23_HJORTHCPLX_Fz_0_150,sub-024,-0.08908830890228184,-0.027077082288113324,-0.06201122661416851,1000,True
erp_core,config4,M23_HJORTHCPLX_Fz_0_150,sub-025,-0.02823875531718778,0.019899978340383883,-0.04813873365757167,977,True
erp_core,config4,M23_HJORTHCPLX_Fz_0_150,sub-026,0.00039950407859328673,0.010524551456974318,-0.010125047378381031,1000,True
erp_core,config4,M23_HJORTHCPLX_Fz_0_150,sub-027,0.005964715461004266,0.012175082834303862,-0.006210367373299597,1000,True
erp_core,config4,M23_HJORTHCPLX_Fz_0_150,sub-028,-0.015724896641388583,-0.0636177293732633,0.04789283273187471,1000,True
erp_core,config4,M23_HJORTHCPLX_Fz_0_150,sub-029,0.03908180037262493,0.020171336653242895,0.018910463719382035,1000,True
erp_core,config4,M23_HJORTHCPLX_Fz_0_150,sub-030,-0.5209035430268051,,,0,False
erp_core,config4,M23_HJORTHCPLX_Fz_0_150,sub-031,-0.44351152728568266,-0.07852787085946006,-0.3649836564262226,925,True
erp_core,config4,M23_HJORTHCPLX_Fz_0_150,sub-033,-0.004417914076163727,-0.05789015429770153,0.053472240221537806,1000,True
erp_core,config4,M23_HJORTHCPLX_Fz_0_150,sub-034,-0.07941730277084474,0.02975134051118585,-0.1091686432820306,1000,True
erp_core,config4,M23_HJORTHCPLX_Fz_0_150,sub-035,0.3198986932939577,0.029103768213609837,0.2907949250803479,934,True
erp_core,config4,M23_HJORTHCPLX_Fz_0_150,sub-037,0.1576634424774398,0.0008631720826312445,0.15680027039480854,8,False
erp_core,config4,M23_HJORTHCPLX_Fz_0_150,sub-038,-0.09735902655202602,0.02576615511765998,-0.123125181669686,1000,True
erp_core,config4,M23_HJORTHCPLX_Fz_0_150,sub-039,0.9976663563037855,,,0,False
erp_core,config4,M23_HJORTHCPLX_Fz_0_150,sub-040,0.10280613049141714,0.020690360009301544,0.0821157704821156,871,True
ds006018,config4,M1_RMS_Fz_0_150,021,-0.1357448696811867,0.030914143414117478,-0.16665901309530418,1000,True
ds006018,config4,M1_RMS_Fz_0_150,026,-0.12210479908717428,0.02235256923496928,-0.14445736832214356,1000,True
ds006018,config4,M1_RMS_Fz_0_150,019,-0.019677135821102643,0.04767975765690506,-0.0673568934780077,202,True
ds006018,config4,M1_RMS_Fz_0_150,010,0.1494673069639966,0.03257944740355518,0.11688785956044143,1000,True
ds006018,config4,M1_RMS_Fz_0_150,017,-0.026927731677864494,0.06184189688058917,-0.08876962855845366,1000,True
ds006018,config4,M1_RMS_Fz_0_150,028,0.09236380991293225,-0.06573909449428081,0.15810290440721306,1000,True
ds006018,config4,M1_RMS_Fz_0_150,043,0.09510598382123976,0.06450517315608423,0.030600810665155534,1000,True
ds006018,config4,M1_RMS_Fz_0_150,075,-0.02941193637343041,0.0575116239424545,-0.08692356031588491,1000,True
ds006018,config4,M1_RMS_Fz_0_150,081,0.43092992509437156,0.16696849288072962,0.26396143221364193,69,False
ds006018,config4,M1_RMS_Fz_0_150,016,0.4386239142241124,0.07305875051935161,0.3655651637047608,1000,True
ds006018,config4,M1_RMS_Fz_0_150,029,-0.029670871497489412,-0.0018095147756004492,-0.027861356721888962,1000,True
ds006018,config4,M1_RMS_Fz_0_150,011,-0.08021447583325453,-0.0018420055168410702,-0.07837247031641346,1000,True
ds006018,config4,M1_RMS_Fz_0_150,027,0.04043830102371859,0.040536482133007416,-9.818110928882379e-05,1000,True
ds006018,config4,M1_RMS_Fz_0_150,018,-0.010022328451853838,-0.06668944832823828,0.056667119876384446,1000,True
ds006018,config4,M1_RMS_Fz_0_150,020,-0.07095438159487891,-0.011561244390864665,-0.05939313720401424,999,True
ds006018,config4,M1_RMS_Fz_0_150,080,-0.05358131913535063,-0.03236499923399138,-0.02121631990135925,1000,True
ds006018,config4,M1_RMS_Fz_0_150,074,0.22580334815221761,-0.0539135010779961,0.2797168492302137,1000,True
ds006018,config4,M1_RMS_Fz_0_150,073,-0.17004750468895524,0.051443526294459245,-0.2214910309834145,1000,True
ds006018,config4,M1_RMS_Fz_0_150,045,-0.10937090592086962,0.060837037197596776,-0.1702079431184664,698,True
ds006018,config4,M1_RMS_Fz_0_150,042,0.2730378539577145,0.054144086514589726,0.21889376744312478,1000,True
ds006018,config4,M1_RMS_Fz_0_150,113,0.15189893935658452,0.058649159799710505,0.09324977955687402,1000,True
ds006018,config4,M1_RMS_Fz_0_150,114,0.5601464141617946,-0.17984978582937802,0.7399961999911726,1,False
ds006018,config4,M1_RMS_Fz_0_150,122,0.0926845119436592,-0.03364216532781121,0.1263266772714704,1000,True
ds006018,config4,M1_RMS_Fz_0_150,125,0.03438601784990756,-0.009087816068931637,0.043473833918839196,1000,True
ds006018,config4,M1_RMS_Fz_0_150,124,0.1705630111312392,0.07003208371232153,0.10053092741891767,999,True
ds006018,config4,M1_RMS_Fz_0_150,123,-0.5630151140483673,0.050130036005448755,-0.6131451500538161,1000,True
ds006018,config4,M1_RMS_Fz_0_150,115,-0.1652908739086464,0.009875460726808937,-0.17516633463545536,1000,True
ds006018,config4,M1_RMS_Fz_0_150,112,0.3707876458253192,-0.065866125685034,0.43665377151035323,1000,True
ds006018,config4,M1_RMS_Fz_0_150,060,0.13464444766778538,0.027908185808178488,0.1067362618596069,1000,True
ds006018,config4,M1_RMS_Fz_0_150,067,0.0006867426528596876,-0.024473739065378013,0.0251604817182377,541,True
ds006018,config4,M1_RMS_Fz_0_150,058,0.20708838772702684,-0.0295406436521454,0.23662903137917224,953,True
ds006018,config4,M1_RMS_Fz_0_150,051,-0.026680661002245844,0.05808702881281876,-0.0847676898150646,1000,True
ds006018,config4,M1_RMS_Fz_0_150,069,-0.019584825775677876,0.21360204953435213,-0.23318687531003002,4,False
ds006018,config4,M1_RMS_Fz_0_150,002,0.02970088984310715,0.04443673097896294,-0.014735841135855788,1000,True
ds006018,config4,M1_RMS_Fz_0_150,005,-0.0991826920136665,0.05472972812495079,-0.15391242013861728,1000,True
ds006018,config4,M1_RMS_Fz_0_150,033,0.5016082641281364,-0.0010655589284513933,0.5026738230565878,424,True
ds006018,config4,M1_RMS_Fz_0_150,034,0.09942141982127581,0.07951840480212136,0.019903015019154452,1000,True
ds006018,config4,M1_RMS_Fz_0_150,057,-0.05549752571026282,-0.00556432317504255,-0.04993320253522027,1000,True
ds006018,config4,M1_RMS_Fz_0_150,068,0.06221420634087376,-0.056744064940131816,0.11895827128100558,72,False
ds006018,config4,M1_RMS_Fz_0_150,050,0.10600583868934783,0.07746046347417214,0.028545375215175695,1000,True
ds006018,config4,M1_RMS_Fz_0_150,066,-0.09645870124762627,0.033102256178085446,-0.12956095742571172,1000,True
ds006018,config4,M1_RMS_Fz_0_150,061,0.019833318169697276,-0.030601189959780586,0.05043450812947786,1000,True
ds006018,config4,M1_RMS_Fz_0_150,035,0.6368993029117183,-0.02531545635152174,0.66221475926324,1000,True
ds006018,config4,M1_RMS_Fz_0_150,032,0.307836533105648,0.1141407954612072,0.1936957376444408,1000,True
ds006018,config4,M1_RMS_Fz_0_150,004,-0.16709079977534175,0.011106935146115155,-0.1781977349214569,1000,True
ds006018,config4,M1_RMS_Fz_0_150,003,0.1250344803535487,0.07570193925854901,0.04933254109499968,957,True
ds006018,config4,M1_RMS_Fz_0_150,078,0.005930035451762529,0.0712902685232167,-0.06536023307145417,1000,True
ds006018,config4,M1_RMS_Fz_0_150,047,0.16931963149554352,0.09449417538995658,0.07482545610558694,1000,True
ds006018,config4,M1_RMS_Fz_0_150,040,-0.1988636936288211,-0.06221216920758172,-0.13665152442123937,999,True
ds006018,config4,M1_RMS_Fz_0_150,049,0.008698945340724013,0.04668775956060093,-0.03798881421987692,998,True
ds006018,config4,M1_RMS_Fz_0_150,076,-0.21901009545930852,0.033560596143952626,-0.2525706916032612,1000,True
ds006018,config4,M1_RMS_Fz_0_150,082,0.4153881907202994,-0.018084144557826583,0.433472335278126,1000,True
ds006018,config4,M1_RMS_Fz_0_150,071,0.14162283277099139,0.22897907076946206,-0.08735623799847067,922,True
ds006018,config4,M1_RMS_Fz_0_150,025,0.1642431828464768,0.25160861052247074,-0.08736542767599395,6,False
ds006018,config4,M1_RMS_Fz_0_150,022,0.027714857280830774,-0.0069094385613244266,0.0346242958421552,1000,True
ds006018,config4,M1_RMS_Fz_0_150,014,0.1331160937449609,-0.00017373469097830063,0.1332898284359392,1000,True
ds006018,config4,M1_RMS_Fz_0_150,013,0.11553573670457512,0.036335566471610105,0.07920017023296502,1000,True
ds006018,config4,M1_RMS_Fz_0_150,070,0.06964242897396561,0.10401605210727839,-0.03437362313331278,1000,True
ds006018,config4,M1_RMS_Fz_0_150,048,0.347441842529272,-0.012902202600400035,0.36034404512967205,1000,True
ds006018,config4,M1_RMS_Fz_0_150,083,0.04340068364060507,-0.037278687234872765,0.08067937087547783,1000,True
ds006018,config4,M1_RMS_Fz_0_150,077,0.14306507272353255,0.013434081695969009,0.12963099102756354,841,True
ds006018,config4,M1_RMS_Fz_0_150,079,-0.06693355542597508,-0.029185868491291383,-0.037747686934683694,1000,True
ds006018,config4,M1_RMS_Fz_0_150,046,-0.18493499026624338,-0.06613921127189165,-0.11879577899435173,449,True
ds006018,config4,M1_RMS_Fz_0_150,012,0.17718402363517066,0.02951682689408588,0.14766719674108478,1000,True
ds006018,config4,M1_RMS_Fz_0_150,015,0.27338211254710854,0.004817358496027841,0.2685647540510807,464,True
ds006018,config4,M1_RMS_Fz_0_150,023,0.2361150018828949,-0.013763358543474125,0.24987836042636902,1000,True
ds006018,config4,M1_RMS_Fz_0_150,024,-0.16349714793715905,-0.08769716317574082,-0.07579998476141823,1000,True
ds006018,config4,M1_RMS_Fz_0_150,117,-0.023152203928435967,0.027763532865755277,-0.050915736794191244,1000,True
ds006018,config4,M1_RMS_Fz_0_150,119,0.0786560789248348,0.21348591770258435,-0.13482983877774957,1000,True
ds006018,config4,M1_RMS_Fz_0_150,121,-0.1348603617798311,0.015116654602865664,-0.14997701638269675,1000,True
ds006018,config4,M1_RMS_Fz_0_150,118,0.08558632548871638,0.010143320727365618,0.07544300476135075,605,True
ds006018,config4,M1_RMS_Fz_0_150,111,0.0280931534968828,0.038473760568839874,-0.010380607071957072,1000,True
ds006018,config4,M1_RMS_Fz_0_150,116,-0.13516139990349074,0.013778301616440865,-0.1489397015199316,271,True
ds006018,config4,M1_RMS_Fz_0_150,039,0.040176230919688596,0.15837355948913223,-0.11819732856944364,1000,True
ds006018,config4,M1_RMS_Fz_0_150,006,-0.011119553788568527,0.03854834861986977,-0.0496679024084383,1000,True
ds006018,config4,M1_RMS_Fz_0_150,001,-0.01254772780538103,0.0426627085679292,-0.05521043637331023,971,True
ds006018,config4,M1_RMS_Fz_0_150,008,0.020529667584305036,-0.029234568798725054,0.04976423638303009,1000,True
ds006018,config4,M1_RMS_Fz_0_150,037,0.07174779069602771,0.020593617961821256,0.05115417273420646,999,True
ds006018,config4,M1_RMS_Fz_0_150,030,-0.3866622533946237,0.030895452021568567,-0.41755770541619225,1000,True
ds006018,config4,M1_RMS_Fz_0_150,064,0.18711348622595209,0.037370248349405034,0.14974323787654706,1000,True
ds006018,config4,M1_RMS_Fz_0_150,063,0.08660943318200416,-0.01004157415334082,0.09665100733534499,1000,True
ds006018,config4,M1_RMS_Fz_0_150,055,-0.010102908619673745,-0.0461890906589979,0.036086182039324156,209,True
ds006018,config4,M1_RMS_Fz_0_150,052,0.14092042077704628,-0.06405380662221859,0.20497422739926485,1000,True
ds006018,config4,M1_RMS_Fz_0_150,031,0.3099419163276227,0.07403055067141723,0.23591136565620546,1000,True
ds006018,config4,M1_RMS_Fz_0_150,009,-0.06379462700439531,-0.021628173269299267,-0.042166453735096046,1000,True
ds006018,config4,M1_RMS_Fz_0_150,038,0.009719168305713156,0.2108031699726483,-0.20108400166693516,15,False
ds006018,config4,M1_RMS_Fz_0_150,007,-0.07113054724172792,-0.012413073802724224,-0.058717473439003694,1000,True
ds006018,config4,M1_RMS_Fz_0_150,053,0.3650798609650717,-0.0537019160890618,0.41878177705413355,1000,True
ds006018,config4,M1_RMS_Fz_0_150,054,0.1797702310443262,0.02104877841682202,0.1587214526275042,1000,True
ds006018,config4,M1_RMS_Fz_0_150,065,0.11928030455472258,-0.020369883895617242,0.13965018845033983,1000,True
ds006018,config4,M4a_mean_Fz,021,-0.316245765006303,-0.12681643641414822,-0.1894293285921548,1000,True
ds006018,config4,M4a_mean_Fz,026,0.06026559598802918,-0.10024887822382035,0.16051447421184953,1000,True
ds006018,config4,M4a_mean_Fz,019,-0.024393282340656193,-0.15568597097812342,0.13129268863746724,202,True
ds006018,config4,M4a_mean_Fz,010,-0.06728008436805952,-0.0999128749494264,0.03263279058136688,1000,True
ds006018,config4,M4a_mean_Fz,017,0.1368673794782514,-0.1402358312606599,0.2771032107389113,1000,True
ds006018,config4,M4a_mean_Fz,028,-0.05408618482539888,-0.1997443087128904,0.14565812388749153,1000,True
ds006018,config4,M4a_mean_Fz,043,0.5099255717205669,0.12783909425413703,0.3820864774664298,1000,True
ds006018,config4,M4a_mean_Fz,075,0.08828841734320088,-0.10161632552522483,0.1899047428684257,1000,True
ds006018,config4,M4a_mean_Fz,081,-0.735583623981356,-0.206006108063327,-0.529577515918029,69,False
ds006018,config4,M4a_mean_Fz,016,-0.1537230494412588,-0.15123427527840097,-0.0024887741628578375,1000,True
ds006018,config4,M4a_mean_Fz,029,-0.21837449599436784,-0.21446869691663617,-0.00390579907773167,1000,True
ds006018,config4,M4a_mean_Fz,011,0.053747176779694886,-0.01604540643798125,0.06979258321767613,1000,True
ds006018,config4,M4a_mean_Fz,027,-0.0014621852632223072,-0.006175393358436986,0.004713208095214679,1000,True
ds006018,config4,M4a_mean_Fz,018,0.16225393453143988,0.3800288708007312,-0.21777493626929134,1000,True
ds006018,config4,M4a_mean_Fz,020,-0.17768527608612977,-0.10628704933906148,-0.07139822674706829,999,True
ds006018,config4,M4a_mean_Fz,080,-0.2105787211050218,-0.03413862516121347,-0.17644009594380833,1000,True
ds006018,config4,M4a_mean_Fz,074,-0.03540779366434438,0.006510168729941558,-0.04191796239428593,1000,True
ds006018,config4,M4a_mean_Fz,073,0.11809296938250753,0.15859222879864465,-0.04049925941613712,1000,True
ds006018,config4,M4a_mean_Fz,045,-0.21147169317759407,-0.17616235766111737,-0.03530933551647669,698,True
ds006018,config4,M4a_mean_Fz,042,-0.302220966516505,0.026433282602505475,-0.3286542491190105,1000,True
ds006018,config4,M4a_mean_Fz,113,-0.202182449628801,-0.18187938863157713,-0.02030306099722387,1000,True
ds006018,config4,M4a_mean_Fz,114,-0.32574373357298586,0.1675382025140981,-0.4932819360870839,1,False
ds006018,config4,M4a_mean_Fz,122,-0.36056751450666386,-0.21536255785740588,-0.14520495664925798,1000,True
ds006018,config4,M4a_mean_Fz,125,0.09732573602021401,0.1261603159720223,-0.028834579951808284,1000,True
ds006018,config4,M4a_mean_Fz,124,0.1688743499232387,0.2061076737997434,-0.037233323876504715,999,True
ds006018,config4,M4a_mean_Fz,123,0.22423126059369922,-0.04595041310772324,0.27018167370142243,1000,True
ds006018,config4,M4a_mean_Fz,115,0.5378816209318413,0.16534253367646712,0.3725390872553742,1000,True
ds006018,config4,M4a_mean_Fz,112,-0.235046344718748,-0.09811294070898918,-0.1369334040097588,1000,True
ds006018,config4,M4a_mean_Fz,060,0.22901100148258907,0.0748673716373732,0.15414362984521587,1000,True
ds006018,config4,M4a_mean_Fz,067,-0.15900206563358604,-0.28075276910043073,0.12175070346684469,541,True
ds006018,config4,M4a_mean_Fz,058,0.08916212667104906,-0.11406725222167176,0.2032293788927208,953,True
ds006018,config4,M4a_mean_Fz,051,0.0624445916884184,-0.07709718665280921,0.1395417783412276,1000,True
ds006018,config4,M4a_mean_Fz,069,0.5199354027762353,0.2490525038185256,0.2708828989577097,4,False
ds006018,config4,M4a_mean_Fz,002,0.12076807219684738,-0.08388054294788895,0.2046486151447363,1000,True
ds006018,config4,M4a_mean_Fz,005,-0.18034240792762704,-0.2076661237229899,0.027323715795362857,1000,True
ds006018,config4,M4a_mean_Fz,033,-0.17772643610685668,-0.1082834958584683,-0.06944294024838837,424,True
ds006018,config4,M4a_mean_Fz,034,-0.05517201188631713,0.007607685221598297,-0.06277969710791542,1000,True
ds006018,config4,M4a_mean_Fz,057,0.13675535733608862,0.18393948198514523,-0.04718412464905661,1000,True
ds006018,config4,M4a_mean_Fz,068,-0.20655044429007413,-0.1442995066581756,-0.06225093763189854,72,False
ds006018,config4,M4a_mean_Fz,050,-0.1927165351768616,0.00403737145491575,-0.19675390663177736,1000,True
ds006018,config4,M4a_mean_Fz,066,0.14489985858022592,-0.13412071039069998,0.27902056897092586,1000,True
ds006018,config4,M4a_mean_Fz,061,0.16979049900171347,-0.07098265552156759,0.24077315452328107,1000,True
ds006018,config4,M4a_mean_Fz,035,1.277245223946526,0.1653477258788883,1.1118974980676377,1000,True
ds006018,config4,M4a_mean_Fz,032,-0.5595468850394477,-0.16872922105880195,-0.39081766398064577,1000,True
ds006018,config4,M4a_mean_Fz,004,0.30512327249668436,-0.10544644038525701,0.4105697128819414,1000,True
ds006018,config4,M4a_mean_Fz,003,0.04964233247555794,-0.10857231236051217,0.15821464483607012,957,True
ds006018,config4,M4a_mean_Fz,078,-0.15916504747457297,-0.15133238167265572,-0.007832665801917243,1000,True
ds006018,config4,M4a_mean_Fz,047,0.0388411890040936,0.19377678208392052,-0.1549355930798269,1000,True
ds006018,config4,M4a_mean_Fz,040,0.020636177351205594,-0.057089582245628115,0.07772575959683371,999,True
ds006018,config4,M4a_mean_Fz,049,0.25071091206720425,0.1220252328638479,0.12868567920335636,998,True
ds006018,config4,M4a_mean_Fz,076,0.03961504949070257,0.21633798850691954,-0.17672293901621697,1000,True
ds006018,config4,M4a_mean_Fz,082,-0.04632944469646083,0.09756257162009649,-0.14389201631655732,1000,True
ds006018,config4,M4a_mean_Fz,071,-0.06493609270192094,-0.4895536404490892,0.4246175477471683,922,True
ds006018,config4,M4a_mean_Fz,025,0.2583977912004305,0.1905079668792188,0.06788982432121168,6,False
ds006018,config4,M4a_mean_Fz,022,0.0016117906775650046,0.0095081866872411,-0.007896396009676095,1000,True
ds006018,config4,M4a_mean_Fz,014,-0.06325491661249123,0.013029534512834888,-0.07628445112532611,1000,True
ds006018,config4,M4a_mean_Fz,013,0.03600582192768894,-0.03251913179542417,0.06852495372311311,1000,True
ds006018,config4,M4a_mean_Fz,070,-0.25438101732580437,-0.1537536409002996,-0.10062737642550476,1000,True
ds006018,config4,M4a_mean_Fz,048,0.12109974389058566,-0.19495795132794844,0.3160576952185341,1000,True
ds006018,config4,M4a_mean_Fz,083,-0.03136360432675213,-0.13735407812888883,0.1059904738021367,1000,True
ds006018,config4,M4a_mean_Fz,077,0.0027312080960921956,-0.025911621271655846,0.028642829367748042,841,True
ds006018,config4,M4a_mean_Fz,079,-0.20586144833834422,-0.23135401558041488,0.025492567242070663,1000,True
ds006018,config4,M4a_mean_Fz,046,0.38176973414262894,-0.1884561940529138,0.5702259281955427,449,True
ds006018,config4,M4a_mean_Fz,012,0.09564556383267808,-0.08318730887141147,0.17883287270408954,1000,True
ds006018,config4,M4a_mean_Fz,015,0.06834556860848516,0.02908628999810117,0.03925927861038399,464,True
ds006018,config4,M4a_mean_Fz,023,-0.07115368121660526,-0.07415758949099618,0.0030039082743909262,1000,True
ds006018,config4,M4a_mean_Fz,024,-0.26063771893824583,-0.015294506390375598,-0.24534321254787023,1000,True
ds006018,config4,M4a_mean_Fz,117,0.3405760113681198,-0.025802329540894637,0.36637834090901444,1000,True
ds006018,config4,M4a_mean_Fz,119,-0.08623196520016253,-0.22727275876870096,0.14104079356853844,1000,True
ds006018,config4,M4a_mean_Fz,121,-0.14774747371886449,-0.1458418260646963,-0.0019056476541681744,1000,True
ds006018,config4,M4a_mean_Fz,118,0.24117617554986376,-0.173949818142425,0.41512599369228875,605,True
ds006018,config4,M4a_mean_Fz,111,0.038280699884827636,-0.024168684821993417,0.06244938470682106,1000,True
ds006018,config4,M4a_mean_Fz,116,-0.07652449262749639,-0.15292298959078562,0.07639849696328924,271,True
ds006018,config4,M4a_mean_Fz,039,-0.2459383471432891,-0.19210339736570792,-0.05383494977758119,1000,True
ds006018,config4,M4a_mean_Fz,006,-0.6633325864549975,-0.19926014035684803,-0.46407244609814946,1000,True
ds006018,config4,M4a_mean_Fz,001,0.14250937709618533,-0.03979445342247939,0.18230383051866472,971,True
ds006018,config4,M4a_mean_Fz,008,0.2986497547035342,-0.02074966405386247,0.3193994187573967,1000,True
ds006018,config4,M4a_mean_Fz,037,0.1744794220396948,0.0632734806533169,0.1112059413863779,999,True
ds006018,config4,M4a_mean_Fz,030,0.7255416573793976,0.3921097770320723,0.3334318803473253,1000,True
ds006018,config4,M4a_mean_Fz,064,0.16983512364480466,0.13050280337729817,0.03933232026750649,1000,True
ds006018,config4,M4a_mean_Fz,063,0.13448192356274885,-0.03311582372918372,0.16759774729193258,1000,True
ds006018,config4,M4a_mean_Fz,055,-0.28322417931560306,-0.0899660644750787,-0.19325811484052435,209,True
ds006018,config4,M4a_mean_Fz,052,0.09798896431354463,-0.10533468302550696,0.2033236473390516,1000,True
ds006018,config4,M4a_mean_Fz,031,0.13532004241016585,-0.06814877640735978,0.20346881881752563,1000,True
ds006018,config4,M4a_mean_Fz,009,-0.11562497362030419,-0.22365087409675588,0.10802590047645169,1000,True
ds006018,config4,M4a_mean_Fz,038,0.11653404082148514,-0.04347894848274703,0.16001298930423216,15,False
ds006018,config4,M4a_mean_Fz,007,0.14062247783264534,-0.08797142130589457,0.2285938991385399,1000,True
ds006018,config4,M4a_mean_Fz,053,-0.15662338342583496,-0.18127195728434078,0.02464857385850583,1000,True
ds006018,config4,M4a_mean_Fz,054,-0.11673090481837103,-0.10370686625675589,-0.013024038561615145,1000,True
ds006018,config4,M4a_mean_Fz,065,-0.2168664563003605,-0.05959979442457545,-0.15726666187578506,1000,True
ds006018,config4,M8_RMS_Pz_0_150,021,0.5442450471430444,0.13517607735637807,0.4090689697866664,1000,True
ds006018,config4,M8_RMS_Pz_0_150,026,0.4271481267940543,0.1373985780093998,0.2897495487846545,1000,True
ds006018,config4,M8_RMS_Pz_0_150,019,0.3664500484696288,0.036215417996130685,0.3302346304734981,202,True
ds006018,config4,M8_RMS_Pz_0_150,010,-0.06742619528885589,0.09621466285461545,-0.16364085814347135,1000,True
ds006018,config4,M8_RMS_Pz_0_150,017,0.15616925770315418,0.1409023781281789,0.015266879574975273,1000,True
ds006018,config4,M8_RMS_Pz_0_150,028,0.03751223041852517,-0.08324879036734671,0.12076102078587189,1000,True
ds006018,config4,M8_RMS_Pz_0_150,043,0.3558609809135662,0.1210490196956342,0.23481196121793202,1000,True
ds006018,config4,M8_RMS_Pz_0_150,075,0.3304922097841084,0.14536685950547676,0.18512535027863167,1000,True
ds006018,config4,M8_RMS_Pz_0_150,081,-0.2509322977386966,0.037670273857124,-0.2886025715958206,69,False
ds006018,config4,M8_RMS_Pz_0_150,016,0.046144900462236786,0.025085103779841175,0.02105979668239561,1000,True
ds006018,config4,M8_RMS_Pz_0_150,029,0.004413004166293661,-0.028096357189320575,0.03250936135561423,1000,True
ds006018,config4,M8_RMS_Pz_0_150,011,0.2669425728170413,-0.009769721445703464,0.2767122942627448,1000,True
ds006018,config4,M8_RMS_Pz_0_150,027,0.058197217753596535,0.04940722468341136,0.008789993070185173,1000,True
ds006018,config4,M8_RMS_Pz_0_150,018,-0.32547391817948174,-0.01428892878440274,-0.311184989395079,1000,True
ds006018,config4,M8_RMS_Pz_0_150,020,0.4682066319628298,-0.053862503942250894,0.5220691359050806,999,True
ds006018,config4,M8_RMS_Pz_0_150,080,0.1285645611441294,-0.020994173738002147,0.14955873488213153,1000,True
ds006018,config4,M8_RMS_Pz_0_150,074,0.05684044565659884,-0.10462374122674836,0.1614641868833472,1000,True
ds006018,config4,M8_RMS_Pz_0_150,073,0.17247925148295679,0.06512502782400072,0.10735422365895607,1000,True
ds006018,config4,M8_RMS_Pz_0_150,045,0.14233469055695647,0.14231725122548736,1.7439331469110142e-05,698,True
ds006018,config4,M8_RMS_Pz_0_150,042,0.33823894512681985,0.05639614365609006,0.28184280147072976,1000,True
ds006018,config4,M8_RMS_Pz_0_150,113,0.6887716729114522,0.11952176203971897,0.5692499108717333,1000,True
ds006018,config4,M8_RMS_Pz_0_150,114,0.09493770588270184,0.26797581992574193,-0.1730381140430401,1,False
ds006018,config4,M8_RMS_Pz_0_150,122,0.29754728239511735,0.08029361702455609,0.21725366537056126,1000,True
ds006018,config4,M8_RMS_Pz_0_150,125,0.20952463989610834,-0.0783109751466826,0.2878356150427909,1000,True
ds006018,config4,M8_RMS_Pz_0_150,124,-0.18394906084322818,-0.02948378216745298,-0.1544652786757752,999,True
ds006018,config4,M8_RMS_Pz_0_150,123,-0.16827114269101087,0.16771574620476618,-0.33598688889577705,1000,True
ds006018,config4,M8_RMS_Pz_0_150,115,0.36661761534003395,-0.020398942134636257,0.38701655747467023,1000,True
ds006018,config4,M8_RMS_Pz_0_150,112,0.005033793577790588,-0.07154840798929402,0.0765822015670846,1000,True
ds006018,config4,M8_RMS_Pz_0_150,060,-0.011133499213760252,-0.02968489861016112,0.018551399396400867,1000,True
ds006018,config4,M8_RMS_Pz_0_150,067,0.20339298011400653,-0.13944992903275977,0.3428429091467663,541,True
ds006018,config4,M8_RMS_Pz_0_150,058,-0.3365228129906266,-0.0007796664749577601,-0.33574314651566883,953,True
ds006018,config4,M8_RMS_Pz_0_150,051,0.408807812008905,0.144675212815763,0.26413259919314197,1000,True
ds006018,config4,M8_RMS_Pz_0_150,069,-0.2298408350548077,-0.09084663497561035,-0.13899420007919736,4,False
ds006018,config4,M8_RMS_Pz_0_150,002,-0.12095255137654629,0.0630982041006597,-0.18405075547720598,1000,True
ds006018,config4,M8_RMS_Pz_0_150,005,-0.11373601510823697,0.11778333188873931,-0.2315193469969763,1000,True
ds006018,config4,M8_RMS_Pz_0_150,033,0.2950686050172876,-0.002893909387165275,0.29796251440445287,424,True
ds006018,config4,M8_RMS_Pz_0_150,034,0.2970891620800439,0.07306478917061275,0.2240243729094311,1000,True
ds006018,config4,M8_RMS_Pz_0_150,057,-0.22180660672030775,0.1200254166089014,-0.34183202332920914,1000,True
ds006018,config4,M8_RMS_Pz_0_150,068,0.0842850185626462,-0.009631507929416448,0.09391652649206264,72,False
ds006018,config4,M8_RMS_Pz_0_150,050,0.39770957042755145,0.060872845573246265,0.33683672485430516,1000,True
ds006018,config4,M8_RMS_Pz_0_150,066,0.10803275768479556,0.1049325212158658,0.0031002364689297623,1000,True
ds006018,config4,M8_RMS_Pz_0_150,061,0.328696490325328,0.03916264839812862,0.2895338419271994,1000,True
ds006018,config4,M8_RMS_Pz_0_150,035,0.7103895386020138,-0.16355709613708183,0.8739466347390956,1000,True
ds006018,config4,M8_RMS_Pz_0_150,032,0.9118964999151435,0.15618655567719056,0.755709944237953,1000,True
ds006018,config4,M8_RMS_Pz_0_150,004,0.34891027346018993,0.008376606611364546,0.3405336668488254,1000,True
ds006018,config4,M8_RMS_Pz_0_150,003,0.08070561461613017,0.07549557745404398,0.005210037162086192,957,True
ds006018,config4,M8_RMS_Pz_0_150,078,0.43001085704131886,0.05365861056136232,0.3763522464799565,1000,True
ds006018,config4,M8_RMS_Pz_0_150,047,0.39687044924762355,0.1733561868613287,0.22351426238629485,1000,True
ds006018,config4,M8_RMS_Pz_0_150,040,0.1331272106458747,0.039461851986124424,0.09366535865975029,999,True
ds006018,config4,M8_RMS_Pz_0_150,049,0.27702352334457786,-0.06805185449598891,0.34507537784056674,998,True
ds006018,config4,M8_RMS_Pz_0_150,076,0.2740004301234625,0.0027462053659310904,0.2712542247575314,1000,True
ds006018,config4,M8_RMS_Pz_0_150,082,0.18552112060253406,0.06015437195594237,0.1253667486465917,1000,True
ds006018,config4,M8_RMS_Pz_0_150,071,0.2887062211563538,0.22343149202069437,0.06527472913565943,922,True
ds006018,config4,M8_RMS_Pz_0_150,025,-0.0704788511010507,0.006407889715151328,-0.07688674081620203,6,False
ds006018,config4,M8_RMS_Pz_0_150,022,-0.0068620141857535875,-0.003393875993984417,-0.0034681381917691704,1000,True
ds006018,config4,M8_RMS_Pz_0_150,014,0.30147545444760077,0.03095900212510181,0.27051645232249893,1000,True
ds006018,config4,M8_RMS_Pz_0_150,013,-0.1096301395936434,0.00016485860197185608,-0.10979499819561525,1000,True
ds006018,config4,M8_RMS_Pz_0_150,070,0.28254100892215017,0.15841995932950395,0.12412104959264622,1000,True
ds006018,config4,M8_RMS_Pz_0_150,048,0.24242905814059235,-0.02800318718980196,0.2704322453303943,1000,True
ds006018,config4,M8_RMS_Pz_0_150,083,-0.2109649619864312,-0.006620734506529102,-0.20434422747990208,1000,True
ds006018,config4,M8_RMS_Pz_0_150,077,0.42549141554488223,0.037034845189024085,0.3884565703558581,841,True
ds006018,config4,M8_RMS_Pz_0_150,079,0.06004333408746195,0.09378167763727101,-0.033738343549809056,1000,True
ds006018,config4,M8_RMS_Pz_0_150,046,0.6310006567958407,-0.08689826803102703,0.7178989248268678,449,True
ds006018,config4,M8_RMS_Pz_0_150,012,0.18550758164073844,0.09372556098287707,0.09178202065786137,1000,True
ds006018,config4,M8_RMS_Pz_0_150,015,0.15272864258973287,-0.0829471121171235,0.23567575470685637,464,True
ds006018,config4,M8_RMS_Pz_0_150,023,0.2727399931077097,0.08652153397474743,0.18621845913296226,1000,True
ds006018,config4,M8_RMS_Pz_0_150,024,-0.10646089223441144,0.07162184065887825,-0.17808273289328969,1000,True
ds006018,config4,M8_RMS_Pz_0_150,117,0.12709920456113633,0.030139001984070903,0.09696020257706542,1000,True
ds006018,config4,M8_RMS_Pz_0_150,119,0.29520479786274,0.28031732292198525,0.014887474940754764,1000,True
ds006018,config4,M8_RMS_Pz_0_150,121,0.2906919021115104,-0.023898816150015066,0.31459071826152546,1000,True
ds006018,config4,M8_RMS_Pz_0_150,118,0.02353303142330192,0.01138094360817815,0.012152087815123771,605,True
ds006018,config4,M8_RMS_Pz_0_150,111,0.1886438142444333,0.053677959739134536,0.13496585450529877,1000,True
ds006018,config4,M8_RMS_Pz_0_150,116,0.014281596102794183,0.10511777361432878,-0.0908361775115346,271,True
ds006018,config4,M8_RMS_Pz_0_150,039,0.33875985734606234,0.2062922229852869,0.13246763436077544,1000,True
ds006018,config4,M8_RMS_Pz_0_150,006,0.4327133184179165,0.15429605536457644,0.27841726305334,1000,True
ds006018,config4,M8_RMS_Pz_0_150,001,0.14571853198504664,-0.025285444693868453,0.1710039766789151,971,True
ds006018,config4,M8_RMS_Pz_0_150,008,0.588397191366665,0.019826497946918247,0.5685706934197468,1000,True
ds006018,config4,M8_RMS_Pz_0_150,037,0.013621087051876177,-0.09771358034982935,0.11133466740170553,999,True
ds006018,config4,M8_RMS_Pz_0_150,030,0.23446229331360213,0.05578629045755727,0.17867600285604485,1000,True
ds006018,config4,M8_RMS_Pz_0_150,064,-0.21887005694491296,0.0072327387485787995,-0.22610279569349176,1000,True
ds006018,config4,M8_RMS_Pz_0_150,063,0.2975109251841444,-0.029018634035708854,0.32652955921985327,1000,True
ds006018,config4,M8_RMS_Pz_0_150,055,-0.6388660767843326,-0.026149851647810796,-0.6127162251365218,209,True
ds006018,config4,M8_RMS_Pz_0_150,052,0.10286018392330623,-0.004674775561428864,0.1075349594847351,1000,True
ds006018,config4,M8_RMS_Pz_0_150,031,-0.2725723876083528,0.09387680688635221,-0.366449194494705,1000,True
ds006018,config4,M8_RMS_Pz_0_150,009,-0.10222304548588512,-0.12521152345823988,0.02298847797235476,1000,True
ds006018,config4,M8_RMS_Pz_0_150,038,0.3628438583801969,-0.0641006770012865,0.42694453538148336,15,False
ds006018,config4,M8_RMS_Pz_0_150,007,0.18786452124475553,-0.06089298468008667,0.2487575059248422,1000,True
ds006018,config4,M8_RMS_Pz_0_150,053,-0.21568254005681511,-0.03367912852743485,-0.18200341152938027,1000,True
ds006018,config4,M8_RMS_Pz_0_150,054,0.2898403398248299,0.1209993841104919,0.168840955714338,1000,True
ds006018,config4,M8_RMS_Pz_0_150,065,0.10316205203628158,-0.11502419700427036,0.21818624904055195,1000,True
ds006018,config4,M9a_mean_Pz,021,0.8458534133468176,0.4571219882622334,0.38873142508458425,1000,True
ds006018,config4,M9a_mean_Pz,026,0.6683171347190273,0.5066364932784649,0.16168064144056238,1000,True
ds006018,config4,M9a_mean_Pz,019,0.08530561685352579,0.47674811689578955,-0.3914425000422638,202,True
ds006018,config4,M9a_mean_Pz,010,0.4420561723314924,0.46440623476241144,-0.022350062430919027,1000,True
ds006018,config4,M9a_mean_Pz,017,0.19120316182384098,0.5369796079518543,-0.3457764461280133,1000,True
ds006018,config4,M9a_mean_Pz,028,0.25264824187464624,0.5202317212730307,-0.2675834793983845,1000,True
ds006018,config4,M9a_mean_Pz,043,0.40161368274044257,0.6952044298556818,-0.2935907471152392,1000,True
ds006018,config4,M9a_mean_Pz,075,0.4262778742059512,0.4786855775992499,-0.0524077033932987,1000,True
ds006018,config4,M9a_mean_Pz,081,0.500045653612027,0.7063989759755044,-0.20635332236347737,69,False
ds006018,config4,M9a_mean_Pz,016,0.7701130395120668,0.5662045954761659,0.20390844403590092,1000,True
ds006018,config4,M9a_mean_Pz,029,0.6050740761770813,0.5543070312524145,0.05076704492466677,1000,True
ds006018,config4,M9a_mean_Pz,011,0.35196613952983297,0.5370242551897708,-0.18505811565993785,1000,True
ds006018,config4,M9a_mean_Pz,027,0.23723882492636358,0.5803018012385964,-0.3430629763122328,1000,True
ds006018,config4,M9a_mean_Pz,018,0.782979038512723,0.5863570784911815,0.19662196002154153,1000,True
ds006018,config4,M9a_mean_Pz,020,0.679651866141208,0.5640929739691875,0.11555889217202053,999,True
ds006018,config4,M9a_mean_Pz,080,0.3146013175188928,0.5285673219267989,-0.21396600440790609,1000,True
ds006018,config4,M9a_mean_Pz,074,0.5226588365168444,0.511655588160851,0.011003248355993422,1000,True
ds006018,config4,M9a_mean_Pz,073,0.36171226052658756,0.48619281622388305,-0.12448055569729549,1000,True
ds006018,config4,M9a_mean_Pz,045,0.39609150513109836,0.6100889452102561,-0.21399744007915777,698,True
ds006018,config4,M9a_mean_Pz,042,0.7748112189587915,0.515016046653415,0.2597951723053764,1000,True
ds006018,config4,M9a_mean_Pz,113,0.93229196397761,0.5032839887620462,0.4290079752155639,1000,True
ds006018,config4,M9a_mean_Pz,114,0.532923386289535,-0.10287582148663252,0.6357992077761675,1,False
ds006018,config4,M9a_mean_Pz,122,0.4029939695515904,0.48805262643956276,-0.08505865688797237,1000,True
ds006018,config4,M9a_mean_Pz,125,0.5187206069884469,0.5306893215492269,-0.01196871456077997,1000,True
ds006018,config4,M9a_mean_Pz,124,0.40925811130216233,0.7206356017570009,-0.3113774904548386,999,True
ds006018,config4,M9a_mean_Pz,123,0.699283682357669,0.5851271014007821,0.11415658095688697,1000,True
ds006018,config4,M9a_mean_Pz,115,0.5608597287964591,0.5341714442363287,0.026688284560130393,1000,True
ds006018,config4,M9a_mean_Pz,112,0.4294470417403248,0.4655802036022967,-0.03613316186197191,1000,True
ds006018,config4,M9a_mean_Pz,060,0.3576816256380812,0.5086830694690826,-0.1510014438310014,1000,True
ds006018,config4,M9a_mean_Pz,067,0.08220172789384017,0.6003301775123487,-0.5181284496185086,541,True
ds006018,config4,M9a_mean_Pz,058,0.5452968786660577,0.4941493573976396,0.051147521268418095,953,True
ds006018,config4,M9a_mean_Pz,051,0.6445156128073943,0.47158377378477356,0.17293183902262077,1000,True
ds006018,config4,M9a_mean_Pz,069,0.7992861266046662,0.9042578850640545,-0.10497175845938822,4,False
ds006018,config4,M9a_mean_Pz,002,0.2098617264703076,0.5441469869499383,-0.33428526047963075,1000,True
ds006018,config4,M9a_mean_Pz,005,0.5248242978931178,0.6018912125417125,-0.07706691464859472,1000,True
ds006018,config4,M9a_mean_Pz,033,0.2671828555079098,0.47049905660960123,-0.2033162011016914,424,True
ds006018,config4,M9a_mean_Pz,034,0.277899606307273,0.5528019596349697,-0.2749023533276967,1000,True
ds006018,config4,M9a_mean_Pz,057,0.4921534979041533,0.5500038852516638,-0.05785038734751047,1000,True
ds006018,config4,M9a_mean_Pz,068,0.4443249320766988,0.525213810664444,-0.08088887858774513,72,False
ds006018,config4,M9a_mean_Pz,050,0.7073920486087104,0.5584779718550951,0.14891407675361534,1000,True
ds006018,config4,M9a_mean_Pz,066,0.3146400183732933,0.5966163284900122,-0.2819763101167189,1000,True
ds006018,config4,M9a_mean_Pz,061,0.4537763353321196,0.4716704407543763,-0.017894105422256723,1000,True
ds006018,config4,M9a_mean_Pz,035,1.41335889471112,0.7779193206182285,0.6354395740928914,1000,True
ds006018,config4,M9a_mean_Pz,032,0.4718101633438361,0.4229560411547098,0.04885412218912627,1000,True
ds006018,config4,M9a_mean_Pz,004,0.41194916341484294,0.5441428780994756,-0.13219371468463265,1000,True
ds006018,config4,M9a_mean_Pz,003,0.5407056074985701,0.5983447500658688,-0.05763914256729874,957,True
ds006018,config4,M9a_mean_Pz,078,0.5751394459477015,0.6817177991877699,-0.10657835324006837,1000,True
ds006018,config4,M9a_mean_Pz,047,0.7520301260599564,0.6866733111474217,0.06535681491253476,1000,True
ds006018,config4,M9a_mean_Pz,040,0.3258099853773061,0.51711808931734,-0.19130810394003395,999,True
ds006018,config4,M9a_mean_Pz,049,0.504102093925091,0.6448611161663195,-0.1407590222412285,998,True
ds006018,config4,M9a_mean_Pz,076,0.4842681772003341,0.48739272916396703,-0.0031245519636329266,1000,True
ds006018,config4,M9a_mean_Pz,082,0.4464750277239669,0.5599187679096985,-0.11344374018573161,1000,True
ds006018,config4,M9a_mean_Pz,071,0.2400402505989051,0.8627825459334403,-0.6227422953345352,922,True
ds006018,config4,M9a_mean_Pz,025,0.554562355897514,0.2368626288260081,0.31769972707150596,6,False
ds006018,config4,M9a_mean_Pz,022,0.7675497435617851,0.5879642935103595,0.17958545005142557,1000,True
ds006018,config4,M9a_mean_Pz,014,0.6497054241383112,0.4859215097246024,0.16378391441370882,1000,True
ds006018,config4,M9a_mean_Pz,013,0.6867031023179289,0.6342222347800497,0.05248086753787917,1000,True
ds006018,config4,M9a_mean_Pz,070,0.4727133328158737,0.52226760475418,-0.049554271938306305,1000,True
ds006018,config4,M9a_mean_Pz,048,0.2627280835167709,0.46710221593882933,-0.20437413242205843,1000,True
ds006018,config4,M9a_mean_Pz,083,0.435440666076101,0.4670342825338943,-0.031593616457793294,1000,True
ds006018,config4,M9a_mean_Pz,077,0.30641469928006354,0.5256868187047987,-0.21927211942473518,841,True
ds006018,config4,M9a_mean_Pz,079,0.7108713422718871,0.5735590576938723,0.1373122845780148,1000,True
ds006018,config4,M9a_mean_Pz,046,0.44227737696721603,0.4223073240765512,0.019970052890664836,449,True
ds006018,config4,M9a_mean_Pz,012,0.5701381254175509,0.6406932362255764,-0.07055511080802546,1000,True
ds006018,config4,M9a_mean_Pz,015,0.20086546376381842,0.542141374082067,-0.34127591031824855,464,True
ds006018,config4,M9a_mean_Pz,023,0.31080771588933337,0.6962073964851647,-0.38539968059583135,1000,True
ds006018,config4,M9a_mean_Pz,024,0.3496597811626116,0.5009575415564606,-0.15129776039384896,1000,True
ds006018,config4,M9a_mean_Pz,117,0.3599083043891808,0.5433234459566311,-0.18341514156745026,1000,True
ds006018,config4,M9a_mean_Pz,119,0.40788129142612184,0.5849531472981964,-0.17707185587207452,1000,True
ds006018,config4,M9a_mean_Pz,121,0.411969545539952,0.5462112221612155,-0.13424167662126352,1000,True
ds006018,config4,M9a_mean_Pz,118,-0.0591551859757445,0.49823211212596225,-0.5573872981017067,605,True
ds006018,config4,M9a_mean_Pz,111,0.39576122934630653,0.5676675686307381,-0.17190633928443155,1000,True
ds006018,config4,M9a_mean_Pz,116,0.43849347445443637,0.59982404989894,-0.16133057544450363,271,True
ds006018,config4,M9a_mean_Pz,039,0.7089351601922038,0.48416146189815656,0.22477369829404725,1000,True
ds006018,config4,M9a_mean_Pz,006,0.9247914469014643,0.5323289383885471,0.3924625085129172,1000,True
ds006018,config4,M9a_mean_Pz,001,0.7846541859482828,0.6010910192111626,0.18356316673712025,971,True
ds006018,config4,M9a_mean_Pz,008,0.49498948846779683,0.5613378547345065,-0.06634836626670965,1000,True
ds006018,config4,M9a_mean_Pz,037,0.4048274508197235,0.47966936449264813,-0.07484191367292464,999,True
ds006018,config4,M9a_mean_Pz,030,0.5573398952132745,0.6098665693214712,-0.05252667410819667,1000,True
ds006018,config4,M9a_mean_Pz,064,0.6243316533072732,0.6068094503250193,0.01752220298225393,1000,True
ds006018,config4,M9a_mean_Pz,063,0.48396185371345063,0.547166387495764,-0.06320453378231333,1000,True
ds006018,config4,M9a_mean_Pz,055,0.5151687424842423,0.5625901268690285,-0.04742138438478627,209,True
ds006018,config4,M9a_mean_Pz,052,0.641495773480066,0.6025425543461393,0.038953219133926686,1000,True
ds006018,config4,M9a_mean_Pz,031,0.6441238088814303,0.6176012823212178,0.026522526560212478,1000,True
ds006018,config4,M9a_mean_Pz,009,0.4646402079266099,0.5572693472456078,-0.09262913931899791,1000,True
ds006018,config4,M9a_mean_Pz,038,0.7035535494773719,0.6391537565886727,0.06439979288869924,15,False
ds006018,config4,M9a_mean_Pz,007,0.36715871617267937,0.5366698565473852,-0.16951114037470583,1000,True
ds006018,config4,M9a_mean_Pz,053,0.32511431599317925,0.4619644180793832,-0.13685010208620396,1000,True
ds006018,config4,M9a_mean_Pz,054,0.5096115039736068,0.4784450765176925,0.031166427455914247,1000,True
ds006018,config4,M9a_mean_Pz,065,0.4704756324992099,0.48293840918726766,-0.012462776688057786,1000,True
ds006018,config4,M13_PE_Fz_0_150,021,0.030610636149584508,-0.07893931292510768,0.10954994907469219,1000,True
ds006018,config4,M13_PE_Fz_0_150,026,0.22126511516991984,-0.007133890871936488,0.22839900604185634,1000,True
ds006018,config4,M13_PE_Fz_0_150,019,0.33784160510530403,0.004344898756784778,0.33349670634851925,202,True
ds006018,config4,M13_PE_Fz_0_150,010,0.42987487562227666,-0.026694972309386764,0.45656984793166344,1000,True
ds006018,config4,M13_PE_Fz_0_150,017,0.2993846515159303,-0.08443614176668575,0.38382079328261604,1000,True
ds006018,config4,M13_PE_Fz_0_150,028,0.30537018856068915,0.014801124670467824,0.2905690638902213,1000,True
ds006018,config4,M13_PE_Fz_0_150,043,0.044013618339340005,0.002973004877694589,0.04104061346164541,1000,True
ds006018,config4,M13_PE_Fz_0_150,075,-0.13266987704586608,-0.05932228405549764,-0.07334759299036844,1000,True
ds006018,config4,M13_PE_Fz_0_150,081,0.35433747295688417,0.018167258460601854,0.3361702144962823,69,False
ds006018,config4,M13_PE_Fz_0_150,016,0.030905996475671077,-0.057016840304028614,0.0879228367796997,1000,True
ds006018,config4,M13_PE_Fz_0_150,029,-0.1428819701309976,-0.044379048787950584,-0.09850292134304701,1000,True
ds006018,config4,M13_PE_Fz_0_150,011,-0.08359131496498483,0.027518833788078307,-0.11111014875306313,1000,True
ds006018,config4,M13_PE_Fz_0_150,027,-0.40268459576414334,-0.028031872987251,-0.3746527227768923,1000,True
ds006018,config4,M13_PE_Fz_0_150,018,-0.2007567256284511,0.06577106332055757,-0.26652778894900864,1000,True
ds006018,config4,M13_PE_Fz_0_150,020,0.0949623564795609,-0.021967981593040958,0.11693033807260186,999,True
ds006018,config4,M13_PE_Fz_0_150,080,0.05379440570212254,0.0529836247970638,0.0008107809050587403,1000,True
ds006018,config4,M13_PE_Fz_0_150,074,-0.1662821180659314,0.026643189069497517,-0.19292530713542894,1000,True
ds006018,config4,M13_PE_Fz_0_150,073,-0.06804019661778202,-0.05866494877910476,-0.009375247838677256,1000,True
ds006018,config4,M13_PE_Fz_0_150,045,-0.12010191431327823,0.023227678953025806,-0.14332959326630404,698,True
ds006018,config4,M13_PE_Fz_0_150,042,0.18963267926851712,-0.0019995560252948673,0.191632235293812,1000,True
ds006018,config4,M13_PE_Fz_0_150,113,-0.6663878333849197,-0.06926592778874532,-0.5971219055961744,1000,True
ds006018,config4,M13_PE_Fz_0_150,114,-0.07383442689517493,-0.6140922606077623,0.5402578337125874,1,False
ds006018,config4,M13_PE_Fz_0_150,122,0.18557528828377792,0.055998389569062626,0.12957689871471528,1000,True
ds006018,config4,M13_PE_Fz_0_150,125,-0.1696657528828478,-0.01894982955205831,-0.15071592333078948,1000,True
ds006018,config4,M13_PE_Fz_0_150,124,-0.23841377350927706,-0.04731691982013827,-0.19109685368913878,999,True
ds006018,config4,M13_PE_Fz_0_150,123,0.3590550526560731,-0.013969294438723917,0.37302434709479704,1000,True
ds006018,config4,M13_PE_Fz_0_150,115,-0.11919070377347066,-0.02246302227619343,-0.09672768149727723,1000,True
ds006018,config4,M13_PE_Fz_0_150,112,0.36249584340774355,0.03806401812351887,0.32443182528422465,1000,True
ds006018,config4,M13_PE_Fz_0_150,060,-0.07727279043351827,-0.012215220837659935,-0.06505756959585833,1000,True
ds006018,config4,M13_PE_Fz_0_150,067,-0.073150208782682,0.029906456515205182,-0.10305666529788718,541,True
ds006018,config4,M13_PE_Fz_0_150,058,0.1944334492380436,0.045339055922515706,0.14909439331552787,953,True
ds006018,config4,M13_PE_Fz_0_150,051,-0.14052311666789633,0.057834863890035774,-0.1983579805579321,1000,True
ds006018,config4,M13_PE_Fz_0_150,069,0.604454847022781,0.075494487620938,0.5289603594018429,4,False
ds006018,config4,M13_PE_Fz_0_150,002,-0.1582975876685418,-0.03481681181302255,-0.12348077585551925,1000,True
ds006018,config4,M13_PE_Fz_0_150,005,-0.1328005104604125,-0.04182678392368678,-0.09097372653672572,1000,True
ds006018,config4,M13_PE_Fz_0_150,033,0.06471873812105491,0.07802019905322226,-0.013301460932167344,424,True
ds006018,config4,M13_PE_Fz_0_150,034,-0.10057412406025375,-0.07847580622456994,-0.022098317835683806,1000,True
ds006018,config4,M13_PE_Fz_0_150,057,0.1437122603806315,-0.031702583976037854,0.17541484435666937,1000,True
ds006018,config4,M13_PE_Fz_0_150,068,-0.24416038821738537,-0.13138780403522468,-0.11277258418216068,72,False
ds006018,config4,M13_PE_Fz_0_150,050,-0.3093501646084117,-0.002486446190015739,-0.30686371841839594,1000,True
ds006018,config4,M13_PE_Fz_0_150,066,-0.3408112124100219,0.01348404838888553,-0.3542952607989074,1000,True
ds006018,config4,M13_PE_Fz_0_150,061,0.03677735305120848,-0.04034353931255619,0.07712089236376467,1000,True
ds006018,config4,M13_PE_Fz_0_150,035,0.24493159956162855,-0.034216767843334404,0.27914836740496296,1000,True
ds006018,config4,M13_PE_Fz_0_150,032,-0.037014388738358356,-0.082362494578328,0.04534810583996965,1000,True
ds006018,config4,M13_PE_Fz_0_150,004,0.03889411098576579,-0.03771067097032766,0.07660478195609345,1000,True
ds006018,config4,M13_PE_Fz_0_150,003,-0.4240303182023074,-0.01223939350299793,-0.4117909246993095,957,True
ds006018,config4,M13_PE_Fz_0_150,078,0.31995616028147417,-0.07938362872208066,0.3993397890035548,1000,True
ds006018,config4,M13_PE_Fz_0_150,047,0.10913602399118083,0.021133402057831412,0.08800262193334941,1000,True
ds006018,config4,M13_PE_Fz_0_150,040,0.12336583917487387,0.027035453235753768,0.0963303859391201,999,True
ds006018,config4,M13_PE_Fz_0_150,049,-0.09691310159875294,-0.018774539675675522,-0.07813856192307742,998,True
ds006018,config4,M13_PE_Fz_0_150,076,0.06227406337445497,0.01843402463012334,0.043840038744331636,1000,True
ds006018,config4,M13_PE_Fz_0_150,082,-0.10163997773832073,-0.04355810476031245,-0.05808187297800828,1000,True
ds006018,config4,M13_PE_Fz_0_150,071,-0.10161489661679747,-0.07665039469101362,-0.024964501925783852,922,True
ds006018,config4,M13_PE_Fz_0_150,025,-0.17836477156148398,-0.12243900940517445,-0.055925762156309525,6,False
ds006018,config4,M13_PE_Fz_0_150,022,-0.20637774795904298,0.05566964072342175,-0.26204738868246474,1000,True
ds006018,config4,M13_PE_Fz_0_150,014,-0.20308399967539606,-0.002681467959328287,-0.20040253171606778,1000,True
ds006018,config4,M13_PE_Fz_0_150,013,0.0017647012710717794,0.02406838001042154,-0.02230367873934976,1000,True
ds006018,config4,M13_PE_Fz_0_150,070,-0.10755446641441806,-0.05042602978168529,-0.05712843663273277,1000,True
ds006018,config4,M13_PE_Fz_0_150,048,0.023912108443048426,0.025149624167854216,-0.0012375157248057898,1000,True
ds006018,config4,M13_PE_Fz_0_150,083,0.16614490457600348,0.010152892869195506,0.15599201170680796,1000,True
ds006018,config4,M13_PE_Fz_0_150,077,0.14592551291599987,-0.011338337623148894,0.15726385053914876,841,True
ds006018,config4,M13_PE_Fz_0_150,079,0.057763471015335716,0.02474064557015408,0.03302282544518163,1000,True
ds006018,config4,M13_PE_Fz_0_150,046,0.2201314340076001,0.04326409937000834,0.17686733463759177,449,True
ds006018,config4,M13_PE_Fz_0_150,012,-0.005620471774510495,-0.04195082486393474,0.03633035308942425,1000,True
ds006018,config4,M13_PE_Fz_0_150,015,0.1445432079851183,0.010674829576562527,0.13386837840855578,464,True
ds006018,config4,M13_PE_Fz_0_150,023,0.25718279682463424,0.11584731141868454,0.1413354854059497,1000,True
ds006018,config4,M13_PE_Fz_0_150,024,0.12374324195199386,0.013825344583103888,0.10991789736888997,1000,True
ds006018,config4,M13_PE_Fz_0_150,117,-0.03928019906546003,-0.005288927525540913,-0.03399127153991911,1000,True
ds006018,config4,M13_PE_Fz_0_150,119,0.22142087006195058,-0.10335741022992274,0.32477828029187333,1000,True
ds006018,config4,M13_PE_Fz_0_150,121,0.2765419760313106,0.0013592274909634055,0.2751827485403472,1000,True
ds006018,config4,M13_PE_Fz_0_150,118,-0.1265195918647932,-0.02585146148167274,-0.10066813038312046,605,True
ds006018,config4,M13_PE_Fz_0_150,111,0.059691477708993405,-0.05317061078269911,0.11286208849169252,1000,True
ds006018,config4,M13_PE_Fz_0_150,116,0.19656203393641883,-0.0634848129499142,0.26004684688633306,271,True
ds006018,config4,M13_PE_Fz_0_150,039,0.02576751655042585,-0.13016077201406442,0.15592828856449029,1000,True
ds006018,config4,M13_PE_Fz_0_150,006,-0.5732536584506918,-0.034923603381548374,-0.5383300550691434,1000,True
ds006018,config4,M13_PE_Fz_0_150,001,-0.004888133962720561,-0.03740365193855464,0.03251551797583408,971,True
ds006018,config4,M13_PE_Fz_0_150,008,0.35795418949050145,-0.031335074508346314,0.3892892639988478,1000,True
ds006018,config4,M13_PE_Fz_0_150,037,0.5054581288191348,-0.09411613486920853,0.5995742636883433,999,True
ds006018,config4,M13_PE_Fz_0_150,030,0.25697494154015227,-0.0125261422177492,0.2695010837579015,1000,True
ds006018,config4,M13_PE_Fz_0_150,064,-0.24430302927196043,0.0077113589758214755,-0.2520143882477819,1000,True
ds006018,config4,M13_PE_Fz_0_150,063,-0.05739247843202789,-0.007356891369100739,-0.05003558706292715,1000,True
ds006018,config4,M13_PE_Fz_0_150,055,0.3878672269313385,0.028215551924655597,0.35965167500668294,209,True
ds006018,config4,M13_PE_Fz_0_150,052,-0.3427098020775317,-0.026217837381936265,-0.31649196469559543,1000,True
ds006018,config4,M13_PE_Fz_0_150,031,-0.29820727700068844,0.013685878614799633,-0.3118931556154881,1000,True
ds006018,config4,M13_PE_Fz_0_150,009,-0.11240505464188391,-0.0009069444690597343,-0.11149811017282418,1000,True
ds006018,config4,M13_PE_Fz_0_150,038,0.11527365360449451,-0.016907934160891116,0.13218158776538563,15,False
ds006018,config4,M13_PE_Fz_0_150,007,0.14779583261461482,0.049121038758587005,0.09867479385602781,1000,True
ds006018,config4,M13_PE_Fz_0_150,053,-0.20346960203777986,0.007250616333431955,-0.21072021837121183,1000,True
ds006018,config4,M13_PE_Fz_0_150,054,0.05120385267099557,-0.012486018750497692,0.06368987142149327,1000,True
ds006018,config4,M13_PE_Fz_0_150,065,0.2967196347129932,0.01771081871023192,0.27900881600276123,1000,True
ds006018,config4,M14_SE_Fz_0_150,021,-0.02196536446719449,-0.017599703269552805,-0.004365661197641684,1000,True
ds006018,config4,M14_SE_Fz_0_150,026,-0.132375763263237,0.009320813221346102,-0.1416965764845831,1000,True
ds006018,config4,M14_SE_Fz_0_150,019,0.1175324780955562,0.0023676261402876156,0.11516485195526859,202,True
ds006018,config4,M14_SE_Fz_0_150,010,0.22279181587527927,-0.05172397142535541,0.2745157873006347,1000,True
ds006018,config4,M14_SE_Fz_0_150,017,-0.016116676132975048,-0.08072359120059659,0.06460691506762155,1000,True
ds006018,config4,M14_SE_Fz_0_150,028,-0.01902502241005163,-0.016025298969410164,-0.002999723440641467,1000,True
ds006018,config4,M14_SE_Fz_0_150,043,0.058204179520827626,-0.005557308345116685,0.06376148786594431,1000,True
ds006018,config4,M14_SE_Fz_0_150,075,0.31339974711095425,-0.02164227051851981,0.33504201762947405,1000,True
ds006018,config4,M14_SE_Fz_0_150,081,0.3024467698895558,-0.04893516257371909,0.3513819324632749,69,False
ds006018,config4,M14_SE_Fz_0_150,016,-0.22143072473052092,-0.04880359433788443,-0.1726271303926365,1000,True
ds006018,config4,M14_SE_Fz_0_150,029,-0.06325052305906682,-0.04656957590261727,-0.016680947156449556,1000,True
ds006018,config4,M14_SE_Fz_0_150,011,-0.06966263891182357,0.02727711179150476,-0.09693975070332833,1000,True
ds006018,config4,M14_SE_Fz_0_150,027,0.07883813751899202,-0.02872939323517862,0.10756753075417064,1000,True
ds006018,config4,M14_SE_Fz_0_150,018,-0.2702308087959396,0.07430382845494023,-0.3445346372508798,1000,True
ds006018,config4,M14_SE_Fz_0_150,020,-0.144997795903305,0.024638861636635787,-0.16963665753994078,999,True
ds006018,config4,M14_SE_Fz_0_150,080,-0.27631656992462617,0.050891049567404194,-0.32720761949203037,1000,True
ds006018,config4,M14_SE_Fz_0_150,074,-0.08772357440277424,0.03546025192889981,-0.12318382633167405,1000,True
ds006018,config4,M14_SE_Fz_0_150,073,-0.007023420414790516,-0.049363350410668895,0.04233992999587838,1000,True
ds006018,config4,M14_SE_Fz_0_150,045,0.010223989902004377,-0.031087602763336216,0.041311592665340596,698,True
ds006018,config4,M14_SE_Fz_0_150,042,0.06991687723160393,0.0001392325841628459,0.06977764464744109,1000,True
ds006018,config4,M14_SE_Fz_0_150,113,-0.36455139060828656,-0.1461821242450927,-0.21836926636319387,1000,True
ds006018,config4,M14_SE_Fz_0_150,114,0.08093879367054656,0.17592112809958327,-0.09498233442903671,1,False
ds006018,config4,M14_SE_Fz_0_150,122,0.2679685810980583,0.07215105231447011,0.1958175287835882,1000,True
ds006018,config4,M14_SE_Fz_0_150,125,0.18796592371228918,0.017718015321199317,0.17024790839108986,1000,True
ds006018,config4,M14_SE_Fz_0_150,124,-0.1846932804311186,-0.07623822283827805,-0.10845505759284055,999,True
ds006018,config4,M14_SE_Fz_0_150,123,0.28989045052228524,-0.0045472656320273185,0.2944377161543126,1000,True
ds006018,config4,M14_SE_Fz_0_150,115,0.08170017399185397,-0.02633318394164993,0.10803335793350391,1000,True
ds006018,config4,M14_SE_Fz_0_150,112,0.44041538813124975,0.0455784384839282,0.3948369496473215,1000,True
ds006018,config4,M14_SE_Fz_0_150,060,-0.2068072562804082,-0.011972097529810783,-0.1948351587505974,1000,True
ds006018,config4,M14_SE_Fz_0_150,067,0.047660937212603754,-0.004675795109496153,0.052336732322099906,541,True
ds006018,config4,M14_SE_Fz_0_150,058,0.12583844685889356,-0.046253967226159765,0.17209241408505332,953,True
ds006018,config4,M14_SE_Fz_0_150,051,0.12206873377397784,0.07245244227262165,0.049616291501356186,1000,True
ds006018,config4,M14_SE_Fz_0_150,069,0.39114901674117675,-0.42543121916765936,0.8165802359088361,4,False
ds006018,config4,M14_SE_Fz_0_150,002,0.05444218398936016,-0.013606358117694112,0.06804854210705427,1000,True
ds006018,config4,M14_SE_Fz_0_150,005,0.07823453737158577,-0.01905594240738995,0.09729047977897572,1000,True
ds006018,config4,M14_SE_Fz_0_150,033,0.1641362794234042,0.011494212637588512,0.15264206678581568,424,True
ds006018,config4,M14_SE_Fz_0_150,034,-0.07766574836781366,-0.03345254007279232,-0.044213208295021345,1000,True
ds006018,config4,M14_SE_Fz_0_150,057,-0.03381229917790427,-0.029034984578965705,-0.004777314598938567,1000,True
ds006018,config4,M14_SE_Fz_0_150,068,-0.16123815836528266,-0.014153066349381488,-0.14708509201590117,72,False
ds006018,config4,M14_SE_Fz_0_150,050,-0.16010489139725323,-0.04639743125446036,-0.11370746014279287,1000,True
ds006018,config4,M14_SE_Fz_0_150,066,0.005762161836079801,0.04234019902004582,-0.03657803718396602,1000,True
ds006018,config4,M14_SE_Fz_0_150,061,0.05568406721955572,0.028765351276240907,0.02691871594331481,1000,True
ds006018,config4,M14_SE_Fz_0_150,035,0.16992219445258547,-0.0455149758958556,0.21543717034844106,1000,True
ds006018,config4,M14_SE_Fz_0_150,032,-0.012283358831141384,-0.045283624028178884,0.0330002651970375,1000,True
ds006018,config4,M14_SE_Fz_0_150,004,-0.0622636389895845,0.020302772248729145,-0.08256641123831365,1000,True
ds006018,config4,M14_SE_Fz_0_150,003,0.05470329926621269,-0.03076537072090107,0.08546866998711376,957,True
ds006018,config4,M14_SE_Fz_0_150,078,-0.05920212853869601,-0.059190306046727786,-1.1822491968224713e-05,1000,True
ds006018,config4,M14_SE_Fz_0_150,047,0.12360407988282979,-0.015839933558663446,0.13944401344149324,1000,True
ds006018,config4,M14_SE_Fz_0_150,040,0.14164232502158888,0.029086413864629294,0.11255591115695959,999,True
ds006018,config4,M14_SE_Fz_0_150,049,0.04455944726958134,-0.003999855682016305,0.04855930295159765,998,True
ds006018,config4,M14_SE_Fz_0_150,076,0.14885536026557225,-0.01870741800891588,0.16756277827448812,1000,True
ds006018,config4,M14_SE_Fz_0_150,082,-0.2987940415904995,-0.06824405090909776,-0.23054999068140175,1000,True
ds006018,config4,M14_SE_Fz_0_150,071,0.06406026421881808,-0.062187718393031846,0.12624798261184994,922,True
ds006018,config4,M14_SE_Fz_0_150,025,-0.03911129687499824,-0.11454889351330445,0.07543759663830621,6,False
ds006018,config4,M14_SE_Fz_0_150,022,-0.4475631625984623,0.08649008724372682,-0.5340532498421892,1000,True
ds006018,config4,M14_SE_Fz_0_150,014,-0.10449005575339755,0.023837094753092963,-0.12832715050649052,1000,True
ds006018,config4,M14_SE_Fz_0_150,013,-0.5098272238706762,-0.029741344225436745,-0.4800858796452395,1000,True
ds006018,config4,M14_SE_Fz_0_150,070,0.013440696848194154,-0.025489916882320107,0.03893061373051426,1000,True
ds006018,config4,M14_SE_Fz_0_150,048,-0.27523844056311153,0.0260516787082075,-0.30129011927131905,1000,True
ds006018,config4,M14_SE_Fz_0_150,083,-0.22827487491497003,-0.012548007269977382,-0.21572686764499266,1000,True
ds006018,config4,M14_SE_Fz_0_150,077,0.1276043912129329,-0.04008657629743294,0.16769096751036583,841,True
ds006018,config4,M14_SE_Fz_0_150,079,-0.21880970109741152,0.016148524812571553,-0.23495822590998308,1000,True
ds006018,config4,M14_SE_Fz_0_150,046,-0.14515520997841833,0.08048551218235607,-0.2256407221607744,449,True
ds006018,config4,M14_SE_Fz_0_150,012,-0.04292866804729465,-0.07186024816927389,0.028931580121979238,1000,True
ds006018,config4,M14_SE_Fz_0_150,015,-0.01306258812950844,-0.0022505520152882224,-0.010812036114220217,464,True
ds006018,config4,M14_SE_Fz_0_150,023,0.02152042676061602,0.06300121766227698,-0.04148079090166096,1000,True
ds006018,config4,M14_SE_Fz_0_150,024,0.11741637602364806,-0.01494475367443247,0.13236112969808053,1000,True
ds006018,config4,M14_SE_Fz_0_150,117,-0.09824890911010259,-0.01677889358397304,-0.08147001552612955,1000,True
ds006018,config4,M14_SE_Fz_0_150,119,-0.14084053895536733,-0.08266140575457522,-0.05817913320079211,1000,True
ds006018,config4,M14_SE_Fz_0_150,121,-0.12856612975175738,0.03812665954045693,-0.16669278929221432,1000,True
ds006018,config4,M14_SE_Fz_0_150,118,-0.09912647189000104,0.04428141314284493,-0.14340788503284596,605,True
ds006018,config4,M14_SE_Fz_0_150,111,0.28333686369672434,-0.07356626581330301,0.35690312951002734,1000,True
ds006018,config4,M14_SE_Fz_0_150,116,0.23850154374872903,-0.0380370004423205,0.2765385441910495,271,True
ds006018,config4,M14_SE_Fz_0_150,039,-0.21872629335743346,-0.07567110151918473,-0.14305519183824872,1000,True
ds006018,config4,M14_SE_Fz_0_150,006,-0.09113548211034105,-0.010801514567952333,-0.08033396754238871,1000,True
ds006018,config4,M14_SE_Fz_0_150,001,-0.02715241714040988,-0.09001388786558186,0.06286147072517198,971,True
ds006018,config4,M14_SE_Fz_0_150,008,0.03173086747265278,-0.0061382358193888,0.03786910329204158,1000,True
ds006018,config4,M14_SE_Fz_0_150,037,-0.06028174294963757,-0.014961895877478345,-0.045319847072159226,999,True
ds006018,config4,M14_SE_Fz_0_150,030,0.19789970770624424,0.029126063464399485,0.16877364424184477,1000,True
ds006018,config4,M14_SE_Fz_0_150,064,-0.12160765444128954,-0.005231238874127604,-0.11637641556716194,1000,True
ds006018,config4,M14_SE_Fz_0_150,063,0.07698545037372342,0.008816695128502377,0.06816875524522105,1000,True
ds006018,config4,M14_SE_Fz_0_150,055,0.16119513159107096,0.0043925273523279405,0.156802604238743,209,True
ds006018,config4,M14_SE_Fz_0_150,052,-0.06578363297673669,-0.0660654948505613,0.00028186187382461814,1000,True
ds006018,config4,M14_SE_Fz_0_150,031,-0.17839108052692532,-0.03155084904112619,-0.1468402314857991,1000,True
ds006018,config4,M14_SE_Fz_0_150,009,0.044042331008327634,-0.0644712005927677,0.10851353160109534,1000,True
ds006018,config4,M14_SE_Fz_0_150,038,0.5850019806299875,-0.08226314097523965,0.6672651216052272,15,False
ds006018,config4,M14_SE_Fz_0_150,007,0.14625087576517035,0.06917788464280634,0.077072991122364,1000,True
ds006018,config4,M14_SE_Fz_0_150,053,-0.00571261195389723,0.009389803090818499,-0.015102415044715729,1000,True
ds006018,config4,M14_SE_Fz_0_150,054,-0.11322225574784726,-0.06509640810316367,-0.0481258476446836,1000,True
ds006018,config4,M14_SE_Fz_0_150,065,0.07630817521740318,-0.0404672064590581,0.11677538167646129,1000,True
ds006018,config4,M15_LZ_Fz_0_150,021,-0.10154535485668063,-0.01883564165919654,-0.08270971319748409,1000,True
ds006018,config4,M15_LZ_Fz_0_150,026,0.30059994369593224,0.006096811878070881,0.29450313181786136,1000,True
ds006018,config4,M15_LZ_Fz_0_150,019,0.2785054607170575,0.07653838171665525,0.20196707900040226,202,True
ds006018,config4,M15_LZ_Fz_0_150,010,0.013887246764565018,-0.032350625814638406,0.04623787257920342,1000,True
ds006018,config4,M15_LZ_Fz_0_150,017,0.029426036157098934,-0.08030868875316968,0.10973472491026862,1000,True
ds006018,config4,M15_LZ_Fz_0_150,028,-0.2762308300480358,0.012891039931227557,-0.2891218699792633,1000,True
ds006018,config4,M15_LZ_Fz_0_150,043,-0.29492806694115525,0.025924748956336043,-0.3208528158974913,1000,True
ds006018,config4,M15_LZ_Fz_0_150,075,0.23737038547863384,-0.02977943669259818,0.267149822171232,1000,True
ds006018,config4,M15_LZ_Fz_0_150,081,0.19232957937085848,0.16034900464735227,0.03198057472350621,69,False
ds006018,config4,M15_LZ_Fz_0_150,016,-0.08633878443047835,-0.0901895329746663,0.0038507485441879458,1000,True
ds006018,config4,M15_LZ_Fz_0_150,029,0.10442442870299012,-0.04008483985938102,0.14450926856237115,1000,True
ds006018,config4,M15_LZ_Fz_0_150,011,-0.13719829546519488,0.022060459999034877,-0.15925875546422977,1000,True
ds006018,config4,M15_LZ_Fz_0_150,027,-0.060579535287299785,-0.03407413293709976,-0.026505402350200026,1000,True
ds006018,config4,M15_LZ_Fz_0_150,018,-0.3879231441222105,0.038198910191009974,-0.4261220543132205,1000,True
ds006018,config4,M15_LZ_Fz_0_150,020,-0.43287124248265163,0.07811751215296413,-0.5109887546356158,999,True
ds006018,config4,M15_LZ_Fz_0_150,080,-0.10107638119800129,0.24099923462818748,-0.3420756158261888,1000,True
ds006018,config4,M15_LZ_Fz_0_150,074,-0.09958410538923801,0.03286199033885025,-0.13244609572808824,1000,True
ds006018,config4,M15_LZ_Fz_0_150,073,0.30534258435325645,-0.02228852109161096,0.3276311054448674,1000,True
ds006018,config4,M15_LZ_Fz_0_150,045,0.8639690420946831,-0.02255479382148648,0.8865238359161696,698,True
ds006018,config4,M15_LZ_Fz_0_150,042,0.3276490267654934,0.0320777999772684,0.295571226788225,1000,True
ds006018,config4,M15_LZ_Fz_0_150,113,-0.12948186579568996,-0.15918198525212363,0.029700119456433666,1000,True
ds006018,config4,M15_LZ_Fz_0_150,114,0.14089000843127286,-0.25089453201340023,0.3917845404446731,1,False
ds006018,config4,M15_LZ_Fz_0_150,122,0.0749033258882847,0.08817929281344698,-0.01327596692516228,1000,True
ds006018,config4,M15_LZ_Fz_0_150,125,0.2248579898286448,-0.0429614557824571,0.2678194456111019,1000,True
ds006018,config4,M15_LZ_Fz_0_150,124,0.1603127211696442,-0.034015454198052505,0.1943281753676967,999,True
ds006018,config4,M15_LZ_Fz_0_150,123,0.08139277622066667,-0.0033064636875658185,0.08469923990823248,1000,True
ds006018,config4,M15_LZ_Fz_0_150,115,-0.17929439440806139,0.007573196423946843,-0.18686759083200824,1000,True
ds006018,config4,M15_LZ_Fz_0_150,112,0.038271774227758126,0.03771096905107352,0.0005608051766846089,1000,True
ds006018,config4,M15_LZ_Fz_0_150,060,-0.33561677430078596,-0.026665531359967708,-0.30895124294081827,1000,True
ds006018,config4,M15_LZ_Fz_0_150,067,-0.12403743189742775,-0.1837516031148228,0.05971417121739506,541,True
ds006018,config4,M15_LZ_Fz_0_150,058,0.2609305256993437,-0.04653651411430302,0.30746703981364676,953,True
ds006018,config4,M15_LZ_Fz_0_150,051,-0.369425375778443,0.06472058266794257,-0.43414595844638554,1000,True
ds006018,config4,M15_LZ_Fz_0_150,069,-0.5892137835359523,-0.08643228299863814,-0.5027815005373142,4,False
ds006018,config4,M15_LZ_Fz_0_150,002,0.004806812886368383,-0.027129424175930023,0.03193623706229841,1000,True
ds006018,config4,M15_LZ_Fz_0_150,005,0.13570535470335093,-0.059880613565182955,0.1955859682685339,1000,True
ds006018,config4,M15_LZ_Fz_0_150,033,0.24245720295750742,0.2632112496651844,-0.02075404670767697,424,True
ds006018,config4,M15_LZ_Fz_0_150,034,-0.020572633595289744,-0.05313821881339489,0.03256558521810514,1000,True
ds006018,config4,M15_LZ_Fz_0_150,057,0.027275204546839054,-0.0001522404746323418,0.027427445021471396,1000,True
ds006018,config4,M15_LZ_Fz_0_150,068,-0.2153306482721904,-0.28275141355167144,0.06742076527948104,72,False
ds006018,config4,M15_LZ_Fz_0_150,050,-0.2517960276806849,0.011664161616655384,-0.2634601892973403,1000,True
ds006018,config4,M15_LZ_Fz_0_150,066,-0.06286866772337073,0.008060878319247093,-0.07092954604261782,1000,True
ds006018,config4,M15_LZ_Fz_0_150,061,0.11916102520394824,0.054317084048085745,0.06484394115586249,1000,True
ds006018,config4,M15_LZ_Fz_0_150,035,-0.1997982375527928,0.035100900175027844,-0.23489913772782064,1000,True
ds006018,config4,M15_LZ_Fz_0_150,032,-0.28605346045365915,-0.27868571485141524,-0.0073677456022439025,1000,True
ds006018,config4,M15_LZ_Fz_0_150,004,-0.19935369343830853,0.04360660731178979,-0.2429603007500983,1000,True
ds006018,config4,M15_LZ_Fz_0_150,003,0.10271012442451495,-0.007021493244301676,0.10973161766881663,957,True
ds006018,config4,M15_LZ_Fz_0_150,078,0.12720648065616505,-0.0596922228366522,0.18689870349281726,1000,True
ds006018,config4,M15_LZ_Fz_0_150,047,0.4004923339481091,0.031540167922551966,0.36895216602555714,1000,True
ds006018,config4,M15_LZ_Fz_0_150,040,0.126700300432878,0.03589632290913802,0.09080397752373998,999,True
ds006018,config4,M15_LZ_Fz_0_150,049,-0.004824643181416834,0.001787370944931189,-0.006612014126348023,998,True
ds006018,config4,M15_LZ_Fz_0_150,076,0.15414885234042547,-0.020336188545409008,0.17448504088583447,1000,True
ds006018,config4,M15_LZ_Fz_0_150,082,-0.13040192034574438,-0.08878744561168082,-0.04161447473406356,1000,True
ds006018,config4,M15_LZ_Fz_0_150,071,-0.15495509849729944,-0.31041090448990905,0.1554558059926096,922,True
ds006018,config4,M15_LZ_Fz_0_150,025,-0.13203019558503915,0.9613992831379744,-1.0934294787230137,6,False
ds006018,config4,M15_LZ_Fz_0_150,022,-0.1829786515277447,0.0883479230821933,-0.27132657460993803,1000,True
ds006018,config4,M15_LZ_Fz_0_150,014,-0.33726502180189466,0.024990424636266825,-0.3622554464381615,1000,True
ds006018,config4,M15_LZ_Fz_0_150,013,-0.37042696292387634,-0.03193292810807179,-0.33849403481580453,1000,True
ds006018,config4,M15_LZ_Fz_0_150,070,0.10353834652013783,-0.04735049847987447,0.1508888450000123,1000,True
ds006018,config4,M15_LZ_Fz_0_150,048,-0.275417942628676,-0.030338562824316333,-0.2450793798043597,1000,True
ds006018,config4,M15_LZ_Fz_0_150,083,-0.25935215156943103,-0.00753015950430679,-0.25182199206512423,1000,True
ds006018,config4,M15_LZ_Fz_0_150,077,0.3010905970910025,0.08520425763765879,0.2158863394533437,841,True
ds006018,config4,M15_LZ_Fz_0_150,079,0.3866080792075399,0.051847459130466844,0.3347606200770731,1000,True
ds006018,config4,M15_LZ_Fz_0_150,046,0.2808857817733661,0.1881258282517479,0.0927599535216182,449,True
ds006018,config4,M15_LZ_Fz_0_150,012,0.11032223699272069,-0.10518911191350418,0.21551134890622486,1000,True
ds006018,config4,M15_LZ_Fz_0_150,015,-0.10132750685774185,-0.26114688363372823,0.1598193767759864,464,True
ds006018,config4,M15_LZ_Fz_0_150,023,-0.11002157128623442,0.14126808950878236,-0.2512896607950168,1000,True
ds006018,config4,M15_LZ_Fz_0_150,024,0.02679107101775233,0.025379113543169147,0.0014119574745831837,1000,True
ds006018,config4,M15_LZ_Fz_0_150,117,-0.2940567059121352,-0.006602566968527594,-0.2874541389436076,1000,True
ds006018,config4,M15_LZ_Fz_0_150,119,-0.08877242768774718,-0.046973720062170314,-0.041798707625576866,1000,True
ds006018,config4,M15_LZ_Fz_0_150,121,0.058448148410472946,-0.03167014773987341,0.09011829615034636,1000,True
ds006018,config4,M15_LZ_Fz_0_150,118,0.30937532437282117,-0.0939702341714873,0.4033455585443085,605,True
ds006018,config4,M15_LZ_Fz_0_150,111,-0.20484168337514994,-0.0351489464400884,-0.16969273693506154,1000,True
ds006018,config4,M15_LZ_Fz_0_150,116,0.2799775642221631,0.10246118740492693,0.17751637681723614,271,True
ds006018,config4,M15_LZ_Fz_0_150,039,-0.010402484700040106,-0.31656552595850973,0.3061630412584696,1000,True
ds006018,config4,M15_LZ_Fz_0_150,006,-0.2335644915638968,-0.04859008448896438,-0.18497440707493243,1000,True
ds006018,config4,M15_LZ_Fz_0_150,001,0.13136309671142327,0.1115740570086939,0.01978903970272937,971,True
ds006018,config4,M15_LZ_Fz_0_150,008,0.10770368376597263,-0.019218525251423445,0.12692220901739606,1000,True
ds006018,config4,M15_LZ_Fz_0_150,037,0.41060487253627903,-0.18542619257482146,0.5960310651111005,999,True
ds006018,config4,M15_LZ_Fz_0_150,030,0.17497138989976985,0.025901312582045085,0.14907007731772476,1000,True
ds006018,config4,M15_LZ_Fz_0_150,064,0.08859558063700267,-0.006462130054761629,0.0950577106917643,1000,True
ds006018,config4,M15_LZ_Fz_0_150,063,0.03908080952945458,-0.024140013897225393,0.06322082342667998,1000,True
ds006018,config4,M15_LZ_Fz_0_150,055,-0.26022634278328904,-0.20437607473467226,-0.055850268048616786,209,True
ds006018,config4,M15_LZ_Fz_0_150,052,-0.10585236499133038,-0.08924616959766704,-0.016606195393663342,1000,True
ds006018,config4,M15_LZ_Fz_0_150,031,-0.10424859391233413,-0.0434554343057877,-0.060793159606546424,1000,True
ds006018,config4,M15_LZ_Fz_0_150,009,-0.14292170725131736,-0.036904800027001396,-0.10601690722431598,1000,True
ds006018,config4,M15_LZ_Fz_0_150,038,0.6260003451784337,0.3859225096114419,0.2400778355669918,15,False
ds006018,config4,M15_LZ_Fz_0_150,007,0.2138162789301937,0.11266384391021654,0.10115243501997716,1000,True
ds006018,config4,M15_LZ_Fz_0_150,053,-0.10875958567920031,0.05955917085940557,-0.1683187565386059,1000,True
ds006018,config4,M15_LZ_Fz_0_150,054,-0.4175005533585394,-0.04272097960575953,-0.37477957375277987,1000,True
ds006018,config4,M15_LZ_Fz_0_150,065,0.21436263814540432,-0.0066077781383072015,0.22097041628371153,1000,True
ds006018,config4,M22_HJORTHMOB_Fz_0_150,021,-0.019149467792974977,-0.010003905068651425,-0.009145562724323552,1000,True
ds006018,config4,M22_HJORTHMOB_Fz_0_150,026,0.06859931224579273,0.0032773667437493163,0.06532194550204341,1000,True
ds006018,config4,M22_HJORTHMOB_Fz_0_150,019,-0.16064485712547075,-0.01457813165034791,-0.14606672547512284,202,True
ds006018,config4,M22_HJORTHMOB_Fz_0_150,010,0.21032823452742244,-0.03772802407473553,0.24805625860215796,1000,True
ds006018,config4,M22_HJORTHMOB_Fz_0_150,017,0.03496308929423461,-0.08857268771097315,0.12353577700520776,1000,True
ds006018,config4,M22_HJORTHMOB_Fz_0_150,028,-0.044461296656260585,-0.004349512046584095,-0.04011178460967649,1000,True
ds006018,config4,M22_HJORTHMOB_Fz_0_150,043,0.10614924645211574,0.010036517166470556,0.09611272928564518,1000,True
ds006018,config4,M22_HJORTHMOB_Fz_0_150,075,0.1919257786781645,-0.03501826950888192,0.22694404818704642,1000,True
ds006018,config4,M22_HJORTHMOB_Fz_0_150,081,0.2472991079011944,-0.08390529223096412,0.3312044001321585,69,False
ds006018,config4,M22_HJORTHMOB_Fz_0_150,016,-0.25606466445101744,-0.06311898103698983,-0.19294568341402762,1000,True
ds006018,config4,M22_HJORTHMOB_Fz_0_150,029,-0.08508166871592904,-0.04905040819134165,-0.03603126052458739,1000,True
ds006018,config4,M22_HJORTHMOB_Fz_0_150,011,0.03888180050403849,0.04323014072824379,-0.004348340224205299,1000,True
ds006018,config4,M22_HJORTHMOB_Fz_0_150,027,-0.03290057885902159,-0.020910543763130875,-0.011990035095890715,1000,True
ds006018,config4,M22_HJORTHMOB_Fz_0_150,018,-0.20820608614039363,0.05650296672452905,-0.2647090528649227,1000,True
ds006018,config4,M22_HJORTHMOB_Fz_0_150,020,-0.03147287199431469,0.033859019542868574,-0.06533189153718327,999,True
ds006018,config4,M22_HJORTHMOB_Fz_0_150,080,-0.21136131795860416,0.043207504071892645,-0.2545688220304968,1000,True
ds006018,config4,M22_HJORTHMOB_Fz_0_150,074,0.07241112263943934,0.04573219063653092,0.026678932002908426,1000,True
ds006018,config4,M22_HJORTHMOB_Fz_0_150,073,0.19995472731350913,-0.053966398415081496,0.2539211257285906,1000,True
ds006018,config4,M22_HJORTHMOB_Fz_0_150,045,0.010844309302026591,-0.007730351929562954,0.018574661231589545,698,True
ds006018,config4,M22_HJORTHMOB_Fz_0_150,042,0.07130777096633242,0.027394536851329303,0.04391323411500312,1000,True
ds006018,config4,M22_HJORTHMOB_Fz_0_150,113,-0.12240851348039976,-0.08089775700647027,-0.04151075647392949,1000,True
ds006018,config4,M22_HJORTHMOB_Fz_0_150,114,-0.20832642751750538,-0.030793045465971672,-0.1775333820515337,1,False
ds006018,config4,M22_HJORTHMOB_Fz_0_150,122,0.24358310639679187,0.11460172661655768,0.1289813797802342,1000,True
ds006018,config4,M22_HJORTHMOB_Fz_0_150,125,0.08401187757311819,0.005885503774487274,0.07812637379863091,1000,True
ds006018,config4,M22_HJORTHMOB_Fz_0_150,124,-0.05440167422418008,-0.057675408994528866,0.003273734770348785,999,True
ds006018,config4,M22_HJORTHMOB_Fz_0_150,123,0.3124233810215828,-0.04628077371946457,0.35870415474104733,1000,True
ds006018,config4,M22_HJORTHMOB_Fz_0_150,115,0.037455151147628395,-0.021221083785385224,0.05867623493301362,1000,True
ds006018,config4,M22_HJORTHMOB_Fz_0_150,112,0.2742346015304957,0.06739233388261448,0.20684226764788124,1000,True
ds006018,config4,M22_HJORTHMOB_Fz_0_150,060,-0.04851068109034917,-0.025450302191783288,-0.023060378898565884,1000,True
ds006018,config4,M22_HJORTHMOB_Fz_0_150,067,0.07812641850402258,-0.029491199617358476,0.10761761812138106,541,True
ds006018,config4,M22_HJORTHMOB_Fz_0_150,058,0.14810333082337196,-0.009052041555171617,0.15715537237854357,953,True
ds006018,config4,M22_HJORTHMOB_Fz_0_150,051,-0.14222479415338418,0.020887471991448418,-0.1631122661448326,1000,True
ds006018,config4,M22_HJORTHMOB_Fz_0_150,069,0.7704109558074534,-0.5102231324520297,1.280634088259483,4,False
ds006018,config4,M22_HJORTHMOB_Fz_0_150,002,0.019359022420380744,-0.029114980518800203,0.048474002939180943,1000,True
ds006018,config4,M22_HJORTHMOB_Fz_0_150,005,0.0509539215085249,-0.052952116483604116,0.10390603799212902,1000,True
ds006018,config4,M22_HJORTHMOB_Fz_0_150,033,-0.1810077388282734,0.10358794983056356,-0.28459568865883694,424,True
ds006018,config4,M22_HJORTHMOB_Fz_0_150,034,-0.1407762835845757,-0.07023083663633733,-0.07054544694823836,1000,True
ds006018,config4,M22_HJORTHMOB_Fz_0_150,057,0.05194315252925047,-0.021498507621714145,0.07344166015096462,1000,True
ds006018,config4,M22_HJORTHMOB_Fz_0_150,068,0.040192002244105414,0.0052478801132061,0.03494412213089931,72,False
ds006018,config4,M22_HJORTHMOB_Fz_0_150,050,-0.3503718624741637,-0.03284253676016182,-0.3175293257140019,1000,True
ds006018,config4,M22_HJORTHMOB_Fz_0_150,066,0.19354239248118932,0.030605078422947678,0.16293731405824163,1000,True
ds006018,config4,M22_HJORTHMOB_Fz_0_150,061,0.035238379298221024,0.023464300435040542,0.011774078863180482,1000,True
ds006018,config4,M22_HJORTHMOB_Fz_0_150,035,-0.336354947715248,-0.02287681395203691,-0.3134781337632111,1000,True
ds006018,config4,M22_HJORTHMOB_Fz_0_150,032,-0.13056723907174872,-0.07405849191844305,-0.05650874715330567,1000,True
ds006018,config4,M22_HJORTHMOB_Fz_0_150,004,-0.1422852524723583,-0.026080906353512248,-0.11620434611884604,1000,True
ds006018,config4,M22_HJORTHMOB_Fz_0_150,003,-0.14809316326098063,-0.06757308233655145,-0.08052008092442918,957,True
ds006018,config4,M22_HJORTHMOB_Fz_0_150,078,0.11852110717854239,-0.11353394919268509,0.23205505637122747,1000,True
ds006018,config4,M22_HJORTHMOB_Fz_0_150,047,0.3502965267045864,0.07519933752174582,0.27509718918284054,1000,True
ds006018,config4,M22_HJORTHMOB_Fz_0_150,040,0.013448044970565239,0.04853549067190388,-0.03508744570133864,999,True
ds006018,config4,M22_HJORTHMOB_Fz_0_150,049,-0.02770912089968268,0.026099080567575345,-0.053808201467258024,998,True
ds006018,config4,M22_HJORTHMOB_Fz_0_150,076,0.16180845848171124,-0.014783264932286372,0.17659172341399762,1000,True
ds006018,config4,M22_HJORTHMOB_Fz_0_150,082,-0.26710996517454555,-0.056223855832490774,-0.21088610934205476,1000,True
ds006018,config4,M22_HJORTHMOB_Fz_0_150,071,0.10265089120466389,-0.09908409754520214,0.20173498874986603,922,True
ds006018,config4,M22_HJORTHMOB_Fz_0_150,025,-0.2986946190001004,-0.12842619979006895,-0.17026841921003147,6,False
ds006018,config4,M22_HJORTHMOB_Fz_0_150,022,-0.16290887684246683,0.06707176273954919,-0.22998063958201603,1000,True
ds006018,config4,M22_HJORTHMOB_Fz_0_150,014,-0.15503440990195158,0.028951253059595616,-0.1839856629615472,1000,True
ds006018,config4,M22_HJORTHMOB_Fz_0_150,013,-0.014032789634002537,-0.05265549152553474,0.038622701891532205,1000,True
ds006018,config4,M22_HJORTHMOB_Fz_0_150,070,-0.07223704261285441,-0.04740826457295022,-0.024828778039904187,1000,True
ds006018,config4,M22_HJORTHMOB_Fz_0_150,048,-0.07776937861139543,-0.015069097129135055,-0.06270028148226038,1000,True
ds006018,config4,M22_HJORTHMOB_Fz_0_150,083,-0.26330828489919295,0.05529296005560928,-0.31860124495480224,1000,True
ds006018,config4,M22_HJORTHMOB_Fz_0_150,077,0.17969624255541702,0.02396454657517777,0.15573169598023925,841,True
ds006018,config4,M22_HJORTHMOB_Fz_0_150,079,0.13462487122356673,0.011614061946078495,0.12301080927748823,1000,True
ds006018,config4,M22_HJORTHMOB_Fz_0_150,046,0.15469732083300639,0.05296440684687571,0.10173291398613069,449,True
ds006018,config4,M22_HJORTHMOB_Fz_0_150,012,0.15471060232789777,-0.0765279988765848,0.23123860120448259,1000,True
ds006018,config4,M22_HJORTHMOB_Fz_0_150,015,-0.10707482307383931,-0.013617906122327108,-0.0934569169515122,464,True
ds006018,config4,M22_HJORTHMOB_Fz_0_150,023,0.046942390468084905,0.05148711382370396,-0.0045447233556190555,1000,True
ds006018,config4,M22_HJORTHMOB_Fz_0_150,024,0.174800511833248,0.056461010452583234,0.11833950138066476,1000,True
ds006018,config4,M22_HJORTHMOB_Fz_0_150,117,-0.060452257623951046,-0.00327293947607793,-0.057179318147873116,1000,True
ds006018,config4,M22_HJORTHMOB_Fz_0_150,119,-0.23852172153573148,-0.09612541893549661,-0.14239630260023486,1000,True
ds006018,config4,M22_HJORTHMOB_Fz_0_150,121,-0.20045709168237666,0.005735383451851716,-0.20619247513422836,1000,True
ds006018,config4,M22_HJORTHMOB_Fz_0_150,118,0.12167604116732407,0.016837982572453798,0.10483805859487028,605,True
ds006018,config4,M22_HJORTHMOB_Fz_0_150,111,0.006024127053615851,-0.05245239829618174,0.058476525349797595,1000,True
ds006018,config4,M22_HJORTHMOB_Fz_0_150,116,0.13663215639952705,-0.02969275305963824,0.16632490945916528,271,True
ds006018,config4,M22_HJORTHMOB_Fz_0_150,039,0.1946591790683666,-0.08888082516471361,0.28354000423308023,1000,True
ds006018,config4,M22_HJORTHMOB_Fz_0_150,006,-0.5552976283467825,-0.03251250897457508,-0.5227851193722075,1000,True
ds006018,config4,M22_HJORTHMOB_Fz_0_150,001,0.21386328987731612,-0.037731537439708966,0.2515948273170251,971,True
ds006018,config4,M22_HJORTHMOB_Fz_0_150,008,0.25637385160014475,-0.01799814656304421,0.27437199816318897,1000,True
ds006018,config4,M22_HJORTHMOB_Fz_0_150,037,0.16499459122919266,-0.0936408627759492,0.2586354540051419,999,True
ds006018,config4,M22_HJORTHMOB_Fz_0_150,030,0.2987337741979703,0.0037492388436840126,0.2949845353542863,1000,True
ds006018,config4,M22_HJORTHMOB_Fz_0_150,064,0.14728193539792742,0.015188751474539151,0.13209318392338826,1000,True
ds006018,config4,M22_HJORTHMOB_Fz_0_150,063,-0.03035619797256694,-0.003479332005452044,-0.0268768659671149,1000,True
ds006018,config4,M22_HJORTHMOB_Fz_0_150,055,0.6832834697503084,-0.030244157294540486,0.7135276270448488,209,True
ds006018,config4,M22_HJORTHMOB_Fz_0_150,052,-0.046301304100066255,-0.0986464034687576,0.05234509936869134,1000,True
ds006018,config4,M22_HJORTHMOB_Fz_0_150,031,-0.09571198181860775,0.0031919049094268443,-0.0989038867280346,1000,True
ds006018,config4,M22_HJORTHMOB_Fz_0_150,009,-0.011414588025691156,-0.05910154264940212,0.04768695462371097,1000,True
ds006018,config4,M22_HJORTHMOB_Fz_0_150,038,0.5817702429714562,-0.05821563328780679,0.639985876259263,15,False
ds006018,config4,M22_HJORTHMOB_Fz_0_150,007,0.19170779682496528,0.11532134035918559,0.07638645646577968,1000,True
ds006018,config4,M22_HJORTHMOB_Fz_0_150,053,-0.2900844889453859,0.011967924389650074,-0.30205241333503596,1000,True
ds006018,config4,M22_HJORTHMOB_Fz_0_150,054,-0.1453370681168048,-0.0043528608102785145,-0.14098420730652628,1000,True
ds006018,config4,M22_HJORTHMOB_Fz_0_150,065,0.1058276363120078,-0.01766889825963819,0.12349653457164599,1000,True
ds006018,config4,M23_HJORTHCPLX_Fz_0_150,021,0.05875995217105235,-0.0424229968094607,0.10118294898051305,1000,True
ds006018,config4,M23_HJORTHCPLX_Fz_0_150,026,0.04254849055703357,-0.03872299705737539,0.08127148761440897,1000,True
ds006018,config4,M23_HJORTHCPLX_Fz_0_150,019,0.16677081228813237,0.007467733631771584,0.15930307865636079,202,True
ds006018,config4,M23_HJORTHCPLX_Fz_0_150,010,-0.17830934580016827,0.0061014915350928265,-0.1844108373352611,1000,True
ds006018,config4,M23_HJORTHCPLX_Fz_0_150,017,-0.038964448318769905,0.01754489013151062,-0.05650933845028053,1000,True
ds006018,config4,M23_HJORTHCPLX_Fz_0_150,028,0.21186353805569835,0.01922798797552615,0.1926355500801722,1000,True
ds006018,config4,M23_HJORTHCPLX_Fz_0_150,043,0.039372523705497584,-0.003387342914918628,0.04275986662041621,1000,True
ds006018,config4,M23_HJORTHCPLX_Fz_0_150,075,-0.1603935699570443,-0.005061545001076524,-0.15533202495596776,1000,True
ds006018,config4,M23_HJORTHCPLX_Fz_0_150,081,-0.19907622642667086,0.09284680315681536,-0.2919230295834862,69,False
ds006018,config4,M23_HJORTHCPLX_Fz_0_150,016,-0.12249095028366203,0.036367180231376486,-0.1588581305150385,1000,True
ds006018,config4,M23_HJORTHCPLX_Fz_0_150,029,0.11159276984881095,0.03747228526234774,0.0741204845864632,1000,True
ds006018,config4,M23_HJORTHCPLX_Fz_0_150,011,-0.11406215167976196,-0.04033179044157407,-0.07373036123818788,1000,True
ds006018,config4,M23_HJORTHCPLX_Fz_0_150,027,0.012274345389685883,-0.005560624300393911,0.017834969690079795,1000,True
ds006018,config4,M23_HJORTHCPLX_Fz_0_150,018,0.12028760025800293,-0.07005954223109802,0.19034714248910095,1000,True
ds006018,config4,M23_HJORTHCPLX_Fz_0_150,020,0.026322905655958618,-0.04187516113124936,0.06819806678720798,999,True
ds006018,config4,M23_HJORTHCPLX_Fz_0_150,080,0.06620443460070549,-0.0014157110720631457,0.06762014567276864,1000,True
ds006018,config4,M23_HJORTHCPLX_Fz_0_150,074,-0.13895465759765258,-0.032708761630253,-0.10624589596739958,1000,True
ds006018,config4,M23_HJORTHCPLX_Fz_0_150,073,-0.2442752062093011,0.02349972871981125,-0.26777493492911236,1000,True
ds006018,config4,M23_HJORTHCPLX_Fz_0_150,045,-0.054946384267289296,-0.007935402826296376,-0.047010981440992916,698,True
ds006018,config4,M23_HJORTHCPLX_Fz_0_150,042,-0.09063568341723767,-0.025743995898241608,-0.06489168751899606,1000,True
ds006018,config4,M23_HJORTHCPLX_Fz_0_150,113,-0.42731274403595554,0.022034879501333947,-0.44934762353728946,1000,True
ds006018,config4,M23_HJORTHCPLX_Fz_0_150,114,0.42156109504106437,-0.0416172773893998,0.46317837243046417,1,False
ds006018,config4,M23_HJORTHCPLX_Fz_0_150,122,-0.20198131628797336,-0.07315927855086242,-0.12882203773711093,1000,True
ds006018,config4,M23_HJORTHCPLX_Fz_0_150,125,-0.1245349395734967,-0.005540142829751448,-0.11899479674374526,1000,True
ds006018,config4,M23_HJORTHCPLX_Fz_0_150,124,-0.006448508175004661,0.048509552151967984,-0.054958060326972646,999,True
ds006018,config4,M23_HJORTHCPLX_Fz_0_150,123,0.12453393164407323,0.0340403788482342,0.09049355279583902,1000,True
ds006018,config4,M23_HJORTHCPLX_Fz_0_150,115,-0.15050605871430367,-0.009050989526683382,-0.1414550691876203,1000,True
ds006018,config4,M23_HJORTHCPLX_Fz_0_150,112,-0.10126475898917014,-0.031872552790768546,-0.0693922061984016,1000,True
ds006018,config4,M23_HJORTHCPLX_Fz_0_150,060,-0.05234727799985753,0.017642526391559103,-0.06998980439141664,1000,True
ds006018,config4,M23_HJORTHCPLX_Fz_0_150,067,-0.1632696456719728,0.06050370035395019,-0.223773346025923,541,True
ds006018,config4,M23_HJORTHCPLX_Fz_0_150,058,-0.0002282092177494535,0.011359348187140125,-0.011587557404889579,953,True
ds006018,config4,M23_HJORTHCPLX_Fz_0_150,051,-0.11432343191204865,-0.006656946340507486,-0.10766648557154117,1000,True
ds006018,config4,M23_HJORTHCPLX_Fz_0_150,069,-0.1696348488649351,0.8530621654551113,-1.0226970143200464,4,False
ds006018,config4,M23_HJORTHCPLX_Fz_0_150,002,-0.13451977419831454,-0.003384610123799394,-0.13113516407451514,1000,True
ds006018,config4,M23_HJORTHCPLX_Fz_0_150,005,-0.11290595906276583,0.009297629501851134,-0.12220358856461697,1000,True
ds006018,config4,M23_HJORTHCPLX_Fz_0_150,033,0.2881845579539618,-0.0022046539076950354,0.29038921186165684,424,True
ds006018,config4,M23_HJORTHCPLX_Fz_0_150,034,0.04761380793931929,0.012590341940848938,0.03502346599847035,1000,True
ds006018,config4,M23_HJORTHCPLX_Fz_0_150,057,-0.05774381005094752,0.0026231972691387988,-0.06036700732008632,1000,True
ds006018,config4,M23_HJORTHCPLX_Fz_0_150,068,-0.03792611217724056,-0.011799560679039898,-0.026126551498200663,72,False
ds006018,config4,M23_HJORTHCPLX_Fz_0_150,050,0.28089914429903484,0.03487638793616136,0.2460227563628735,1000,True
ds006018,config4,M23_HJORTHCPLX_Fz_0_150,066,-0.16020839065046716,-0.019019658163058457,-0.1411887324874087,1000,True
ds006018,config4,M23_HJORTHCPLX_Fz_0_150,061,-0.040112901809328264,-0.02064442288702682,-0.019468478922301444,1000,True
ds006018,config4,M23_HJORTHCPLX_Fz_0_150,035,0.5554018872477187,0.004393394530668943,0.5510084927170498,1000,True
ds006018,config4,M23_HJORTHCPLX_Fz_0_150,032,-0.15729471867657027,-0.03477141490033317,-0.1225233037762371,1000,True
ds006018,config4,M23_HJORTHCPLX_Fz_0_150,004,0.17651370457498042,-0.018391823284274054,0.19490552785925447,1000,True
ds006018,config4,M23_HJORTHCPLX_Fz_0_150,003,-0.02172951701275182,0.030609937027077202,-0.05233945403982902,957,True
ds006018,config4,M23_HJORTHCPLX_Fz_0_150,078,-0.08544691988924816,0.07256992013187949,-0.15801684002112765,1000,True
ds006018,config4,M23_HJORTHCPLX_Fz_0_150,047,-0.15798345591890636,-0.05414556139483339,-0.10383789452407297,1000,True
ds006018,config4,M23_HJORTHCPLX_Fz_0_150,040,0.07804243864194559,-0.031903779320631355,0.10994621796257695,999,True
ds006018,config4,M23_HJORTHCPLX_Fz_0_150,049,-0.07195248683397741,-0.03690435842975197,-0.03504812840422544,998,True
ds006018,config4,M23_HJORTHCPLX_Fz_0_150,076,-0.07079685767050331,-0.004385980301371969,-0.06641087736913134,1000,True
ds006018,config4,M23_HJORTHCPLX_Fz_0_150,082,0.10502722784717981,-0.01767980149534855,0.12270702934252836,1000,True
ds006018,config4,M23_HJORTHCPLX_Fz_0_150,071,-0.0848893555317556,0.014534265506626206,-0.0994236210383818,922,True
ds006018,config4,M23_HJORTHCPLX_Fz_0_150,025,0.04087965530733556,0.045205111606525405,-0.004325456299189845,6,False
ds006018,config4,M23_HJORTHCPLX_Fz_0_150,022,0.19312086348423335,-0.04563842734625904,0.23875929083049238,1000,True
ds006018,config4,M23_HJORTHCPLX_Fz_0_150,014,0.04221409291776082,-0.016981389025199637,0.059195481942960454,1000,True
ds006018,config4,M23_HJORTHCPLX_Fz_0_150,013,-0.032479102652227705,0.04513186295896699,-0.0776109656111947,1000,True
ds006018,config4,M23_HJORTHCPLX_Fz_0_150,070,-0.001895357681034475,0.020162189342711176,-0.02205754702374565,1000,True
ds006018,config4,M23_HJORTHCPLX_Fz_0_150,048,0.24002401102970466,-0.0007376373339687614,0.24076164836367342,1000,True
ds006018,config4,M23_HJORTHCPLX_Fz_0_150,083,0.051498981473792727,-0.024556431324213084,0.07605541279800582,1000,True
ds006018,config4,M23_HJORTHCPLX_Fz_0_150,077,-0.28966354692999685,-0.01763937268538611,-0.27202417424461073,841,True
ds006018,config4,M23_HJORTHCPLX_Fz_0_150,079,-0.10284678277502306,-0.037929999888773824,-0.06491678288624923,1000,True
ds006018,config4,M23_HJORTHCPLX_Fz_0_150,046,0.04383090994344322,-0.0011953755014483176,0.04502628544489154,449,True
ds006018,config4,M23_HJORTHCPLX_Fz_0_150,012,-0.14062299190733007,0.017106052740485045,-0.15772904464781512,1000,True
ds006018,config4,M23_HJORTHCPLX_Fz_0_150,015,0.19614121434188483,0.028329988660125226,0.1678112256817596,464,True
ds006018,config4,M23_HJORTHCPLX_Fz_0_150,023,0.05559452764010068,-0.0025456589642196574,0.05814018660432033,1000,True
ds006018,config4,M23_HJORTHCPLX_Fz_0_150,024,0.038661185693236205,-0.007551372553329239,0.04621255824656544,1000,True
ds006018,config4,M23_HJORTHCPLX_Fz_0_150,117,0.049402455821365945,-0.033302793352402306,0.08270524917376826,1000,True
ds006018,config4,M23_HJORTHCPLX_Fz_0_150,119,0.1530464230256016,0.057905719310839564,0.09514070371476202,1000,True
ds006018,config4,M23_HJORTHCPLX_Fz_0_150,121,0.17967995809542162,-0.012570609553799485,0.1922505676492211,1000,True
ds006018,config4,M23_HJORTHCPLX_Fz_0_150,118,-0.2527020390657222,-0.06134076867271332,-0.19136127039300888,605,True
ds006018,config4,M23_HJORTHCPLX_Fz_0_150,111,-0.005867840494775071,0.02385720606811926,-0.02972504656289433,1000,True
ds006018,config4,M23_HJORTHCPLX_Fz_0_150,116,-0.06384556603709007,-0.03193009359585296,-0.03191547244123712,271,True
ds006018,config4,M23_HJORTHCPLX_Fz_0_150,039,-0.09838730121522014,-0.06718363942315711,-0.031203661792063034,1000,True
ds006018,config4,M23_HJORTHCPLX_Fz_0_150,006,0.29258423640633907,0.032552178180282644,0.2600320582260564,1000,True
ds006018,config4,M23_HJORTHCPLX_Fz_0_150,001,-0.03714310404765587,-0.009747347185341409,-0.02739575686231446,971,True
ds006018,config4,M23_HJORTHCPLX_Fz_0_150,008,-0.3765929840851073,-0.008085362553152804,-0.3685076215319545,1000,True
ds006018,config4,M23_HJORTHCPLX_Fz_0_150,037,-0.10076910298428257,0.05942821140862262,-0.1601973143929052,999,True
ds006018,config4,M23_HJORTHCPLX_Fz_0_150,030,-0.0796259460755512,-0.018764590886017243,-0.06086135518953395,1000,True
ds006018,config4,M23_HJORTHCPLX_Fz_0_150,064,-0.043342862571723074,-0.004143885664575342,-0.039198976907147735,1000,True
ds006018,config4,M23_HJORTHCPLX_Fz_0_150,063,-0.09955257547550876,-0.0077771906535970175,-0.09177538482191175,1000,True
ds006018,config4,M23_HJORTHCPLX_Fz_0_150,055,-0.6348043788647177,0.003934267441486121,-0.6387386463062039,209,True
ds006018,config4,M23_HJORTHCPLX_Fz_0_150,052,-0.05383932850631518,0.057382348202886034,-0.11122167670920122,1000,True
ds006018,config4,M23_HJORTHCPLX_Fz_0_150,031,0.06719224600614486,0.00648042480899005,0.06071182119715481,1000,True
ds006018,config4,M23_HJORTHCPLX_Fz_0_150,009,0.05662414158193293,0.060604286746441735,-0.003980145164508807,1000,True
ds006018,config4,M23_HJORTHCPLX_Fz_0_150,038,-0.5233085218303196,0.10572688849996505,-0.6290354103302847,15,False
ds006018,config4,M23_HJORTHCPLX_Fz_0_150,007,-0.16096507058650675,-0.03182552434076959,-0.12913954624573715,1000,True
ds006018,config4,M23_HJORTHCPLX_Fz_0_150,053,0.14314131433108757,-0.003596512410452715,0.1467378267415403,1000,True
ds006018,config4,M23_HJORTHCPLX_Fz_0_150,054,0.04160067715501482,-0.012533829873190315,0.05413450702820514,1000,True
ds006018,config4,M23_HJORTHCPLX_Fz_0_150,065,-0.049633469646765994,-0.0033474858407946534,-0.04628598380597134,1000,True
